subject,session,run,channel,type
1,0,0R1acquisition,Fz,eeg
1,0,0R1acquisition,FCz,eeg
1,0,0R1acquisition,Cz,eeg
1,0,0R1acquisition,CPz,eeg
1,0,0R1acquisition,Pz,eeg
1,0,0R1acquisition,C1,eeg
1,0,0R1acquisition,C3,eeg
1,0,0R1acquisition,C5,eeg
1,0,0R1acquisition,C2,eeg
1,0,0R1acquisition,C4,eeg
1,0,0R1acquisition,C6,eeg
1,0,0R1acquisition,EOG1,eog
1,0,0R1acquisition,EOG2,eog
1,0,0R1acquisition,EOG3,eog
1,0,0R1acquisition,EMGg,emg
1,0,0R1acquisition,EMGd,emg
1,0,0R1acquisition,F4,eeg
1,0,0R1acquisition,FC2,eeg
1,0,0R1acquisition,FC4,eeg
1,0,0R1acquisition,FC6,eeg
1,0,0R1acquisition,CP2,eeg
1,0,0R1acquisition,CP4,eeg
1,0,0R1acquisition,CP6,eeg
1,0,0R1acquisition,P4,eeg
1,0,0R1acquisition,F3,eeg
1,0,0R1acquisition,FC1,eeg
1,0,0R1acquisition,FC3,eeg
1,0,0R1acquisition,FC5,eeg
1,0,0R1acquisition,CP1,eeg
1,0,0R1acquisition,CP3,eeg
1,0,0R1acquisition,CP5,eeg
1,0,0R1acquisition,P3,eeg
1,0,1R2acquisition,Fz,eeg
1,0,1R2acquisition,FCz,eeg
1,0,1R2acquisition,Cz,eeg
1,0,1R2acquisition,CPz,eeg
1,0,1R2acquisition,Pz,eeg
1,0,1R2acquisition,C1,eeg
1,0,1R2acquisition,C3,eeg
1,0,1R2acquisition,C5,eeg
1,0,1R2acquisition,C2,eeg
1,0,1R2acquisition,C4,eeg
1,0,1R2acquisition,C6,eeg
1,0,1R2acquisition,EOG1,eog
1,0,1R2acquisition,EOG2,eog
1,0,1R2acquisition,EOG3,eog
1,0,1R2acquisition,EMGg,emg
1,0,1R2acquisition,EMGd,emg
1,0,1R2acquisition,F4,eeg
1,0,1R2acquisition,FC2,eeg
1,0,1R2acquisition,FC4,eeg
1,0,1R2acquisition,FC6,eeg
1,0,1R2acquisition,CP2,eeg
1,0,1R2acquisition,CP4,eeg
1,0,1R2acquisition,CP6,eeg
1,0,1R2acquisition,P4,eeg
1,0,1R2acquisition,F3,eeg
1,0,1R2acquisition,FC1,eeg
1,0,1R2acquisition,FC3,eeg
1,0,1R2acquisition,FC5,eeg
1,0,1R2acquisition,CP1,eeg
1,0,1R2acquisition,CP3,eeg
1,0,1R2acquisition,CP5,eeg
1,0,1R2acquisition,P3,eeg
1,0,2R3online,Fz,eeg
1,0,2R3online,FCz,eeg
1,0,2R3online,Cz,eeg
1,0,2R3online,CPz,eeg
1,0,2R3online,Pz,eeg
1,0,2R3online,C1,eeg
1,0,2R3online,C3,eeg
1,0,2R3online,C5,eeg
1,0,2R3online,C2,eeg
1,0,2R3online,C4,eeg
1,0,2R3online,C6,eeg
1,0,2R3online,EOG1,eog
1,0,2R3online,EOG2,eog
1,0,2R3online,EOG3,eog
1,0,2R3online,EMGg,emg
1,0,2R3online,EMGd,emg
1,0,2R3online,F4,eeg
1,0,2R3online,FC2,eeg
1,0,2R3online,FC4,eeg
1,0,2R3online,FC6,eeg
1,0,2R3online,CP2,eeg
1,0,2R3online,CP4,eeg
1,0,2R3online,CP6,eeg
1,0,2R3online,P4,eeg
1,0,2R3online,F3,eeg
1,0,2R3online,FC1,eeg
1,0,2R3online,FC3,eeg
1,0,2R3online,FC5,eeg
1,0,2R3online,CP1,eeg
1,0,2R3online,CP3,eeg
1,0,2R3online,CP5,eeg
1,0,2R3online,P3,eeg
1,0,3R4online,Fz,eeg
1,0,3R4online,FCz,eeg
1,0,3R4online,Cz,eeg
1,0,3R4online,CPz,eeg
1,0,3R4online,Pz,eeg
1,0,3R4online,C1,eeg
1,0,3R4online,C3,eeg
1,0,3R4online,C5,eeg
1,0,3R4online,C2,eeg
1,0,3R4online,C4,eeg
1,0,3R4online,C6,eeg
1,0,3R4online,EOG1,eog
1,0,3R4online,EOG2,eog
1,0,3R4online,EOG3,eog
1,0,3R4online,EMGg,emg
1,0,3R4online,EMGd,emg
1,0,3R4online,F4,eeg
1,0,3R4online,FC2,eeg
1,0,3R4online,FC4,eeg
1,0,3R4online,FC6,eeg
1,0,3R4online,CP2,eeg
1,0,3R4online,CP4,eeg
1,0,3R4online,CP6,eeg
1,0,3R4online,P4,eeg
1,0,3R4online,F3,eeg
1,0,3R4online,FC1,eeg
1,0,3R4online,FC3,eeg
1,0,3R4online,FC5,eeg
1,0,3R4online,CP1,eeg
1,0,3R4online,CP3,eeg
1,0,3R4online,CP5,eeg
1,0,3R4online,P3,eeg
1,0,4R5online,Fz,eeg
1,0,4R5online,FCz,eeg
1,0,4R5online,Cz,eeg
1,0,4R5online,CPz,eeg
1,0,4R5online,Pz,eeg
1,0,4R5online,C1,eeg
1,0,4R5online,C3,eeg
1,0,4R5online,C5,eeg
1,0,4R5online,C2,eeg
1,0,4R5online,C4,eeg
1,0,4R5online,C6,eeg
1,0,4R5online,EOG1,eog
1,0,4R5online,EOG2,eog
1,0,4R5online,EOG3,eog
1,0,4R5online,EMGg,emg
1,0,4R5online,EMGd,emg
1,0,4R5online,F4,eeg
1,0,4R5online,FC2,eeg
1,0,4R5online,FC4,eeg
1,0,4R5online,FC6,eeg
1,0,4R5online,CP2,eeg
1,0,4R5online,CP4,eeg
1,0,4R5online,CP6,eeg
1,0,4R5online,P4,eeg
1,0,4R5online,F3,eeg
1,0,4R5online,FC1,eeg
1,0,4R5online,FC3,eeg
1,0,4R5online,FC5,eeg
1,0,4R5online,CP1,eeg
1,0,4R5online,CP3,eeg
1,0,4R5online,CP5,eeg
1,0,4R5online,P3,eeg
1,0,5R6online,Fz,eeg
1,0,5R6online,FCz,eeg
1,0,5R6online,Cz,eeg
1,0,5R6online,CPz,eeg
1,0,5R6online,Pz,eeg
1,0,5R6online,C1,eeg
1,0,5R6online,C3,eeg
1,0,5R6online,C5,eeg
1,0,5R6online,C2,eeg
1,0,5R6online,C4,eeg
1,0,5R6online,C6,eeg
1,0,5R6online,EOG1,eog
1,0,5R6online,EOG2,eog
1,0,5R6online,EOG3,eog
1,0,5R6online,EMGg,emg
1,0,5R6online,EMGd,emg
1,0,5R6online,F4,eeg
1,0,5R6online,FC2,eeg
1,0,5R6online,FC4,eeg
1,0,5R6online,FC6,eeg
1,0,5R6online,CP2,eeg
1,0,5R6online,CP4,eeg
1,0,5R6online,CP6,eeg
1,0,5R6online,P4,eeg
1,0,5R6online,F3,eeg
1,0,5R6online,FC1,eeg
1,0,5R6online,FC3,eeg
1,0,5R6online,FC5,eeg
1,0,5R6online,CP1,eeg
1,0,5R6online,CP3,eeg
1,0,5R6online,CP5,eeg
1,0,5R6online,P3,eeg
2,0,0R1acquisition,Fz,eeg
2,0,0R1acquisition,FCz,eeg
2,0,0R1acquisition,Cz,eeg
2,0,0R1acquisition,CPz,eeg
2,0,0R1acquisition,Pz,eeg
2,0,0R1acquisition,C1,eeg
2,0,0R1acquisition,C3,eeg
2,0,0R1acquisition,C5,eeg
2,0,0R1acquisition,C2,eeg
2,0,0R1acquisition,C4,eeg
2,0,0R1acquisition,C6,eeg
2,0,0R1acquisition,EOG1,eog
2,0,0R1acquisition,EOG2,eog
2,0,0R1acquisition,EOG3,eog
2,0,0R1acquisition,EMGg,emg
2,0,0R1acquisition,EMGd,emg
2,0,0R1acquisition,F4,eeg
2,0,0R1acquisition,FC2,eeg
2,0,0R1acquisition,FC4,eeg
2,0,0R1acquisition,FC6,eeg
2,0,0R1acquisition,CP2,eeg
2,0,0R1acquisition,CP4,eeg
2,0,0R1acquisition,CP6,eeg
2,0,0R1acquisition,P4,eeg
2,0,0R1acquisition,F3,eeg
2,0,0R1acquisition,FC1,eeg
2,0,0R1acquisition,FC3,eeg
2,0,0R1acquisition,FC5,eeg
2,0,0R1acquisition,CP1,eeg
2,0,0R1acquisition,CP3,eeg
2,0,0R1acquisition,CP5,eeg
2,0,0R1acquisition,P3,eeg
2,0,1R2acquisition,Fz,eeg
2,0,1R2acquisition,FCz,eeg
2,0,1R2acquisition,Cz,eeg
2,0,1R2acquisition,CPz,eeg
2,0,1R2acquisition,Pz,eeg
2,0,1R2acquisition,C1,eeg
2,0,1R2acquisition,C3,eeg
2,0,1R2acquisition,C5,eeg
2,0,1R2acquisition,C2,eeg
2,0,1R2acquisition,C4,eeg
2,0,1R2acquisition,C6,eeg
2,0,1R2acquisition,EOG1,eog
2,0,1R2acquisition,EOG2,eog
2,0,1R2acquisition,EOG3,eog
2,0,1R2acquisition,EMGg,emg
2,0,1R2acquisition,EMGd,emg
2,0,1R2acquisition,F4,eeg
2,0,1R2acquisition,FC2,eeg
2,0,1R2acquisition,FC4,eeg
2,0,1R2acquisition,FC6,eeg
2,0,1R2acquisition,CP2,eeg
2,0,1R2acquisition,CP4,eeg
2,0,1R2acquisition,CP6,eeg
2,0,1R2acquisition,P4,eeg
2,0,1R2acquisition,F3,eeg
2,0,1R2acquisition,FC1,eeg
2,0,1R2acquisition,FC3,eeg
2,0,1R2acquisition,FC5,eeg
2,0,1R2acquisition,CP1,eeg
2,0,1R2acquisition,CP3,eeg
2,0,1R2acquisition,CP5,eeg
2,0,1R2acquisition,P3,eeg
2,0,2R3online,Fz,eeg
2,0,2R3online,FCz,eeg
2,0,2R3online,Cz,eeg
2,0,2R3online,CPz,eeg
2,0,2R3online,Pz,eeg
2,0,2R3online,C1,eeg
2,0,2R3online,C3,eeg
2,0,2R3online,C5,eeg
2,0,2R3online,C2,eeg
2,0,2R3online,C4,eeg
2,0,2R3online,C6,eeg
2,0,2R3online,EOG1,eog
2,0,2R3online,EOG2,eog
2,0,2R3online,EOG3,eog
2,0,2R3online,EMGg,emg
2,0,2R3online,EMGd,emg
2,0,2R3online,F4,eeg
2,0,2R3online,FC2,eeg
2,0,2R3online,FC4,eeg
2,0,2R3online,FC6,eeg
2,0,2R3online,CP2,eeg
2,0,2R3online,CP4,eeg
2,0,2R3online,CP6,eeg
2,0,2R3online,P4,eeg
2,0,2R3online,F3,eeg
2,0,2R3online,FC1,eeg
2,0,2R3online,FC3,eeg
2,0,2R3online,FC5,eeg
2,0,2R3online,CP1,eeg
2,0,2R3online,CP3,eeg
2,0,2R3online,CP5,eeg
2,0,2R3online,P3,eeg
2,0,3R4online,Fz,eeg
2,0,3R4online,FCz,eeg
2,0,3R4online,Cz,eeg
2,0,3R4online,CPz,eeg
2,0,3R4online,Pz,eeg
2,0,3R4online,C1,eeg
2,0,3R4online,C3,eeg
2,0,3R4online,C5,eeg
2,0,3R4online,C2,eeg
2,0,3R4online,C4,eeg
2,0,3R4online,C6,eeg
2,0,3R4online,EOG1,eog
2,0,3R4online,EOG2,eog
2,0,3R4online,EOG3,eog
2,0,3R4online,EMGg,emg
2,0,3R4online,EMGd,emg
2,0,3R4online,F4,eeg
2,0,3R4online,FC2,eeg
2,0,3R4online,FC4,eeg
2,0,3R4online,FC6,eeg
2,0,3R4online,CP2,eeg
2,0,3R4online,CP4,eeg
2,0,3R4online,CP6,eeg
2,0,3R4online,P4,eeg
2,0,3R4online,F3,eeg
2,0,3R4online,FC1,eeg
2,0,3R4online,FC3,eeg
2,0,3R4online,FC5,eeg
2,0,3R4online,CP1,eeg
2,0,3R4online,CP3,eeg
2,0,3R4online,CP5,eeg
2,0,3R4online,P3,eeg
2,0,4R5online,Fz,eeg
2,0,4R5online,FCz,eeg
2,0,4R5online,Cz,eeg
2,0,4R5online,CPz,eeg
2,0,4R5online,Pz,eeg
2,0,4R5online,C1,eeg
2,0,4R5online,C3,eeg
2,0,4R5online,C5,eeg
2,0,4R5online,C2,eeg
2,0,4R5online,C4,eeg
2,0,4R5online,C6,eeg
2,0,4R5online,EOG1,eog
2,0,4R5online,EOG2,eog
2,0,4R5online,EOG3,eog
2,0,4R5online,EMGg,emg
2,0,4R5online,EMGd,emg
2,0,4R5online,F4,eeg
2,0,4R5online,FC2,eeg
2,0,4R5online,FC4,eeg
2,0,4R5online,FC6,eeg
2,0,4R5online,CP2,eeg
2,0,4R5online,CP4,eeg
2,0,4R5online,CP6,eeg
2,0,4R5online,P4,eeg
2,0,4R5online,F3,eeg
2,0,4R5online,FC1,eeg
2,0,4R5online,FC3,eeg
2,0,4R5online,FC5,eeg
2,0,4R5online,CP1,eeg
2,0,4R5online,CP3,eeg
2,0,4R5online,CP5,eeg
2,0,4R5online,P3,eeg
2,0,5R6online,Fz,eeg
2,0,5R6online,FCz,eeg
2,0,5R6online,Cz,eeg
2,0,5R6online,CPz,eeg
2,0,5R6online,Pz,eeg
2,0,5R6online,C1,eeg
2,0,5R6online,C3,eeg
2,0,5R6online,C5,eeg
2,0,5R6online,C2,eeg
2,0,5R6online,C4,eeg
2,0,5R6online,C6,eeg
2,0,5R6online,EOG1,eog
2,0,5R6online,EOG2,eog
2,0,5R6online,EOG3,eog
2,0,5R6online,EMGg,emg
2,0,5R6online,EMGd,emg
2,0,5R6online,F4,eeg
2,0,5R6online,FC2,eeg
2,0,5R6online,FC4,eeg
2,0,5R6online,FC6,eeg
2,0,5R6online,CP2,eeg
2,0,5R6online,CP4,eeg
2,0,5R6online,CP6,eeg
2,0,5R6online,P4,eeg
2,0,5R6online,F3,eeg
2,0,5R6online,FC1,eeg
2,0,5R6online,FC3,eeg
2,0,5R6online,FC5,eeg
2,0,5R6online,CP1,eeg
2,0,5R6online,CP3,eeg
2,0,5R6online,CP5,eeg
2,0,5R6online,P3,eeg
3,0,0R1acquisition,Fz,eeg
3,0,0R1acquisition,FCz,eeg
3,0,0R1acquisition,Cz,eeg
3,0,0R1acquisition,CPz,eeg
3,0,0R1acquisition,Pz,eeg
3,0,0R1acquisition,C1,eeg
3,0,0R1acquisition,C3,eeg
3,0,0R1acquisition,C5,eeg
3,0,0R1acquisition,C2,eeg
3,0,0R1acquisition,C4,eeg
3,0,0R1acquisition,C6,eeg
3,0,0R1acquisition,EOG1,eog
3,0,0R1acquisition,EOG2,eog
3,0,0R1acquisition,EOG3,eog
3,0,0R1acquisition,EMGg,emg
3,0,0R1acquisition,EMGd,emg
3,0,0R1acquisition,F4,eeg
3,0,0R1acquisition,FC2,eeg
3,0,0R1acquisition,FC4,eeg
3,0,0R1acquisition,FC6,eeg
3,0,0R1acquisition,CP2,eeg
3,0,0R1acquisition,CP4,eeg
3,0,0R1acquisition,CP6,eeg
3,0,0R1acquisition,P4,eeg
3,0,0R1acquisition,F3,eeg
3,0,0R1acquisition,FC1,eeg
3,0,0R1acquisition,FC3,eeg
3,0,0R1acquisition,FC5,eeg
3,0,0R1acquisition,CP1,eeg
3,0,0R1acquisition,CP3,eeg
3,0,0R1acquisition,CP5,eeg
3,0,0R1acquisition,P3,eeg
3,0,1R2acquisition,Fz,eeg
3,0,1R2acquisition,FCz,eeg
3,0,1R2acquisition,Cz,eeg
3,0,1R2acquisition,CPz,eeg
3,0,1R2acquisition,Pz,eeg
3,0,1R2acquisition,C1,eeg
3,0,1R2acquisition,C3,eeg
3,0,1R2acquisition,C5,eeg
3,0,1R2acquisition,C2,eeg
3,0,1R2acquisition,C4,eeg
3,0,1R2acquisition,C6,eeg
3,0,1R2acquisition,EOG1,eog
3,0,1R2acquisition,EOG2,eog
3,0,1R2acquisition,EOG3,eog
3,0,1R2acquisition,EMGg,emg
3,0,1R2acquisition,EMGd,emg
3,0,1R2acquisition,F4,eeg
3,0,1R2acquisition,FC2,eeg
3,0,1R2acquisition,FC4,eeg
3,0,1R2acquisition,FC6,eeg
3,0,1R2acquisition,CP2,eeg
3,0,1R2acquisition,CP4,eeg
3,0,1R2acquisition,CP6,eeg
3,0,1R2acquisition,P4,eeg
3,0,1R2acquisition,F3,eeg
3,0,1R2acquisition,FC1,eeg
3,0,1R2acquisition,FC3,eeg
3,0,1R2acquisition,FC5,eeg
3,0,1R2acquisition,CP1,eeg
3,0,1R2acquisition,CP3,eeg
3,0,1R2acquisition,CP5,eeg
3,0,1R2acquisition,P3,eeg
3,0,2R3online,Fz,eeg
3,0,2R3online,FCz,eeg
3,0,2R3online,Cz,eeg
3,0,2R3online,CPz,eeg
3,0,2R3online,Pz,eeg
3,0,2R3online,C1,eeg
3,0,2R3online,C3,eeg
3,0,2R3online,C5,eeg
3,0,2R3online,C2,eeg
3,0,2R3online,C4,eeg
3,0,2R3online,C6,eeg
3,0,2R3online,EOG1,eog
3,0,2R3online,EOG2,eog
3,0,2R3online,EOG3,eog
3,0,2R3online,EMGg,emg
3,0,2R3online,EMGd,emg
3,0,2R3online,F4,eeg
3,0,2R3online,FC2,eeg
3,0,2R3online,FC4,eeg
3,0,2R3online,FC6,eeg
3,0,2R3online,CP2,eeg
3,0,2R3online,CP4,eeg
3,0,2R3online,CP6,eeg
3,0,2R3online,P4,eeg
3,0,2R3online,F3,eeg
3,0,2R3online,FC1,eeg
3,0,2R3online,FC3,eeg
3,0,2R3online,FC5,eeg
3,0,2R3online,CP1,eeg
3,0,2R3online,CP3,eeg
3,0,2R3online,CP5,eeg
3,0,2R3online,P3,eeg
3,0,3R4online,Fz,eeg
3,0,3R4online,FCz,eeg
3,0,3R4online,Cz,eeg
3,0,3R4online,CPz,eeg
3,0,3R4online,Pz,eeg
3,0,3R4online,C1,eeg
3,0,3R4online,C3,eeg
3,0,3R4online,C5,eeg
3,0,3R4online,C2,eeg
3,0,3R4online,C4,eeg
3,0,3R4online,C6,eeg
3,0,3R4online,EOG1,eog
3,0,3R4online,EOG2,eog
3,0,3R4online,EOG3,eog
3,0,3R4online,EMGg,emg
3,0,3R4online,EMGd,emg
3,0,3R4online,F4,eeg
3,0,3R4online,FC2,eeg
3,0,3R4online,FC4,eeg
3,0,3R4online,FC6,eeg
3,0,3R4online,CP2,eeg
3,0,3R4online,CP4,eeg
3,0,3R4online,CP6,eeg
3,0,3R4online,P4,eeg
3,0,3R4online,F3,eeg
3,0,3R4online,FC1,eeg
3,0,3R4online,FC3,eeg
3,0,3R4online,FC5,eeg
3,0,3R4online,CP1,eeg
3,0,3R4online,CP3,eeg
3,0,3R4online,CP5,eeg
3,0,3R4online,P3,eeg
3,0,4R5online,Fz,eeg
3,0,4R5online,FCz,eeg
3,0,4R5online,Cz,eeg
3,0,4R5online,CPz,eeg
3,0,4R5online,Pz,eeg
3,0,4R5online,C1,eeg
3,0,4R5online,C3,eeg
3,0,4R5online,C5,eeg
3,0,4R5online,C2,eeg
3,0,4R5online,C4,eeg
3,0,4R5online,C6,eeg
3,0,4R5online,EOG1,eog
3,0,4R5online,EOG2,eog
3,0,4R5online,EOG3,eog
3,0,4R5online,EMGg,emg
3,0,4R5online,EMGd,emg
3,0,4R5online,F4,eeg
3,0,4R5online,FC2,eeg
3,0,4R5online,FC4,eeg
3,0,4R5online,FC6,eeg
3,0,4R5online,CP2,eeg
3,0,4R5online,CP4,eeg
3,0,4R5online,CP6,eeg
3,0,4R5online,P4,eeg
3,0,4R5online,F3,eeg
3,0,4R5online,FC1,eeg
3,0,4R5online,FC3,eeg
3,0,4R5online,FC5,eeg
3,0,4R5online,CP1,eeg
3,0,4R5online,CP3,eeg
3,0,4R5online,CP5,eeg
3,0,4R5online,P3,eeg
3,0,5R6online,Fz,eeg
3,0,5R6online,FCz,eeg
3,0,5R6online,Cz,eeg
3,0,5R6online,CPz,eeg
3,0,5R6online,Pz,eeg
3,0,5R6online,C1,eeg
3,0,5R6online,C3,eeg
3,0,5R6online,C5,eeg
3,0,5R6online,C2,eeg
3,0,5R6online,C4,eeg
3,0,5R6online,C6,eeg
3,0,5R6online,EOG1,eog
3,0,5R6online,EOG2,eog
3,0,5R6online,EOG3,eog
3,0,5R6online,EMGg,emg
3,0,5R6online,EMGd,emg
3,0,5R6online,F4,eeg
3,0,5R6online,FC2,eeg
3,0,5R6online,FC4,eeg
3,0,5R6online,FC6,eeg
3,0,5R6online,CP2,eeg
3,0,5R6online,CP4,eeg
3,0,5R6online,CP6,eeg
3,0,5R6online,P4,eeg
3,0,5R6online,F3,eeg
3,0,5R6online,FC1,eeg
3,0,5R6online,FC3,eeg
3,0,5R6online,FC5,eeg
3,0,5R6online,CP1,eeg
3,0,5R6online,CP3,eeg
3,0,5R6online,CP5,eeg
3,0,5R6online,P3,eeg
4,0,0R1acquisition,Fz,eeg
4,0,0R1acquisition,FCz,eeg
4,0,0R1acquisition,Cz,eeg
4,0,0R1acquisition,CPz,eeg
4,0,0R1acquisition,Pz,eeg
4,0,0R1acquisition,C1,eeg
4,0,0R1acquisition,C3,eeg
4,0,0R1acquisition,C5,eeg
4,0,0R1acquisition,C2,eeg
4,0,0R1acquisition,C4,eeg
4,0,0R1acquisition,C6,eeg
4,0,0R1acquisition,EOG1,eog
4,0,0R1acquisition,EOG2,eog
4,0,0R1acquisition,EOG3,eog
4,0,0R1acquisition,EMGg,emg
4,0,0R1acquisition,EMGd,emg
4,0,0R1acquisition,F4,eeg
4,0,0R1acquisition,FC2,eeg
4,0,0R1acquisition,FC4,eeg
4,0,0R1acquisition,FC6,eeg
4,0,0R1acquisition,CP2,eeg
4,0,0R1acquisition,CP4,eeg
4,0,0R1acquisition,CP6,eeg
4,0,0R1acquisition,P4,eeg
4,0,0R1acquisition,F3,eeg
4,0,0R1acquisition,FC1,eeg
4,0,0R1acquisition,FC3,eeg
4,0,0R1acquisition,FC5,eeg
4,0,0R1acquisition,CP1,eeg
4,0,0R1acquisition,CP3,eeg
4,0,0R1acquisition,CP5,eeg
4,0,0R1acquisition,P3,eeg
4,0,1R2acquisition,Fz,eeg
4,0,1R2acquisition,FCz,eeg
4,0,1R2acquisition,Cz,eeg
4,0,1R2acquisition,CPz,eeg
4,0,1R2acquisition,Pz,eeg
4,0,1R2acquisition,C1,eeg
4,0,1R2acquisition,C3,eeg
4,0,1R2acquisition,C5,eeg
4,0,1R2acquisition,C2,eeg
4,0,1R2acquisition,C4,eeg
4,0,1R2acquisition,C6,eeg
4,0,1R2acquisition,EOG1,eog
4,0,1R2acquisition,EOG2,eog
4,0,1R2acquisition,EOG3,eog
4,0,1R2acquisition,EMGg,emg
4,0,1R2acquisition,EMGd,emg
4,0,1R2acquisition,F4,eeg
4,0,1R2acquisition,FC2,eeg
4,0,1R2acquisition,FC4,eeg
4,0,1R2acquisition,FC6,eeg
4,0,1R2acquisition,CP2,eeg
4,0,1R2acquisition,CP4,eeg
4,0,1R2acquisition,CP6,eeg
4,0,1R2acquisition,P4,eeg
4,0,1R2acquisition,F3,eeg
4,0,1R2acquisition,FC1,eeg
4,0,1R2acquisition,FC3,eeg
4,0,1R2acquisition,FC5,eeg
4,0,1R2acquisition,CP1,eeg
4,0,1R2acquisition,CP3,eeg
4,0,1R2acquisition,CP5,eeg
4,0,1R2acquisition,P3,eeg
4,0,2R3online,Fz,eeg
4,0,2R3online,FCz,eeg
4,0,2R3online,Cz,eeg
4,0,2R3online,CPz,eeg
4,0,2R3online,Pz,eeg
4,0,2R3online,C1,eeg
4,0,2R3online,C3,eeg
4,0,2R3online,C5,eeg
4,0,2R3online,C2,eeg
4,0,2R3online,C4,eeg
4,0,2R3online,C6,eeg
4,0,2R3online,EOG1,eog
4,0,2R3online,EOG2,eog
4,0,2R3online,EOG3,eog
4,0,2R3online,EMGg,emg
4,0,2R3online,EMGd,emg
4,0,2R3online,F4,eeg
4,0,2R3online,FC2,eeg
4,0,2R3online,FC4,eeg
4,0,2R3online,FC6,eeg
4,0,2R3online,CP2,eeg
4,0,2R3online,CP4,eeg
4,0,2R3online,CP6,eeg
4,0,2R3online,P4,eeg
4,0,2R3online,F3,eeg
4,0,2R3online,FC1,eeg
4,0,2R3online,FC3,eeg
4,0,2R3online,FC5,eeg
4,0,2R3online,CP1,eeg
4,0,2R3online,CP3,eeg
4,0,2R3online,CP5,eeg
4,0,2R3online,P3,eeg
4,0,3R4online,Fz,eeg
4,0,3R4online,FCz,eeg
4,0,3R4online,Cz,eeg
4,0,3R4online,CPz,eeg
4,0,3R4online,Pz,eeg
4,0,3R4online,C1,eeg
4,0,3R4online,C3,eeg
4,0,3R4online,C5,eeg
4,0,3R4online,C2,eeg
4,0,3R4online,C4,eeg
4,0,3R4online,C6,eeg
4,0,3R4online,EOG1,eog
4,0,3R4online,EOG2,eog
4,0,3R4online,EOG3,eog
4,0,3R4online,EMGg,emg
4,0,3R4online,EMGd,emg
4,0,3R4online,F4,eeg
4,0,3R4online,FC2,eeg
4,0,3R4online,FC4,eeg
4,0,3R4online,FC6,eeg
4,0,3R4online,CP2,eeg
4,0,3R4online,CP4,eeg
4,0,3R4online,CP6,eeg
4,0,3R4online,P4,eeg
4,0,3R4online,F3,eeg
4,0,3R4online,FC1,eeg
4,0,3R4online,FC3,eeg
4,0,3R4online,FC5,eeg
4,0,3R4online,CP1,eeg
4,0,3R4online,CP3,eeg
4,0,3R4online,CP5,eeg
4,0,3R4online,P3,eeg
4,0,4R5online,Fz,eeg
4,0,4R5online,FCz,eeg
4,0,4R5online,Cz,eeg
4,0,4R5online,CPz,eeg
4,0,4R5online,Pz,eeg
4,0,4R5online,C1,eeg
4,0,4R5online,C3,eeg
4,0,4R5online,C5,eeg
4,0,4R5online,C2,eeg
4,0,4R5online,C4,eeg
4,0,4R5online,C6,eeg
4,0,4R5online,EOG1,eog
4,0,4R5online,EOG2,eog
4,0,4R5online,EOG3,eog
4,0,4R5online,EMGg,emg
4,0,4R5online,EMGd,emg
4,0,4R5online,F4,eeg
4,0,4R5online,FC2,eeg
4,0,4R5online,FC4,eeg
4,0,4R5online,FC6,eeg
4,0,4R5online,CP2,eeg
4,0,4R5online,CP4,eeg
4,0,4R5online,CP6,eeg
4,0,4R5online,P4,eeg
4,0,4R5online,F3,eeg
4,0,4R5online,FC1,eeg
4,0,4R5online,FC3,eeg
4,0,4R5online,FC5,eeg
4,0,4R5online,CP1,eeg
4,0,4R5online,CP3,eeg
4,0,4R5online,CP5,eeg
4,0,4R5online,P3,eeg
4,0,5R6online,Fz,eeg
4,0,5R6online,FCz,eeg
4,0,5R6online,Cz,eeg
4,0,5R6online,CPz,eeg
4,0,5R6online,Pz,eeg
4,0,5R6online,C1,eeg
4,0,5R6online,C3,eeg
4,0,5R6online,C5,eeg
4,0,5R6online,C2,eeg
4,0,5R6online,C4,eeg
4,0,5R6online,C6,eeg
4,0,5R6online,EOG1,eog
4,0,5R6online,EOG2,eog
4,0,5R6online,EOG3,eog
4,0,5R6online,EMGg,emg
4,0,5R6online,EMGd,emg
4,0,5R6online,F4,eeg
4,0,5R6online,FC2,eeg
4,0,5R6online,FC4,eeg
4,0,5R6online,FC6,eeg
4,0,5R6online,CP2,eeg
4,0,5R6online,CP4,eeg
4,0,5R6online,CP6,eeg
4,0,5R6online,P4,eeg
4,0,5R6online,F3,eeg
4,0,5R6online,FC1,eeg
4,0,5R6online,FC3,eeg
4,0,5R6online,FC5,eeg
4,0,5R6online,CP1,eeg
4,0,5R6online,CP3,eeg
4,0,5R6online,CP5,eeg
4,0,5R6online,P3,eeg
5,0,0R1acquisition,Fz,eeg
5,0,0R1acquisition,FCz,eeg
5,0,0R1acquisition,Cz,eeg
5,0,0R1acquisition,CPz,eeg
5,0,0R1acquisition,Pz,eeg
5,0,0R1acquisition,C1,eeg
5,0,0R1acquisition,C3,eeg
5,0,0R1acquisition,C5,eeg
5,0,0R1acquisition,C2,eeg
5,0,0R1acquisition,C4,eeg
5,0,0R1acquisition,C6,eeg
5,0,0R1acquisition,EOG1,eog
5,0,0R1acquisition,EOG2,eog
5,0,0R1acquisition,EOG3,eog
5,0,0R1acquisition,EMGg,emg
5,0,0R1acquisition,EMGd,emg
5,0,0R1acquisition,F4,eeg
5,0,0R1acquisition,FC2,eeg
5,0,0R1acquisition,FC4,eeg
5,0,0R1acquisition,FC6,eeg
5,0,0R1acquisition,CP2,eeg
5,0,0R1acquisition,CP4,eeg
5,0,0R1acquisition,CP6,eeg
5,0,0R1acquisition,P4,eeg
5,0,0R1acquisition,F3,eeg
5,0,0R1acquisition,FC1,eeg
5,0,0R1acquisition,FC3,eeg
5,0,0R1acquisition,FC5,eeg
5,0,0R1acquisition,CP1,eeg
5,0,0R1acquisition,CP3,eeg
5,0,0R1acquisition,CP5,eeg
5,0,0R1acquisition,P3,eeg
5,0,1R2acquisition,Fz,eeg
5,0,1R2acquisition,FCz,eeg
5,0,1R2acquisition,Cz,eeg
5,0,1R2acquisition,CPz,eeg
5,0,1R2acquisition,Pz,eeg
5,0,1R2acquisition,C1,eeg
5,0,1R2acquisition,C3,eeg
5,0,1R2acquisition,C5,eeg
5,0,1R2acquisition,C2,eeg
5,0,1R2acquisition,C4,eeg
5,0,1R2acquisition,C6,eeg
5,0,1R2acquisition,EOG1,eog
5,0,1R2acquisition,EOG2,eog
5,0,1R2acquisition,EOG3,eog
5,0,1R2acquisition,EMGg,emg
5,0,1R2acquisition,EMGd,emg
5,0,1R2acquisition,F4,eeg
5,0,1R2acquisition,FC2,eeg
5,0,1R2acquisition,FC4,eeg
5,0,1R2acquisition,FC6,eeg
5,0,1R2acquisition,CP2,eeg
5,0,1R2acquisition,CP4,eeg
5,0,1R2acquisition,CP6,eeg
5,0,1R2acquisition,P4,eeg
5,0,1R2acquisition,F3,eeg
5,0,1R2acquisition,FC1,eeg
5,0,1R2acquisition,FC3,eeg
5,0,1R2acquisition,FC5,eeg
5,0,1R2acquisition,CP1,eeg
5,0,1R2acquisition,CP3,eeg
5,0,1R2acquisition,CP5,eeg
5,0,1R2acquisition,P3,eeg
5,0,2R3online,Fz,eeg
5,0,2R3online,FCz,eeg
5,0,2R3online,Cz,eeg
5,0,2R3online,CPz,eeg
5,0,2R3online,Pz,eeg
5,0,2R3online,C1,eeg
5,0,2R3online,C3,eeg
5,0,2R3online,C5,eeg
5,0,2R3online,C2,eeg
5,0,2R3online,C4,eeg
5,0,2R3online,C6,eeg
5,0,2R3online,EOG1,eog
5,0,2R3online,EOG2,eog
5,0,2R3online,EOG3,eog
5,0,2R3online,EMGg,emg
5,0,2R3online,EMGd,emg
5,0,2R3online,F4,eeg
5,0,2R3online,FC2,eeg
5,0,2R3online,FC4,eeg
5,0,2R3online,FC6,eeg
5,0,2R3online,CP2,eeg
5,0,2R3online,CP4,eeg
5,0,2R3online,CP6,eeg
5,0,2R3online,P4,eeg
5,0,2R3online,F3,eeg
5,0,2R3online,FC1,eeg
5,0,2R3online,FC3,eeg
5,0,2R3online,FC5,eeg
5,0,2R3online,CP1,eeg
5,0,2R3online,CP3,eeg
5,0,2R3online,CP5,eeg
5,0,2R3online,P3,eeg
5,0,3R4online,Fz,eeg
5,0,3R4online,FCz,eeg
5,0,3R4online,Cz,eeg
5,0,3R4online,CPz,eeg
5,0,3R4online,Pz,eeg
5,0,3R4online,C1,eeg
5,0,3R4online,C3,eeg
5,0,3R4online,C5,eeg
5,0,3R4online,C2,eeg
5,0,3R4online,C4,eeg
5,0,3R4online,C6,eeg
5,0,3R4online,EOG1,eog
5,0,3R4online,EOG2,eog
5,0,3R4online,EOG3,eog
5,0,3R4online,EMGg,emg
5,0,3R4online,EMGd,emg
5,0,3R4online,F4,eeg
5,0,3R4online,FC2,eeg
5,0,3R4online,FC4,eeg
5,0,3R4online,FC6,eeg
5,0,3R4online,CP2,eeg
5,0,3R4online,CP4,eeg
5,0,3R4online,CP6,eeg
5,0,3R4online,P4,eeg
5,0,3R4online,F3,eeg
5,0,3R4online,FC1,eeg
5,0,3R4online,FC3,eeg
5,0,3R4online,FC5,eeg
5,0,3R4online,CP1,eeg
5,0,3R4online,CP3,eeg
5,0,3R4online,CP5,eeg
5,0,3R4online,P3,eeg
5,0,4R5online,Fz,eeg
5,0,4R5online,FCz,eeg
5,0,4R5online,Cz,eeg
5,0,4R5online,CPz,eeg
5,0,4R5online,Pz,eeg
5,0,4R5online,C1,eeg
5,0,4R5online,C3,eeg
5,0,4R5online,C5,eeg
5,0,4R5online,C2,eeg
5,0,4R5online,C4,eeg
5,0,4R5online,C6,eeg
5,0,4R5online,EOG1,eog
5,0,4R5online,EOG2,eog
5,0,4R5online,EOG3,eog
5,0,4R5online,EMGg,emg
5,0,4R5online,EMGd,emg
5,0,4R5online,F4,eeg
5,0,4R5online,FC2,eeg
5,0,4R5online,FC4,eeg
5,0,4R5online,FC6,eeg
5,0,4R5online,CP2,eeg
5,0,4R5online,CP4,eeg
5,0,4R5online,CP6,eeg
5,0,4R5online,P4,eeg
5,0,4R5online,F3,eeg
5,0,4R5online,FC1,eeg
5,0,4R5online,FC3,eeg
5,0,4R5online,FC5,eeg
5,0,4R5online,CP1,eeg
5,0,4R5online,CP3,eeg
5,0,4R5online,CP5,eeg
5,0,4R5online,P3,eeg
5,0,5R6online,Fz,eeg
5,0,5R6online,FCz,eeg
5,0,5R6online,Cz,eeg
5,0,5R6online,CPz,eeg
5,0,5R6online,Pz,eeg
5,0,5R6online,C1,eeg
5,0,5R6online,C3,eeg
5,0,5R6online,C5,eeg
5,0,5R6online,C2,eeg
5,0,5R6online,C4,eeg
5,0,5R6online,C6,eeg
5,0,5R6online,EOG1,eog
5,0,5R6online,EOG2,eog
5,0,5R6online,EOG3,eog
5,0,5R6online,EMGg,emg
5,0,5R6online,EMGd,emg
5,0,5R6online,F4,eeg
5,0,5R6online,FC2,eeg
5,0,5R6online,FC4,eeg
5,0,5R6online,FC6,eeg
5,0,5R6online,CP2,eeg
5,0,5R6online,CP4,eeg
5,0,5R6online,CP6,eeg
5,0,5R6online,P4,eeg
5,0,5R6online,F3,eeg
5,0,5R6online,FC1,eeg
5,0,5R6online,FC3,eeg
5,0,5R6online,FC5,eeg
5,0,5R6online,CP1,eeg
5,0,5R6online,CP3,eeg
5,0,5R6online,CP5,eeg
5,0,5R6online,P3,eeg
6,0,0R1acquisition,Fz,eeg
6,0,0R1acquisition,FCz,eeg
6,0,0R1acquisition,Cz,eeg
6,0,0R1acquisition,CPz,eeg
6,0,0R1acquisition,Pz,eeg
6,0,0R1acquisition,C1,eeg
6,0,0R1acquisition,C3,eeg
6,0,0R1acquisition,C5,eeg
6,0,0R1acquisition,C2,eeg
6,0,0R1acquisition,C4,eeg
6,0,0R1acquisition,C6,eeg
6,0,0R1acquisition,EOG1,eog
6,0,0R1acquisition,EOG2,eog
6,0,0R1acquisition,EOG3,eog
6,0,0R1acquisition,EMGg,emg
6,0,0R1acquisition,EMGd,emg
6,0,0R1acquisition,F4,eeg
6,0,0R1acquisition,FC2,eeg
6,0,0R1acquisition,FC4,eeg
6,0,0R1acquisition,FC6,eeg
6,0,0R1acquisition,CP2,eeg
6,0,0R1acquisition,CP4,eeg
6,0,0R1acquisition,CP6,eeg
6,0,0R1acquisition,P4,eeg
6,0,0R1acquisition,F3,eeg
6,0,0R1acquisition,FC1,eeg
6,0,0R1acquisition,FC3,eeg
6,0,0R1acquisition,FC5,eeg
6,0,0R1acquisition,CP1,eeg
6,0,0R1acquisition,CP3,eeg
6,0,0R1acquisition,CP5,eeg
6,0,0R1acquisition,P3,eeg
6,0,1R2acquisition,Fz,eeg
6,0,1R2acquisition,FCz,eeg
6,0,1R2acquisition,Cz,eeg
6,0,1R2acquisition,CPz,eeg
6,0,1R2acquisition,Pz,eeg
6,0,1R2acquisition,C1,eeg
6,0,1R2acquisition,C3,eeg
6,0,1R2acquisition,C5,eeg
6,0,1R2acquisition,C2,eeg
6,0,1R2acquisition,C4,eeg
6,0,1R2acquisition,C6,eeg
6,0,1R2acquisition,EOG1,eog
6,0,1R2acquisition,EOG2,eog
6,0,1R2acquisition,EOG3,eog
6,0,1R2acquisition,EMGg,emg
6,0,1R2acquisition,EMGd,emg
6,0,1R2acquisition,F4,eeg
6,0,1R2acquisition,FC2,eeg
6,0,1R2acquisition,FC4,eeg
6,0,1R2acquisition,FC6,eeg
6,0,1R2acquisition,CP2,eeg
6,0,1R2acquisition,CP4,eeg
6,0,1R2acquisition,CP6,eeg
6,0,1R2acquisition,P4,eeg
6,0,1R2acquisition,F3,eeg
6,0,1R2acquisition,FC1,eeg
6,0,1R2acquisition,FC3,eeg
6,0,1R2acquisition,FC5,eeg
6,0,1R2acquisition,CP1,eeg
6,0,1R2acquisition,CP3,eeg
6,0,1R2acquisition,CP5,eeg
6,0,1R2acquisition,P3,eeg
6,0,2R3online,Fz,eeg
6,0,2R3online,FCz,eeg
6,0,2R3online,Cz,eeg
6,0,2R3online,CPz,eeg
6,0,2R3online,Pz,eeg
6,0,2R3online,C1,eeg
6,0,2R3online,C3,eeg
6,0,2R3online,C5,eeg
6,0,2R3online,C2,eeg
6,0,2R3online,C4,eeg
6,0,2R3online,C6,eeg
6,0,2R3online,EOG1,eog
6,0,2R3online,EOG2,eog
6,0,2R3online,EOG3,eog
6,0,2R3online,EMGg,emg
6,0,2R3online,EMGd,emg
6,0,2R3online,F4,eeg
6,0,2R3online,FC2,eeg
6,0,2R3online,FC4,eeg
6,0,2R3online,FC6,eeg
6,0,2R3online,CP2,eeg
6,0,2R3online,CP4,eeg
6,0,2R3online,CP6,eeg
6,0,2R3online,P4,eeg
6,0,2R3online,F3,eeg
6,0,2R3online,FC1,eeg
6,0,2R3online,FC3,eeg
6,0,2R3online,FC5,eeg
6,0,2R3online,CP1,eeg
6,0,2R3online,CP3,eeg
6,0,2R3online,CP5,eeg
6,0,2R3online,P3,eeg
6,0,3R4online,Fz,eeg
6,0,3R4online,FCz,eeg
6,0,3R4online,Cz,eeg
6,0,3R4online,CPz,eeg
6,0,3R4online,Pz,eeg
6,0,3R4online,C1,eeg
6,0,3R4online,C3,eeg
6,0,3R4online,C5,eeg
6,0,3R4online,C2,eeg
6,0,3R4online,C4,eeg
6,0,3R4online,C6,eeg
6,0,3R4online,EOG1,eog
6,0,3R4online,EOG2,eog
6,0,3R4online,EOG3,eog
6,0,3R4online,EMGg,emg
6,0,3R4online,EMGd,emg
6,0,3R4online,F4,eeg
6,0,3R4online,FC2,eeg
6,0,3R4online,FC4,eeg
6,0,3R4online,FC6,eeg
6,0,3R4online,CP2,eeg
6,0,3R4online,CP4,eeg
6,0,3R4online,CP6,eeg
6,0,3R4online,P4,eeg
6,0,3R4online,F3,eeg
6,0,3R4online,FC1,eeg
6,0,3R4online,FC3,eeg
6,0,3R4online,FC5,eeg
6,0,3R4online,CP1,eeg
6,0,3R4online,CP3,eeg
6,0,3R4online,CP5,eeg
6,0,3R4online,P3,eeg
6,0,4R5online,Fz,eeg
6,0,4R5online,FCz,eeg
6,0,4R5online,Cz,eeg
6,0,4R5online,CPz,eeg
6,0,4R5online,Pz,eeg
6,0,4R5online,C1,eeg
6,0,4R5online,C3,eeg
6,0,4R5online,C5,eeg
6,0,4R5online,C2,eeg
6,0,4R5online,C4,eeg
6,0,4R5online,C6,eeg
6,0,4R5online,EOG1,eog
6,0,4R5online,EOG2,eog
6,0,4R5online,EOG3,eog
6,0,4R5online,EMGg,emg
6,0,4R5online,EMGd,emg
6,0,4R5online,F4,eeg
6,0,4R5online,FC2,eeg
6,0,4R5online,FC4,eeg
6,0,4R5online,FC6,eeg
6,0,4R5online,CP2,eeg
6,0,4R5online,CP4,eeg
6,0,4R5online,CP6,eeg
6,0,4R5online,P4,eeg
6,0,4R5online,F3,eeg
6,0,4R5online,FC1,eeg
6,0,4R5online,FC3,eeg
6,0,4R5online,FC5,eeg
6,0,4R5online,CP1,eeg
6,0,4R5online,CP3,eeg
6,0,4R5online,CP5,eeg
6,0,4R5online,P3,eeg
6,0,5R6online,Fz,eeg
6,0,5R6online,FCz,eeg
6,0,5R6online,Cz,eeg
6,0,5R6online,CPz,eeg
6,0,5R6online,Pz,eeg
6,0,5R6online,C1,eeg
6,0,5R6online,C3,eeg
6,0,5R6online,C5,eeg
6,0,5R6online,C2,eeg
6,0,5R6online,C4,eeg
6,0,5R6online,C6,eeg
6,0,5R6online,EOG1,eog
6,0,5R6online,EOG2,eog
6,0,5R6online,EOG3,eog
6,0,5R6online,EMGg,emg
6,0,5R6online,EMGd,emg
6,0,5R6online,F4,eeg
6,0,5R6online,FC2,eeg
6,0,5R6online,FC4,eeg
6,0,5R6online,FC6,eeg
6,0,5R6online,CP2,eeg
6,0,5R6online,CP4,eeg
6,0,5R6online,CP6,eeg
6,0,5R6online,P4,eeg
6,0,5R6online,F3,eeg
6,0,5R6online,FC1,eeg
6,0,5R6online,FC3,eeg
6,0,5R6online,FC5,eeg
6,0,5R6online,CP1,eeg
6,0,5R6online,CP3,eeg
6,0,5R6online,CP5,eeg
6,0,5R6online,P3,eeg
7,0,0R1acquisition,Fz,eeg
7,0,0R1acquisition,FCz,eeg
7,0,0R1acquisition,Cz,eeg
7,0,0R1acquisition,CPz,eeg
7,0,0R1acquisition,Pz,eeg
7,0,0R1acquisition,C1,eeg
7,0,0R1acquisition,C3,eeg
7,0,0R1acquisition,C5,eeg
7,0,0R1acquisition,C2,eeg
7,0,0R1acquisition,C4,eeg
7,0,0R1acquisition,C6,eeg
7,0,0R1acquisition,EOG1,eog
7,0,0R1acquisition,EOG2,eog
7,0,0R1acquisition,EOG3,eog
7,0,0R1acquisition,EMGg,emg
7,0,0R1acquisition,EMGd,emg
7,0,0R1acquisition,F4,eeg
7,0,0R1acquisition,FC2,eeg
7,0,0R1acquisition,FC4,eeg
7,0,0R1acquisition,FC6,eeg
7,0,0R1acquisition,CP2,eeg
7,0,0R1acquisition,CP4,eeg
7,0,0R1acquisition,CP6,eeg
7,0,0R1acquisition,P4,eeg
7,0,0R1acquisition,F3,eeg
7,0,0R1acquisition,FC1,eeg
7,0,0R1acquisition,FC3,eeg
7,0,0R1acquisition,FC5,eeg
7,0,0R1acquisition,CP1,eeg
7,0,0R1acquisition,CP3,eeg
7,0,0R1acquisition,CP5,eeg
7,0,0R1acquisition,P3,eeg
7,0,1R2acquisition,Fz,eeg
7,0,1R2acquisition,FCz,eeg
7,0,1R2acquisition,Cz,eeg
7,0,1R2acquisition,CPz,eeg
7,0,1R2acquisition,Pz,eeg
7,0,1R2acquisition,C1,eeg
7,0,1R2acquisition,C3,eeg
7,0,1R2acquisition,C5,eeg
7,0,1R2acquisition,C2,eeg
7,0,1R2acquisition,C4,eeg
7,0,1R2acquisition,C6,eeg
7,0,1R2acquisition,EOG1,eog
7,0,1R2acquisition,EOG2,eog
7,0,1R2acquisition,EOG3,eog
7,0,1R2acquisition,EMGg,emg
7,0,1R2acquisition,EMGd,emg
7,0,1R2acquisition,F4,eeg
7,0,1R2acquisition,FC2,eeg
7,0,1R2acquisition,FC4,eeg
7,0,1R2acquisition,FC6,eeg
7,0,1R2acquisition,CP2,eeg
7,0,1R2acquisition,CP4,eeg
7,0,1R2acquisition,CP6,eeg
7,0,1R2acquisition,P4,eeg
7,0,1R2acquisition,F3,eeg
7,0,1R2acquisition,FC1,eeg
7,0,1R2acquisition,FC3,eeg
7,0,1R2acquisition,FC5,eeg
7,0,1R2acquisition,CP1,eeg
7,0,1R2acquisition,CP3,eeg
7,0,1R2acquisition,CP5,eeg
7,0,1R2acquisition,P3,eeg
7,0,2R3online,Fz,eeg
7,0,2R3online,FCz,eeg
7,0,2R3online,Cz,eeg
7,0,2R3online,CPz,eeg
7,0,2R3online,Pz,eeg
7,0,2R3online,C1,eeg
7,0,2R3online,C3,eeg
7,0,2R3online,C5,eeg
7,0,2R3online,C2,eeg
7,0,2R3online,C4,eeg
7,0,2R3online,C6,eeg
7,0,2R3online,EOG1,eog
7,0,2R3online,EOG2,eog
7,0,2R3online,EOG3,eog
7,0,2R3online,EMGg,emg
7,0,2R3online,EMGd,emg
7,0,2R3online,F4,eeg
7,0,2R3online,FC2,eeg
7,0,2R3online,FC4,eeg
7,0,2R3online,FC6,eeg
7,0,2R3online,CP2,eeg
7,0,2R3online,CP4,eeg
7,0,2R3online,CP6,eeg
7,0,2R3online,P4,eeg
7,0,2R3online,F3,eeg
7,0,2R3online,FC1,eeg
7,0,2R3online,FC3,eeg
7,0,2R3online,FC5,eeg
7,0,2R3online,CP1,eeg
7,0,2R3online,CP3,eeg
7,0,2R3online,CP5,eeg
7,0,2R3online,P3,eeg
7,0,3R4online,Fz,eeg
7,0,3R4online,FCz,eeg
7,0,3R4online,Cz,eeg
7,0,3R4online,CPz,eeg
7,0,3R4online,Pz,eeg
7,0,3R4online,C1,eeg
7,0,3R4online,C3,eeg
7,0,3R4online,C5,eeg
7,0,3R4online,C2,eeg
7,0,3R4online,C4,eeg
7,0,3R4online,C6,eeg
7,0,3R4online,EOG1,eog
7,0,3R4online,EOG2,eog
7,0,3R4online,EOG3,eog
7,0,3R4online,EMGg,emg
7,0,3R4online,EMGd,emg
7,0,3R4online,F4,eeg
7,0,3R4online,FC2,eeg
7,0,3R4online,FC4,eeg
7,0,3R4online,FC6,eeg
7,0,3R4online,CP2,eeg
7,0,3R4online,CP4,eeg
7,0,3R4online,CP6,eeg
7,0,3R4online,P4,eeg
7,0,3R4online,F3,eeg
7,0,3R4online,FC1,eeg
7,0,3R4online,FC3,eeg
7,0,3R4online,FC5,eeg
7,0,3R4online,CP1,eeg
7,0,3R4online,CP3,eeg
7,0,3R4online,CP5,eeg
7,0,3R4online,P3,eeg
7,0,4R5online,Fz,eeg
7,0,4R5online,FCz,eeg
7,0,4R5online,Cz,eeg
7,0,4R5online,CPz,eeg
7,0,4R5online,Pz,eeg
7,0,4R5online,C1,eeg
7,0,4R5online,C3,eeg
7,0,4R5online,C5,eeg
7,0,4R5online,C2,eeg
7,0,4R5online,C4,eeg
7,0,4R5online,C6,eeg
7,0,4R5online,EOG1,eog
7,0,4R5online,EOG2,eog
7,0,4R5online,EOG3,eog
7,0,4R5online,EMGg,emg
7,0,4R5online,EMGd,emg
7,0,4R5online,F4,eeg
7,0,4R5online,FC2,eeg
7,0,4R5online,FC4,eeg
7,0,4R5online,FC6,eeg
7,0,4R5online,CP2,eeg
7,0,4R5online,CP4,eeg
7,0,4R5online,CP6,eeg
7,0,4R5online,P4,eeg
7,0,4R5online,F3,eeg
7,0,4R5online,FC1,eeg
7,0,4R5online,FC3,eeg
7,0,4R5online,FC5,eeg
7,0,4R5online,CP1,eeg
7,0,4R5online,CP3,eeg
7,0,4R5online,CP5,eeg
7,0,4R5online,P3,eeg
7,0,5R6online,Fz,eeg
7,0,5R6online,FCz,eeg
7,0,5R6online,Cz,eeg
7,0,5R6online,CPz,eeg
7,0,5R6online,Pz,eeg
7,0,5R6online,C1,eeg
7,0,5R6online,C3,eeg
7,0,5R6online,C5,eeg
7,0,5R6online,C2,eeg
7,0,5R6online,C4,eeg
7,0,5R6online,C6,eeg
7,0,5R6online,EOG1,eog
7,0,5R6online,EOG2,eog
7,0,5R6online,EOG3,eog
7,0,5R6online,EMGg,emg
7,0,5R6online,EMGd,emg
7,0,5R6online,F4,eeg
7,0,5R6online,FC2,eeg
7,0,5R6online,FC4,eeg
7,0,5R6online,FC6,eeg
7,0,5R6online,CP2,eeg
7,0,5R6online,CP4,eeg
7,0,5R6online,CP6,eeg
7,0,5R6online,P4,eeg
7,0,5R6online,F3,eeg
7,0,5R6online,FC1,eeg
7,0,5R6online,FC3,eeg
7,0,5R6online,FC5,eeg
7,0,5R6online,CP1,eeg
7,0,5R6online,CP3,eeg
7,0,5R6online,CP5,eeg
7,0,5R6online,P3,eeg
8,0,0R1acquisition,Fz,eeg
8,0,0R1acquisition,FCz,eeg
8,0,0R1acquisition,Cz,eeg
8,0,0R1acquisition,CPz,eeg
8,0,0R1acquisition,Pz,eeg
8,0,0R1acquisition,C1,eeg
8,0,0R1acquisition,C3,eeg
8,0,0R1acquisition,C5,eeg
8,0,0R1acquisition,C2,eeg
8,0,0R1acquisition,C4,eeg
8,0,0R1acquisition,C6,eeg
8,0,0R1acquisition,EOG1,eog
8,0,0R1acquisition,EOG2,eog
8,0,0R1acquisition,EOG3,eog
8,0,0R1acquisition,EMGg,emg
8,0,0R1acquisition,EMGd,emg
8,0,0R1acquisition,F4,eeg
8,0,0R1acquisition,FC2,eeg
8,0,0R1acquisition,FC4,eeg
8,0,0R1acquisition,FC6,eeg
8,0,0R1acquisition,CP2,eeg
8,0,0R1acquisition,CP4,eeg
8,0,0R1acquisition,CP6,eeg
8,0,0R1acquisition,P4,eeg
8,0,0R1acquisition,F3,eeg
8,0,0R1acquisition,FC1,eeg
8,0,0R1acquisition,FC3,eeg
8,0,0R1acquisition,FC5,eeg
8,0,0R1acquisition,CP1,eeg
8,0,0R1acquisition,CP3,eeg
8,0,0R1acquisition,CP5,eeg
8,0,0R1acquisition,P3,eeg
8,0,1R2acquisition,Fz,eeg
8,0,1R2acquisition,FCz,eeg
8,0,1R2acquisition,Cz,eeg
8,0,1R2acquisition,CPz,eeg
8,0,1R2acquisition,Pz,eeg
8,0,1R2acquisition,C1,eeg
8,0,1R2acquisition,C3,eeg
8,0,1R2acquisition,C5,eeg
8,0,1R2acquisition,C2,eeg
8,0,1R2acquisition,C4,eeg
8,0,1R2acquisition,C6,eeg
8,0,1R2acquisition,EOG1,eog
8,0,1R2acquisition,EOG2,eog
8,0,1R2acquisition,EOG3,eog
8,0,1R2acquisition,EMGg,emg
8,0,1R2acquisition,EMGd,emg
8,0,1R2acquisition,F4,eeg
8,0,1R2acquisition,FC2,eeg
8,0,1R2acquisition,FC4,eeg
8,0,1R2acquisition,FC6,eeg
8,0,1R2acquisition,CP2,eeg
8,0,1R2acquisition,CP4,eeg
8,0,1R2acquisition,CP6,eeg
8,0,1R2acquisition,P4,eeg
8,0,1R2acquisition,F3,eeg
8,0,1R2acquisition,FC1,eeg
8,0,1R2acquisition,FC3,eeg
8,0,1R2acquisition,FC5,eeg
8,0,1R2acquisition,CP1,eeg
8,0,1R2acquisition,CP3,eeg
8,0,1R2acquisition,CP5,eeg
8,0,1R2acquisition,P3,eeg
8,0,2R3online,Fz,eeg
8,0,2R3online,FCz,eeg
8,0,2R3online,Cz,eeg
8,0,2R3online,CPz,eeg
8,0,2R3online,Pz,eeg
8,0,2R3online,C1,eeg
8,0,2R3online,C3,eeg
8,0,2R3online,C5,eeg
8,0,2R3online,C2,eeg
8,0,2R3online,C4,eeg
8,0,2R3online,C6,eeg
8,0,2R3online,EOG1,eog
8,0,2R3online,EOG2,eog
8,0,2R3online,EOG3,eog
8,0,2R3online,EMGg,emg
8,0,2R3online,EMGd,emg
8,0,2R3online,F4,eeg
8,0,2R3online,FC2,eeg
8,0,2R3online,FC4,eeg
8,0,2R3online,FC6,eeg
8,0,2R3online,CP2,eeg
8,0,2R3online,CP4,eeg
8,0,2R3online,CP6,eeg
8,0,2R3online,P4,eeg
8,0,2R3online,F3,eeg
8,0,2R3online,FC1,eeg
8,0,2R3online,FC3,eeg
8,0,2R3online,FC5,eeg
8,0,2R3online,CP1,eeg
8,0,2R3online,CP3,eeg
8,0,2R3online,CP5,eeg
8,0,2R3online,P3,eeg
8,0,3R4online,Fz,eeg
8,0,3R4online,FCz,eeg
8,0,3R4online,Cz,eeg
8,0,3R4online,CPz,eeg
8,0,3R4online,Pz,eeg
8,0,3R4online,C1,eeg
8,0,3R4online,C3,eeg
8,0,3R4online,C5,eeg
8,0,3R4online,C2,eeg
8,0,3R4online,C4,eeg
8,0,3R4online,C6,eeg
8,0,3R4online,EOG1,eog
8,0,3R4online,EOG2,eog
8,0,3R4online,EOG3,eog
8,0,3R4online,EMGg,emg
8,0,3R4online,EMGd,emg
8,0,3R4online,F4,eeg
8,0,3R4online,FC2,eeg
8,0,3R4online,FC4,eeg
8,0,3R4online,FC6,eeg
8,0,3R4online,CP2,eeg
8,0,3R4online,CP4,eeg
8,0,3R4online,CP6,eeg
8,0,3R4online,P4,eeg
8,0,3R4online,F3,eeg
8,0,3R4online,FC1,eeg
8,0,3R4online,FC3,eeg
8,0,3R4online,FC5,eeg
8,0,3R4online,CP1,eeg
8,0,3R4online,CP3,eeg
8,0,3R4online,CP5,eeg
8,0,3R4online,P3,eeg
8,0,4R5online,Fz,eeg
8,0,4R5online,FCz,eeg
8,0,4R5online,Cz,eeg
8,0,4R5online,CPz,eeg
8,0,4R5online,Pz,eeg
8,0,4R5online,C1,eeg
8,0,4R5online,C3,eeg
8,0,4R5online,C5,eeg
8,0,4R5online,C2,eeg
8,0,4R5online,C4,eeg
8,0,4R5online,C6,eeg
8,0,4R5online,EOG1,eog
8,0,4R5online,EOG2,eog
8,0,4R5online,EOG3,eog
8,0,4R5online,EMGg,emg
8,0,4R5online,EMGd,emg
8,0,4R5online,F4,eeg
8,0,4R5online,FC2,eeg
8,0,4R5online,FC4,eeg
8,0,4R5online,FC6,eeg
8,0,4R5online,CP2,eeg
8,0,4R5online,CP4,eeg
8,0,4R5online,CP6,eeg
8,0,4R5online,P4,eeg
8,0,4R5online,F3,eeg
8,0,4R5online,FC1,eeg
8,0,4R5online,FC3,eeg
8,0,4R5online,FC5,eeg
8,0,4R5online,CP1,eeg
8,0,4R5online,CP3,eeg
8,0,4R5online,CP5,eeg
8,0,4R5online,P3,eeg
8,0,5R6online,Fz,eeg
8,0,5R6online,FCz,eeg
8,0,5R6online,Cz,eeg
8,0,5R6online,CPz,eeg
8,0,5R6online,Pz,eeg
8,0,5R6online,C1,eeg
8,0,5R6online,C3,eeg
8,0,5R6online,C5,eeg
8,0,5R6online,C2,eeg
8,0,5R6online,C4,eeg
8,0,5R6online,C6,eeg
8,0,5R6online,EOG1,eog
8,0,5R6online,EOG2,eog
8,0,5R6online,EOG3,eog
8,0,5R6online,EMGg,emg
8,0,5R6online,EMGd,emg
8,0,5R6online,F4,eeg
8,0,5R6online,FC2,eeg
8,0,5R6online,FC4,eeg
8,0,5R6online,FC6,eeg
8,0,5R6online,CP2,eeg
8,0,5R6online,CP4,eeg
8,0,5R6online,CP6,eeg
8,0,5R6online,P4,eeg
8,0,5R6online,F3,eeg
8,0,5R6online,FC1,eeg
8,0,5R6online,FC3,eeg
8,0,5R6online,FC5,eeg
8,0,5R6online,CP1,eeg
8,0,5R6online,CP3,eeg
8,0,5R6online,CP5,eeg
8,0,5R6online,P3,eeg
9,0,0R1acquisition,Fz,eeg
9,0,0R1acquisition,FCz,eeg
9,0,0R1acquisition,Cz,eeg
9,0,0R1acquisition,CPz,eeg
9,0,0R1acquisition,Pz,eeg
9,0,0R1acquisition,C1,eeg
9,0,0R1acquisition,C3,eeg
9,0,0R1acquisition,C5,eeg
9,0,0R1acquisition,C2,eeg
9,0,0R1acquisition,C4,eeg
9,0,0R1acquisition,C6,eeg
9,0,0R1acquisition,EOG1,eog
9,0,0R1acquisition,EOG2,eog
9,0,0R1acquisition,EOG3,eog
9,0,0R1acquisition,EMGg,emg
9,0,0R1acquisition,EMGd,emg
9,0,0R1acquisition,F4,eeg
9,0,0R1acquisition,FC2,eeg
9,0,0R1acquisition,FC4,eeg
9,0,0R1acquisition,FC6,eeg
9,0,0R1acquisition,CP2,eeg
9,0,0R1acquisition,CP4,eeg
9,0,0R1acquisition,CP6,eeg
9,0,0R1acquisition,P4,eeg
9,0,0R1acquisition,F3,eeg
9,0,0R1acquisition,FC1,eeg
9,0,0R1acquisition,FC3,eeg
9,0,0R1acquisition,FC5,eeg
9,0,0R1acquisition,CP1,eeg
9,0,0R1acquisition,CP3,eeg
9,0,0R1acquisition,CP5,eeg
9,0,0R1acquisition,P3,eeg
9,0,1R2acquisition,Fz,eeg
9,0,1R2acquisition,FCz,eeg
9,0,1R2acquisition,Cz,eeg
9,0,1R2acquisition,CPz,eeg
9,0,1R2acquisition,Pz,eeg
9,0,1R2acquisition,C1,eeg
9,0,1R2acquisition,C3,eeg
9,0,1R2acquisition,C5,eeg
9,0,1R2acquisition,C2,eeg
9,0,1R2acquisition,C4,eeg
9,0,1R2acquisition,C6,eeg
9,0,1R2acquisition,EOG1,eog
9,0,1R2acquisition,EOG2,eog
9,0,1R2acquisition,EOG3,eog
9,0,1R2acquisition,EMGg,emg
9,0,1R2acquisition,EMGd,emg
9,0,1R2acquisition,F4,eeg
9,0,1R2acquisition,FC2,eeg
9,0,1R2acquisition,FC4,eeg
9,0,1R2acquisition,FC6,eeg
9,0,1R2acquisition,CP2,eeg
9,0,1R2acquisition,CP4,eeg
9,0,1R2acquisition,CP6,eeg
9,0,1R2acquisition,P4,eeg
9,0,1R2acquisition,F3,eeg
9,0,1R2acquisition,FC1,eeg
9,0,1R2acquisition,FC3,eeg
9,0,1R2acquisition,FC5,eeg
9,0,1R2acquisition,CP1,eeg
9,0,1R2acquisition,CP3,eeg
9,0,1R2acquisition,CP5,eeg
9,0,1R2acquisition,P3,eeg
9,0,2R3online,Fz,eeg
9,0,2R3online,FCz,eeg
9,0,2R3online,Cz,eeg
9,0,2R3online,CPz,eeg
9,0,2R3online,Pz,eeg
9,0,2R3online,C1,eeg
9,0,2R3online,C3,eeg
9,0,2R3online,C5,eeg
9,0,2R3online,C2,eeg
9,0,2R3online,C4,eeg
9,0,2R3online,C6,eeg
9,0,2R3online,EOG1,eog
9,0,2R3online,EOG2,eog
9,0,2R3online,EOG3,eog
9,0,2R3online,EMGg,emg
9,0,2R3online,EMGd,emg
9,0,2R3online,F4,eeg
9,0,2R3online,FC2,eeg
9,0,2R3online,FC4,eeg
9,0,2R3online,FC6,eeg
9,0,2R3online,CP2,eeg
9,0,2R3online,CP4,eeg
9,0,2R3online,CP6,eeg
9,0,2R3online,P4,eeg
9,0,2R3online,F3,eeg
9,0,2R3online,FC1,eeg
9,0,2R3online,FC3,eeg
9,0,2R3online,FC5,eeg
9,0,2R3online,CP1,eeg
9,0,2R3online,CP3,eeg
9,0,2R3online,CP5,eeg
9,0,2R3online,P3,eeg
9,0,3R4online,Fz,eeg
9,0,3R4online,FCz,eeg
9,0,3R4online,Cz,eeg
9,0,3R4online,CPz,eeg
9,0,3R4online,Pz,eeg
9,0,3R4online,C1,eeg
9,0,3R4online,C3,eeg
9,0,3R4online,C5,eeg
9,0,3R4online,C2,eeg
9,0,3R4online,C4,eeg
9,0,3R4online,C6,eeg
9,0,3R4online,EOG1,eog
9,0,3R4online,EOG2,eog
9,0,3R4online,EOG3,eog
9,0,3R4online,EMGg,emg
9,0,3R4online,EMGd,emg
9,0,3R4online,F4,eeg
9,0,3R4online,FC2,eeg
9,0,3R4online,FC4,eeg
9,0,3R4online,FC6,eeg
9,0,3R4online,CP2,eeg
9,0,3R4online,CP4,eeg
9,0,3R4online,CP6,eeg
9,0,3R4online,P4,eeg
9,0,3R4online,F3,eeg
9,0,3R4online,FC1,eeg
9,0,3R4online,FC3,eeg
9,0,3R4online,FC5,eeg
9,0,3R4online,CP1,eeg
9,0,3R4online,CP3,eeg
9,0,3R4online,CP5,eeg
9,0,3R4online,P3,eeg
9,0,4R5online,Fz,eeg
9,0,4R5online,FCz,eeg
9,0,4R5online,Cz,eeg
9,0,4R5online,CPz,eeg
9,0,4R5online,Pz,eeg
9,0,4R5online,C1,eeg
9,0,4R5online,C3,eeg
9,0,4R5online,C5,eeg
9,0,4R5online,C2,eeg
9,0,4R5online,C4,eeg
9,0,4R5online,C6,eeg
9,0,4R5online,EOG1,eog
9,0,4R5online,EOG2,eog
9,0,4R5online,EOG3,eog
9,0,4R5online,EMGg,emg
9,0,4R5online,EMGd,emg
9,0,4R5online,F4,eeg
9,0,4R5online,FC2,eeg
9,0,4R5online,FC4,eeg
9,0,4R5online,FC6,eeg
9,0,4R5online,CP2,eeg
9,0,4R5online,CP4,eeg
9,0,4R5online,CP6,eeg
9,0,4R5online,P4,eeg
9,0,4R5online,F3,eeg
9,0,4R5online,FC1,eeg
9,0,4R5online,FC3,eeg
9,0,4R5online,FC5,eeg
9,0,4R5online,CP1,eeg
9,0,4R5online,CP3,eeg
9,0,4R5online,CP5,eeg
9,0,4R5online,P3,eeg
9,0,5R6online,Fz,eeg
9,0,5R6online,FCz,eeg
9,0,5R6online,Cz,eeg
9,0,5R6online,CPz,eeg
9,0,5R6online,Pz,eeg
9,0,5R6online,C1,eeg
9,0,5R6online,C3,eeg
9,0,5R6online,C5,eeg
9,0,5R6online,C2,eeg
9,0,5R6online,C4,eeg
9,0,5R6online,C6,eeg
9,0,5R6online,EOG1,eog
9,0,5R6online,EOG2,eog
9,0,5R6online,EOG3,eog
9,0,5R6online,EMGg,emg
9,0,5R6online,EMGd,emg
9,0,5R6online,F4,eeg
9,0,5R6online,FC2,eeg
9,0,5R6online,FC4,eeg
9,0,5R6online,FC6,eeg
9,0,5R6online,CP2,eeg
9,0,5R6online,CP4,eeg
9,0,5R6online,CP6,eeg
9,0,5R6online,P4,eeg
9,0,5R6online,F3,eeg
9,0,5R6online,FC1,eeg
9,0,5R6online,FC3,eeg
9,0,5R6online,FC5,eeg
9,0,5R6online,CP1,eeg
9,0,5R6online,CP3,eeg
9,0,5R6online,CP5,eeg
9,0,5R6online,P3,eeg
10,0,0R1acquisition,Fz,eeg
10,0,0R1acquisition,FCz,eeg
10,0,0R1acquisition,Cz,eeg
10,0,0R1acquisition,CPz,eeg
10,0,0R1acquisition,Pz,eeg
10,0,0R1acquisition,C1,eeg
10,0,0R1acquisition,C3,eeg
10,0,0R1acquisition,C5,eeg
10,0,0R1acquisition,C2,eeg
10,0,0R1acquisition,C4,eeg
10,0,0R1acquisition,C6,eeg
10,0,0R1acquisition,EOG1,eog
10,0,0R1acquisition,EOG2,eog
10,0,0R1acquisition,EOG3,eog
10,0,0R1acquisition,EMGg,emg
10,0,0R1acquisition,EMGd,emg
10,0,0R1acquisition,F4,eeg
10,0,0R1acquisition,FC2,eeg
10,0,0R1acquisition,FC4,eeg
10,0,0R1acquisition,FC6,eeg
10,0,0R1acquisition,CP2,eeg
10,0,0R1acquisition,CP4,eeg
10,0,0R1acquisition,CP6,eeg
10,0,0R1acquisition,P4,eeg
10,0,0R1acquisition,F3,eeg
10,0,0R1acquisition,FC1,eeg
10,0,0R1acquisition,FC3,eeg
10,0,0R1acquisition,FC5,eeg
10,0,0R1acquisition,CP1,eeg
10,0,0R1acquisition,CP3,eeg
10,0,0R1acquisition,CP5,eeg
10,0,0R1acquisition,P3,eeg
10,0,1R2acquisition,Fz,eeg
10,0,1R2acquisition,FCz,eeg
10,0,1R2acquisition,Cz,eeg
10,0,1R2acquisition,CPz,eeg
10,0,1R2acquisition,Pz,eeg
10,0,1R2acquisition,C1,eeg
10,0,1R2acquisition,C3,eeg
10,0,1R2acquisition,C5,eeg
10,0,1R2acquisition,C2,eeg
10,0,1R2acquisition,C4,eeg
10,0,1R2acquisition,C6,eeg
10,0,1R2acquisition,EOG1,eog
10,0,1R2acquisition,EOG2,eog
10,0,1R2acquisition,EOG3,eog
10,0,1R2acquisition,EMGg,emg
10,0,1R2acquisition,EMGd,emg
10,0,1R2acquisition,F4,eeg
10,0,1R2acquisition,FC2,eeg
10,0,1R2acquisition,FC4,eeg
10,0,1R2acquisition,FC6,eeg
10,0,1R2acquisition,CP2,eeg
10,0,1R2acquisition,CP4,eeg
10,0,1R2acquisition,CP6,eeg
10,0,1R2acquisition,P4,eeg
10,0,1R2acquisition,F3,eeg
10,0,1R2acquisition,FC1,eeg
10,0,1R2acquisition,FC3,eeg
10,0,1R2acquisition,FC5,eeg
10,0,1R2acquisition,CP1,eeg
10,0,1R2acquisition,CP3,eeg
10,0,1R2acquisition,CP5,eeg
10,0,1R2acquisition,P3,eeg
10,0,2R3online,Fz,eeg
10,0,2R3online,FCz,eeg
10,0,2R3online,Cz,eeg
10,0,2R3online,CPz,eeg
10,0,2R3online,Pz,eeg
10,0,2R3online,C1,eeg
10,0,2R3online,C3,eeg
10,0,2R3online,C5,eeg
10,0,2R3online,C2,eeg
10,0,2R3online,C4,eeg
10,0,2R3online,C6,eeg
10,0,2R3online,EOG1,eog
10,0,2R3online,EOG2,eog
10,0,2R3online,EOG3,eog
10,0,2R3online,EMGg,emg
10,0,2R3online,EMGd,emg
10,0,2R3online,F4,eeg
10,0,2R3online,FC2,eeg
10,0,2R3online,FC4,eeg
10,0,2R3online,FC6,eeg
10,0,2R3online,CP2,eeg
10,0,2R3online,CP4,eeg
10,0,2R3online,CP6,eeg
10,0,2R3online,P4,eeg
10,0,2R3online,F3,eeg
10,0,2R3online,FC1,eeg
10,0,2R3online,FC3,eeg
10,0,2R3online,FC5,eeg
10,0,2R3online,CP1,eeg
10,0,2R3online,CP3,eeg
10,0,2R3online,CP5,eeg
10,0,2R3online,P3,eeg
10,0,3R4online,Fz,eeg
10,0,3R4online,FCz,eeg
10,0,3R4online,Cz,eeg
10,0,3R4online,CPz,eeg
10,0,3R4online,Pz,eeg
10,0,3R4online,C1,eeg
10,0,3R4online,C3,eeg
10,0,3R4online,C5,eeg
10,0,3R4online,C2,eeg
10,0,3R4online,C4,eeg
10,0,3R4online,C6,eeg
10,0,3R4online,EOG1,eog
10,0,3R4online,EOG2,eog
10,0,3R4online,EOG3,eog
10,0,3R4online,EMGg,emg
10,0,3R4online,EMGd,emg
10,0,3R4online,F4,eeg
10,0,3R4online,FC2,eeg
10,0,3R4online,FC4,eeg
10,0,3R4online,FC6,eeg
10,0,3R4online,CP2,eeg
10,0,3R4online,CP4,eeg
10,0,3R4online,CP6,eeg
10,0,3R4online,P4,eeg
10,0,3R4online,F3,eeg
10,0,3R4online,FC1,eeg
10,0,3R4online,FC3,eeg
10,0,3R4online,FC5,eeg
10,0,3R4online,CP1,eeg
10,0,3R4online,CP3,eeg
10,0,3R4online,CP5,eeg
10,0,3R4online,P3,eeg
10,0,4R5online,Fz,eeg
10,0,4R5online,FCz,eeg
10,0,4R5online,Cz,eeg
10,0,4R5online,CPz,eeg
10,0,4R5online,Pz,eeg
10,0,4R5online,C1,eeg
10,0,4R5online,C3,eeg
10,0,4R5online,C5,eeg
10,0,4R5online,C2,eeg
10,0,4R5online,C4,eeg
10,0,4R5online,C6,eeg
10,0,4R5online,EOG1,eog
10,0,4R5online,EOG2,eog
10,0,4R5online,EOG3,eog
10,0,4R5online,EMGg,emg
10,0,4R5online,EMGd,emg
10,0,4R5online,F4,eeg
10,0,4R5online,FC2,eeg
10,0,4R5online,FC4,eeg
10,0,4R5online,FC6,eeg
10,0,4R5online,CP2,eeg
10,0,4R5online,CP4,eeg
10,0,4R5online,CP6,eeg
10,0,4R5online,P4,eeg
10,0,4R5online,F3,eeg
10,0,4R5online,FC1,eeg
10,0,4R5online,FC3,eeg
10,0,4R5online,FC5,eeg
10,0,4R5online,CP1,eeg
10,0,4R5online,CP3,eeg
10,0,4R5online,CP5,eeg
10,0,4R5online,P3,eeg
10,0,5R6online,Fz,eeg
10,0,5R6online,FCz,eeg
10,0,5R6online,Cz,eeg
10,0,5R6online,CPz,eeg
10,0,5R6online,Pz,eeg
10,0,5R6online,C1,eeg
10,0,5R6online,C3,eeg
10,0,5R6online,C5,eeg
10,0,5R6online,C2,eeg
10,0,5R6online,C4,eeg
10,0,5R6online,C6,eeg
10,0,5R6online,EOG1,eog
10,0,5R6online,EOG2,eog
10,0,5R6online,EOG3,eog
10,0,5R6online,EMGg,emg
10,0,5R6online,EMGd,emg
10,0,5R6online,F4,eeg
10,0,5R6online,FC2,eeg
10,0,5R6online,FC4,eeg
10,0,5R6online,FC6,eeg
10,0,5R6online,CP2,eeg
10,0,5R6online,CP4,eeg
10,0,5R6online,CP6,eeg
10,0,5R6online,P4,eeg
10,0,5R6online,F3,eeg
10,0,5R6online,FC1,eeg
10,0,5R6online,FC3,eeg
10,0,5R6online,FC5,eeg
10,0,5R6online,CP1,eeg
10,0,5R6online,CP3,eeg
10,0,5R6online,CP5,eeg
10,0,5R6online,P3,eeg
11,0,0R1acquisition,Fz,eeg
11,0,0R1acquisition,FCz,eeg
11,0,0R1acquisition,Cz,eeg
11,0,0R1acquisition,CPz,eeg
11,0,0R1acquisition,Pz,eeg
11,0,0R1acquisition,C1,eeg
11,0,0R1acquisition,C3,eeg
11,0,0R1acquisition,C5,eeg
11,0,0R1acquisition,C2,eeg
11,0,0R1acquisition,C4,eeg
11,0,0R1acquisition,C6,eeg
11,0,0R1acquisition,EOG1,eog
11,0,0R1acquisition,EOG2,eog
11,0,0R1acquisition,EOG3,eog
11,0,0R1acquisition,EMGg,emg
11,0,0R1acquisition,EMGd,emg
11,0,0R1acquisition,F4,eeg
11,0,0R1acquisition,FC2,eeg
11,0,0R1acquisition,FC4,eeg
11,0,0R1acquisition,FC6,eeg
11,0,0R1acquisition,CP2,eeg
11,0,0R1acquisition,CP4,eeg
11,0,0R1acquisition,CP6,eeg
11,0,0R1acquisition,P4,eeg
11,0,0R1acquisition,F3,eeg
11,0,0R1acquisition,FC1,eeg
11,0,0R1acquisition,FC3,eeg
11,0,0R1acquisition,FC5,eeg
11,0,0R1acquisition,CP1,eeg
11,0,0R1acquisition,CP3,eeg
11,0,0R1acquisition,CP5,eeg
11,0,0R1acquisition,P3,eeg
11,0,1R2acquisition,Fz,eeg
11,0,1R2acquisition,FCz,eeg
11,0,1R2acquisition,Cz,eeg
11,0,1R2acquisition,CPz,eeg
11,0,1R2acquisition,Pz,eeg
11,0,1R2acquisition,C1,eeg
11,0,1R2acquisition,C3,eeg
11,0,1R2acquisition,C5,eeg
11,0,1R2acquisition,C2,eeg
11,0,1R2acquisition,C4,eeg
11,0,1R2acquisition,C6,eeg
11,0,1R2acquisition,EOG1,eog
11,0,1R2acquisition,EOG2,eog
11,0,1R2acquisition,EOG3,eog
11,0,1R2acquisition,EMGg,emg
11,0,1R2acquisition,EMGd,emg
11,0,1R2acquisition,F4,eeg
11,0,1R2acquisition,FC2,eeg
11,0,1R2acquisition,FC4,eeg
11,0,1R2acquisition,FC6,eeg
11,0,1R2acquisition,CP2,eeg
11,0,1R2acquisition,CP4,eeg
11,0,1R2acquisition,CP6,eeg
11,0,1R2acquisition,P4,eeg
11,0,1R2acquisition,F3,eeg
11,0,1R2acquisition,FC1,eeg
11,0,1R2acquisition,FC3,eeg
11,0,1R2acquisition,FC5,eeg
11,0,1R2acquisition,CP1,eeg
11,0,1R2acquisition,CP3,eeg
11,0,1R2acquisition,CP5,eeg
11,0,1R2acquisition,P3,eeg
11,0,2R3online,Fz,eeg
11,0,2R3online,FCz,eeg
11,0,2R3online,Cz,eeg
11,0,2R3online,CPz,eeg
11,0,2R3online,Pz,eeg
11,0,2R3online,C1,eeg
11,0,2R3online,C3,eeg
11,0,2R3online,C5,eeg
11,0,2R3online,C2,eeg
11,0,2R3online,C4,eeg
11,0,2R3online,C6,eeg
11,0,2R3online,EOG1,eog
11,0,2R3online,EOG2,eog
11,0,2R3online,EOG3,eog
11,0,2R3online,EMGg,emg
11,0,2R3online,EMGd,emg
11,0,2R3online,F4,eeg
11,0,2R3online,FC2,eeg
11,0,2R3online,FC4,eeg
11,0,2R3online,FC6,eeg
11,0,2R3online,CP2,eeg
11,0,2R3online,CP4,eeg
11,0,2R3online,CP6,eeg
11,0,2R3online,P4,eeg
11,0,2R3online,F3,eeg
11,0,2R3online,FC1,eeg
11,0,2R3online,FC3,eeg
11,0,2R3online,FC5,eeg
11,0,2R3online,CP1,eeg
11,0,2R3online,CP3,eeg
11,0,2R3online,CP5,eeg
11,0,2R3online,P3,eeg
11,0,3R4online,Fz,eeg
11,0,3R4online,FCz,eeg
11,0,3R4online,Cz,eeg
11,0,3R4online,CPz,eeg
11,0,3R4online,Pz,eeg
11,0,3R4online,C1,eeg
11,0,3R4online,C3,eeg
11,0,3R4online,C5,eeg
11,0,3R4online,C2,eeg
11,0,3R4online,C4,eeg
11,0,3R4online,C6,eeg
11,0,3R4online,EOG1,eog
11,0,3R4online,EOG2,eog
11,0,3R4online,EOG3,eog
11,0,3R4online,EMGg,emg
11,0,3R4online,EMGd,emg
11,0,3R4online,F4,eeg
11,0,3R4online,FC2,eeg
11,0,3R4online,FC4,eeg
11,0,3R4online,FC6,eeg
11,0,3R4online,CP2,eeg
11,0,3R4online,CP4,eeg
11,0,3R4online,CP6,eeg
11,0,3R4online,P4,eeg
11,0,3R4online,F3,eeg
11,0,3R4online,FC1,eeg
11,0,3R4online,FC3,eeg
11,0,3R4online,FC5,eeg
11,0,3R4online,CP1,eeg
11,0,3R4online,CP3,eeg
11,0,3R4online,CP5,eeg
11,0,3R4online,P3,eeg
11,0,4R5online,Fz,eeg
11,0,4R5online,FCz,eeg
11,0,4R5online,Cz,eeg
11,0,4R5online,CPz,eeg
11,0,4R5online,Pz,eeg
11,0,4R5online,C1,eeg
11,0,4R5online,C3,eeg
11,0,4R5online,C5,eeg
11,0,4R5online,C2,eeg
11,0,4R5online,C4,eeg
11,0,4R5online,C6,eeg
11,0,4R5online,EOG1,eog
11,0,4R5online,EOG2,eog
11,0,4R5online,EOG3,eog
11,0,4R5online,EMGg,emg
11,0,4R5online,EMGd,emg
11,0,4R5online,F4,eeg
11,0,4R5online,FC2,eeg
11,0,4R5online,FC4,eeg
11,0,4R5online,FC6,eeg
11,0,4R5online,CP2,eeg
11,0,4R5online,CP4,eeg
11,0,4R5online,CP6,eeg
11,0,4R5online,P4,eeg
11,0,4R5online,F3,eeg
11,0,4R5online,FC1,eeg
11,0,4R5online,FC3,eeg
11,0,4R5online,FC5,eeg
11,0,4R5online,CP1,eeg
11,0,4R5online,CP3,eeg
11,0,4R5online,CP5,eeg
11,0,4R5online,P3,eeg
11,0,5R6online,Fz,eeg
11,0,5R6online,FCz,eeg
11,0,5R6online,Cz,eeg
11,0,5R6online,CPz,eeg
11,0,5R6online,Pz,eeg
11,0,5R6online,C1,eeg
11,0,5R6online,C3,eeg
11,0,5R6online,C5,eeg
11,0,5R6online,C2,eeg
11,0,5R6online,C4,eeg
11,0,5R6online,C6,eeg
11,0,5R6online,EOG1,eog
11,0,5R6online,EOG2,eog
11,0,5R6online,EOG3,eog
11,0,5R6online,EMGg,emg
11,0,5R6online,EMGd,emg
11,0,5R6online,F4,eeg
11,0,5R6online,FC2,eeg
11,0,5R6online,FC4,eeg
11,0,5R6online,FC6,eeg
11,0,5R6online,CP2,eeg
11,0,5R6online,CP4,eeg
11,0,5R6online,CP6,eeg
11,0,5R6online,P4,eeg
11,0,5R6online,F3,eeg
11,0,5R6online,FC1,eeg
11,0,5R6online,FC3,eeg
11,0,5R6online,FC5,eeg
11,0,5R6online,CP1,eeg
11,0,5R6online,CP3,eeg
11,0,5R6online,CP5,eeg
11,0,5R6online,P3,eeg
12,0,0R1acquisition,Fz,eeg
12,0,0R1acquisition,FCz,eeg
12,0,0R1acquisition,Cz,eeg
12,0,0R1acquisition,CPz,eeg
12,0,0R1acquisition,Pz,eeg
12,0,0R1acquisition,C1,eeg
12,0,0R1acquisition,C3,eeg
12,0,0R1acquisition,C5,eeg
12,0,0R1acquisition,C2,eeg
12,0,0R1acquisition,C4,eeg
12,0,0R1acquisition,C6,eeg
12,0,0R1acquisition,EOG1,eog
12,0,0R1acquisition,EOG2,eog
12,0,0R1acquisition,EOG3,eog
12,0,0R1acquisition,EMGg,emg
12,0,0R1acquisition,EMGd,emg
12,0,0R1acquisition,F4,eeg
12,0,0R1acquisition,FC2,eeg
12,0,0R1acquisition,FC4,eeg
12,0,0R1acquisition,FC6,eeg
12,0,0R1acquisition,CP2,eeg
12,0,0R1acquisition,CP4,eeg
12,0,0R1acquisition,CP6,eeg
12,0,0R1acquisition,P4,eeg
12,0,0R1acquisition,F3,eeg
12,0,0R1acquisition,FC1,eeg
12,0,0R1acquisition,FC3,eeg
12,0,0R1acquisition,FC5,eeg
12,0,0R1acquisition,CP1,eeg
12,0,0R1acquisition,CP3,eeg
12,0,0R1acquisition,CP5,eeg
12,0,0R1acquisition,P3,eeg
12,0,1R2acquisition,Fz,eeg
12,0,1R2acquisition,FCz,eeg
12,0,1R2acquisition,Cz,eeg
12,0,1R2acquisition,CPz,eeg
12,0,1R2acquisition,Pz,eeg
12,0,1R2acquisition,C1,eeg
12,0,1R2acquisition,C3,eeg
12,0,1R2acquisition,C5,eeg
12,0,1R2acquisition,C2,eeg
12,0,1R2acquisition,C4,eeg
12,0,1R2acquisition,C6,eeg
12,0,1R2acquisition,EOG1,eog
12,0,1R2acquisition,EOG2,eog
12,0,1R2acquisition,EOG3,eog
12,0,1R2acquisition,EMGg,emg
12,0,1R2acquisition,EMGd,emg
12,0,1R2acquisition,F4,eeg
12,0,1R2acquisition,FC2,eeg
12,0,1R2acquisition,FC4,eeg
12,0,1R2acquisition,FC6,eeg
12,0,1R2acquisition,CP2,eeg
12,0,1R2acquisition,CP4,eeg
12,0,1R2acquisition,CP6,eeg
12,0,1R2acquisition,P4,eeg
12,0,1R2acquisition,F3,eeg
12,0,1R2acquisition,FC1,eeg
12,0,1R2acquisition,FC3,eeg
12,0,1R2acquisition,FC5,eeg
12,0,1R2acquisition,CP1,eeg
12,0,1R2acquisition,CP3,eeg
12,0,1R2acquisition,CP5,eeg
12,0,1R2acquisition,P3,eeg
12,0,2R3online,Fz,eeg
12,0,2R3online,FCz,eeg
12,0,2R3online,Cz,eeg
12,0,2R3online,CPz,eeg
12,0,2R3online,Pz,eeg
12,0,2R3online,C1,eeg
12,0,2R3online,C3,eeg
12,0,2R3online,C5,eeg
12,0,2R3online,C2,eeg
12,0,2R3online,C4,eeg
12,0,2R3online,C6,eeg
12,0,2R3online,EOG1,eog
12,0,2R3online,EOG2,eog
12,0,2R3online,EOG3,eog
12,0,2R3online,EMGg,emg
12,0,2R3online,EMGd,emg
12,0,2R3online,F4,eeg
12,0,2R3online,FC2,eeg
12,0,2R3online,FC4,eeg
12,0,2R3online,FC6,eeg
12,0,2R3online,CP2,eeg
12,0,2R3online,CP4,eeg
12,0,2R3online,CP6,eeg
12,0,2R3online,P4,eeg
12,0,2R3online,F3,eeg
12,0,2R3online,FC1,eeg
12,0,2R3online,FC3,eeg
12,0,2R3online,FC5,eeg
12,0,2R3online,CP1,eeg
12,0,2R3online,CP3,eeg
12,0,2R3online,CP5,eeg
12,0,2R3online,P3,eeg
12,0,3R4online,Fz,eeg
12,0,3R4online,FCz,eeg
12,0,3R4online,Cz,eeg
12,0,3R4online,CPz,eeg
12,0,3R4online,Pz,eeg
12,0,3R4online,C1,eeg
12,0,3R4online,C3,eeg
12,0,3R4online,C5,eeg
12,0,3R4online,C2,eeg
12,0,3R4online,C4,eeg
12,0,3R4online,C6,eeg
12,0,3R4online,EOG1,eog
12,0,3R4online,EOG2,eog
12,0,3R4online,EOG3,eog
12,0,3R4online,EMGg,emg
12,0,3R4online,EMGd,emg
12,0,3R4online,F4,eeg
12,0,3R4online,FC2,eeg
12,0,3R4online,FC4,eeg
12,0,3R4online,FC6,eeg
12,0,3R4online,CP2,eeg
12,0,3R4online,CP4,eeg
12,0,3R4online,CP6,eeg
12,0,3R4online,P4,eeg
12,0,3R4online,F3,eeg
12,0,3R4online,FC1,eeg
12,0,3R4online,FC3,eeg
12,0,3R4online,FC5,eeg
12,0,3R4online,CP1,eeg
12,0,3R4online,CP3,eeg
12,0,3R4online,CP5,eeg
12,0,3R4online,P3,eeg
12,0,4R5online,Fz,eeg
12,0,4R5online,FCz,eeg
12,0,4R5online,Cz,eeg
12,0,4R5online,CPz,eeg
12,0,4R5online,Pz,eeg
12,0,4R5online,C1,eeg
12,0,4R5online,C3,eeg
12,0,4R5online,C5,eeg
12,0,4R5online,C2,eeg
12,0,4R5online,C4,eeg
12,0,4R5online,C6,eeg
12,0,4R5online,EOG1,eog
12,0,4R5online,EOG2,eog
12,0,4R5online,EOG3,eog
12,0,4R5online,EMGg,emg
12,0,4R5online,EMGd,emg
12,0,4R5online,F4,eeg
12,0,4R5online,FC2,eeg
12,0,4R5online,FC4,eeg
12,0,4R5online,FC6,eeg
12,0,4R5online,CP2,eeg
12,0,4R5online,CP4,eeg
12,0,4R5online,CP6,eeg
12,0,4R5online,P4,eeg
12,0,4R5online,F3,eeg
12,0,4R5online,FC1,eeg
12,0,4R5online,FC3,eeg
12,0,4R5online,FC5,eeg
12,0,4R5online,CP1,eeg
12,0,4R5online,CP3,eeg
12,0,4R5online,CP5,eeg
12,0,4R5online,P3,eeg
12,0,5R6online,Fz,eeg
12,0,5R6online,FCz,eeg
12,0,5R6online,Cz,eeg
12,0,5R6online,CPz,eeg
12,0,5R6online,Pz,eeg
12,0,5R6online,C1,eeg
12,0,5R6online,C3,eeg
12,0,5R6online,C5,eeg
12,0,5R6online,C2,eeg
12,0,5R6online,C4,eeg
12,0,5R6online,C6,eeg
12,0,5R6online,EOG1,eog
12,0,5R6online,EOG2,eog
12,0,5R6online,EOG3,eog
12,0,5R6online,EMGg,emg
12,0,5R6online,EMGd,emg
12,0,5R6online,F4,eeg
12,0,5R6online,FC2,eeg
12,0,5R6online,FC4,eeg
12,0,5R6online,FC6,eeg
12,0,5R6online,CP2,eeg
12,0,5R6online,CP4,eeg
12,0,5R6online,CP6,eeg
12,0,5R6online,P4,eeg
12,0,5R6online,F3,eeg
12,0,5R6online,FC1,eeg
12,0,5R6online,FC3,eeg
12,0,5R6online,FC5,eeg
12,0,5R6online,CP1,eeg
12,0,5R6online,CP3,eeg
12,0,5R6online,CP5,eeg
12,0,5R6online,P3,eeg
13,0,0R1acquisition,Fz,eeg
13,0,0R1acquisition,FCz,eeg
13,0,0R1acquisition,Cz,eeg
13,0,0R1acquisition,CPz,eeg
13,0,0R1acquisition,Pz,eeg
13,0,0R1acquisition,C1,eeg
13,0,0R1acquisition,C3,eeg
13,0,0R1acquisition,C5,eeg
13,0,0R1acquisition,C2,eeg
13,0,0R1acquisition,C4,eeg
13,0,0R1acquisition,C6,eeg
13,0,0R1acquisition,EOG1,eog
13,0,0R1acquisition,EOG2,eog
13,0,0R1acquisition,EOG3,eog
13,0,0R1acquisition,EMGg,emg
13,0,0R1acquisition,EMGd,emg
13,0,0R1acquisition,F4,eeg
13,0,0R1acquisition,FC2,eeg
13,0,0R1acquisition,FC4,eeg
13,0,0R1acquisition,FC6,eeg
13,0,0R1acquisition,CP2,eeg
13,0,0R1acquisition,CP4,eeg
13,0,0R1acquisition,CP6,eeg
13,0,0R1acquisition,P4,eeg
13,0,0R1acquisition,F3,eeg
13,0,0R1acquisition,FC1,eeg
13,0,0R1acquisition,FC3,eeg
13,0,0R1acquisition,FC5,eeg
13,0,0R1acquisition,CP1,eeg
13,0,0R1acquisition,CP3,eeg
13,0,0R1acquisition,CP5,eeg
13,0,0R1acquisition,P3,eeg
13,0,1R2acquisition,Fz,eeg
13,0,1R2acquisition,FCz,eeg
13,0,1R2acquisition,Cz,eeg
13,0,1R2acquisition,CPz,eeg
13,0,1R2acquisition,Pz,eeg
13,0,1R2acquisition,C1,eeg
13,0,1R2acquisition,C3,eeg
13,0,1R2acquisition,C5,eeg
13,0,1R2acquisition,C2,eeg
13,0,1R2acquisition,C4,eeg
13,0,1R2acquisition,C6,eeg
13,0,1R2acquisition,EOG1,eog
13,0,1R2acquisition,EOG2,eog
13,0,1R2acquisition,EOG3,eog
13,0,1R2acquisition,EMGg,emg
13,0,1R2acquisition,EMGd,emg
13,0,1R2acquisition,F4,eeg
13,0,1R2acquisition,FC2,eeg
13,0,1R2acquisition,FC4,eeg
13,0,1R2acquisition,FC6,eeg
13,0,1R2acquisition,CP2,eeg
13,0,1R2acquisition,CP4,eeg
13,0,1R2acquisition,CP6,eeg
13,0,1R2acquisition,P4,eeg
13,0,1R2acquisition,F3,eeg
13,0,1R2acquisition,FC1,eeg
13,0,1R2acquisition,FC3,eeg
13,0,1R2acquisition,FC5,eeg
13,0,1R2acquisition,CP1,eeg
13,0,1R2acquisition,CP3,eeg
13,0,1R2acquisition,CP5,eeg
13,0,1R2acquisition,P3,eeg
13,0,2R3online,Fz,eeg
13,0,2R3online,FCz,eeg
13,0,2R3online,Cz,eeg
13,0,2R3online,CPz,eeg
13,0,2R3online,Pz,eeg
13,0,2R3online,C1,eeg
13,0,2R3online,C3,eeg
13,0,2R3online,C5,eeg
13,0,2R3online,C2,eeg
13,0,2R3online,C4,eeg
13,0,2R3online,C6,eeg
13,0,2R3online,EOG1,eog
13,0,2R3online,EOG2,eog
13,0,2R3online,EOG3,eog
13,0,2R3online,EMGg,emg
13,0,2R3online,EMGd,emg
13,0,2R3online,F4,eeg
13,0,2R3online,FC2,eeg
13,0,2R3online,FC4,eeg
13,0,2R3online,FC6,eeg
13,0,2R3online,CP2,eeg
13,0,2R3online,CP4,eeg
13,0,2R3online,CP6,eeg
13,0,2R3online,P4,eeg
13,0,2R3online,F3,eeg
13,0,2R3online,FC1,eeg
13,0,2R3online,FC3,eeg
13,0,2R3online,FC5,eeg
13,0,2R3online,CP1,eeg
13,0,2R3online,CP3,eeg
13,0,2R3online,CP5,eeg
13,0,2R3online,P3,eeg
13,0,3R4online,Fz,eeg
13,0,3R4online,FCz,eeg
13,0,3R4online,Cz,eeg
13,0,3R4online,CPz,eeg
13,0,3R4online,Pz,eeg
13,0,3R4online,C1,eeg
13,0,3R4online,C3,eeg
13,0,3R4online,C5,eeg
13,0,3R4online,C2,eeg
13,0,3R4online,C4,eeg
13,0,3R4online,C6,eeg
13,0,3R4online,EOG1,eog
13,0,3R4online,EOG2,eog
13,0,3R4online,EOG3,eog
13,0,3R4online,EMGg,emg
13,0,3R4online,EMGd,emg
13,0,3R4online,F4,eeg
13,0,3R4online,FC2,eeg
13,0,3R4online,FC4,eeg
13,0,3R4online,FC6,eeg
13,0,3R4online,CP2,eeg
13,0,3R4online,CP4,eeg
13,0,3R4online,CP6,eeg
13,0,3R4online,P4,eeg
13,0,3R4online,F3,eeg
13,0,3R4online,FC1,eeg
13,0,3R4online,FC3,eeg
13,0,3R4online,FC5,eeg
13,0,3R4online,CP1,eeg
13,0,3R4online,CP3,eeg
13,0,3R4online,CP5,eeg
13,0,3R4online,P3,eeg
13,0,4R5online,Fz,eeg
13,0,4R5online,FCz,eeg
13,0,4R5online,Cz,eeg
13,0,4R5online,CPz,eeg
13,0,4R5online,Pz,eeg
13,0,4R5online,C1,eeg
13,0,4R5online,C3,eeg
13,0,4R5online,C5,eeg
13,0,4R5online,C2,eeg
13,0,4R5online,C4,eeg
13,0,4R5online,C6,eeg
13,0,4R5online,EOG1,eog
13,0,4R5online,EOG2,eog
13,0,4R5online,EOG3,eog
13,0,4R5online,EMGg,emg
13,0,4R5online,EMGd,emg
13,0,4R5online,F4,eeg
13,0,4R5online,FC2,eeg
13,0,4R5online,FC4,eeg
13,0,4R5online,FC6,eeg
13,0,4R5online,CP2,eeg
13,0,4R5online,CP4,eeg
13,0,4R5online,CP6,eeg
13,0,4R5online,P4,eeg
13,0,4R5online,F3,eeg
13,0,4R5online,FC1,eeg
13,0,4R5online,FC3,eeg
13,0,4R5online,FC5,eeg
13,0,4R5online,CP1,eeg
13,0,4R5online,CP3,eeg
13,0,4R5online,CP5,eeg
13,0,4R5online,P3,eeg
13,0,5R6online,Fz,eeg
13,0,5R6online,FCz,eeg
13,0,5R6online,Cz,eeg
13,0,5R6online,CPz,eeg
13,0,5R6online,Pz,eeg
13,0,5R6online,C1,eeg
13,0,5R6online,C3,eeg
13,0,5R6online,C5,eeg
13,0,5R6online,C2,eeg
13,0,5R6online,C4,eeg
13,0,5R6online,C6,eeg
13,0,5R6online,EOG1,eog
13,0,5R6online,EOG2,eog
13,0,5R6online,EOG3,eog
13,0,5R6online,EMGg,emg
13,0,5R6online,EMGd,emg
13,0,5R6online,F4,eeg
13,0,5R6online,FC2,eeg
13,0,5R6online,FC4,eeg
13,0,5R6online,FC6,eeg
13,0,5R6online,CP2,eeg
13,0,5R6online,CP4,eeg
13,0,5R6online,CP6,eeg
13,0,5R6online,P4,eeg
13,0,5R6online,F3,eeg
13,0,5R6online,FC1,eeg
13,0,5R6online,FC3,eeg
13,0,5R6online,FC5,eeg
13,0,5R6online,CP1,eeg
13,0,5R6online,CP3,eeg
13,0,5R6online,CP5,eeg
13,0,5R6online,P3,eeg
14,0,0R1acquisition,Fz,eeg
14,0,0R1acquisition,FCz,eeg
14,0,0R1acquisition,Cz,eeg
14,0,0R1acquisition,CPz,eeg
14,0,0R1acquisition,Pz,eeg
14,0,0R1acquisition,C1,eeg
14,0,0R1acquisition,C3,eeg
14,0,0R1acquisition,C5,eeg
14,0,0R1acquisition,C2,eeg
14,0,0R1acquisition,C4,eeg
14,0,0R1acquisition,C6,eeg
14,0,0R1acquisition,EOG1,eog
14,0,0R1acquisition,EOG2,eog
14,0,0R1acquisition,EOG3,eog
14,0,0R1acquisition,EMGg,emg
14,0,0R1acquisition,EMGd,emg
14,0,0R1acquisition,F4,eeg
14,0,0R1acquisition,FC2,eeg
14,0,0R1acquisition,FC4,eeg
14,0,0R1acquisition,FC6,eeg
14,0,0R1acquisition,CP2,eeg
14,0,0R1acquisition,CP4,eeg
14,0,0R1acquisition,CP6,eeg
14,0,0R1acquisition,P4,eeg
14,0,0R1acquisition,F3,eeg
14,0,0R1acquisition,FC1,eeg
14,0,0R1acquisition,FC3,eeg
14,0,0R1acquisition,FC5,eeg
14,0,0R1acquisition,CP1,eeg
14,0,0R1acquisition,CP3,eeg
14,0,0R1acquisition,CP5,eeg
14,0,0R1acquisition,P3,eeg
14,0,1R2acquisition,Fz,eeg
14,0,1R2acquisition,FCz,eeg
14,0,1R2acquisition,Cz,eeg
14,0,1R2acquisition,CPz,eeg
14,0,1R2acquisition,Pz,eeg
14,0,1R2acquisition,C1,eeg
14,0,1R2acquisition,C3,eeg
14,0,1R2acquisition,C5,eeg
14,0,1R2acquisition,C2,eeg
14,0,1R2acquisition,C4,eeg
14,0,1R2acquisition,C6,eeg
14,0,1R2acquisition,EOG1,eog
14,0,1R2acquisition,EOG2,eog
14,0,1R2acquisition,EOG3,eog
14,0,1R2acquisition,EMGg,emg
14,0,1R2acquisition,EMGd,emg
14,0,1R2acquisition,F4,eeg
14,0,1R2acquisition,FC2,eeg
14,0,1R2acquisition,FC4,eeg
14,0,1R2acquisition,FC6,eeg
14,0,1R2acquisition,CP2,eeg
14,0,1R2acquisition,CP4,eeg
14,0,1R2acquisition,CP6,eeg
14,0,1R2acquisition,P4,eeg
14,0,1R2acquisition,F3,eeg
14,0,1R2acquisition,FC1,eeg
14,0,1R2acquisition,FC3,eeg
14,0,1R2acquisition,FC5,eeg
14,0,1R2acquisition,CP1,eeg
14,0,1R2acquisition,CP3,eeg
14,0,1R2acquisition,CP5,eeg
14,0,1R2acquisition,P3,eeg
14,0,2R3online,Fz,eeg
14,0,2R3online,FCz,eeg
14,0,2R3online,Cz,eeg
14,0,2R3online,CPz,eeg
14,0,2R3online,Pz,eeg
14,0,2R3online,C1,eeg
14,0,2R3online,C3,eeg
14,0,2R3online,C5,eeg
14,0,2R3online,C2,eeg
14,0,2R3online,C4,eeg
14,0,2R3online,C6,eeg
14,0,2R3online,EOG1,eog
14,0,2R3online,EOG2,eog
14,0,2R3online,EOG3,eog
14,0,2R3online,EMGg,emg
14,0,2R3online,EMGd,emg
14,0,2R3online,F4,eeg
14,0,2R3online,FC2,eeg
14,0,2R3online,FC4,eeg
14,0,2R3online,FC6,eeg
14,0,2R3online,CP2,eeg
14,0,2R3online,CP4,eeg
14,0,2R3online,CP6,eeg
14,0,2R3online,P4,eeg
14,0,2R3online,F3,eeg
14,0,2R3online,FC1,eeg
14,0,2R3online,FC3,eeg
14,0,2R3online,FC5,eeg
14,0,2R3online,CP1,eeg
14,0,2R3online,CP3,eeg
14,0,2R3online,CP5,eeg
14,0,2R3online,P3,eeg
14,0,3R4online,Fz,eeg
14,0,3R4online,FCz,eeg
14,0,3R4online,Cz,eeg
14,0,3R4online,CPz,eeg
14,0,3R4online,Pz,eeg
14,0,3R4online,C1,eeg
14,0,3R4online,C3,eeg
14,0,3R4online,C5,eeg
14,0,3R4online,C2,eeg
14,0,3R4online,C4,eeg
14,0,3R4online,C6,eeg
14,0,3R4online,EOG1,eog
14,0,3R4online,EOG2,eog
14,0,3R4online,EOG3,eog
14,0,3R4online,EMGg,emg
14,0,3R4online,EMGd,emg
14,0,3R4online,F4,eeg
14,0,3R4online,FC2,eeg
14,0,3R4online,FC4,eeg
14,0,3R4online,FC6,eeg
14,0,3R4online,CP2,eeg
14,0,3R4online,CP4,eeg
14,0,3R4online,CP6,eeg
14,0,3R4online,P4,eeg
14,0,3R4online,F3,eeg
14,0,3R4online,FC1,eeg
14,0,3R4online,FC3,eeg
14,0,3R4online,FC5,eeg
14,0,3R4online,CP1,eeg
14,0,3R4online,CP3,eeg
14,0,3R4online,CP5,eeg
14,0,3R4online,P3,eeg
14,0,4R5online,Fz,eeg
14,0,4R5online,FCz,eeg
14,0,4R5online,Cz,eeg
14,0,4R5online,CPz,eeg
14,0,4R5online,Pz,eeg
14,0,4R5online,C1,eeg
14,0,4R5online,C3,eeg
14,0,4R5online,C5,eeg
14,0,4R5online,C2,eeg
14,0,4R5online,C4,eeg
14,0,4R5online,C6,eeg
14,0,4R5online,EOG1,eog
14,0,4R5online,EOG2,eog
14,0,4R5online,EOG3,eog
14,0,4R5online,EMGg,emg
14,0,4R5online,EMGd,emg
14,0,4R5online,F4,eeg
14,0,4R5online,FC2,eeg
14,0,4R5online,FC4,eeg
14,0,4R5online,FC6,eeg
14,0,4R5online,CP2,eeg
14,0,4R5online,CP4,eeg
14,0,4R5online,CP6,eeg
14,0,4R5online,P4,eeg
14,0,4R5online,F3,eeg
14,0,4R5online,FC1,eeg
14,0,4R5online,FC3,eeg
14,0,4R5online,FC5,eeg
14,0,4R5online,CP1,eeg
14,0,4R5online,CP3,eeg
14,0,4R5online,CP5,eeg
14,0,4R5online,P3,eeg
14,0,5R6online,Fz,eeg
14,0,5R6online,FCz,eeg
14,0,5R6online,Cz,eeg
14,0,5R6online,CPz,eeg
14,0,5R6online,Pz,eeg
14,0,5R6online,C1,eeg
14,0,5R6online,C3,eeg
14,0,5R6online,C5,eeg
14,0,5R6online,C2,eeg
14,0,5R6online,C4,eeg
14,0,5R6online,C6,eeg
14,0,5R6online,EOG1,eog
14,0,5R6online,EOG2,eog
14,0,5R6online,EOG3,eog
14,0,5R6online,EMGg,emg
14,0,5R6online,EMGd,emg
14,0,5R6online,F4,eeg
14,0,5R6online,FC2,eeg
14,0,5R6online,FC4,eeg
14,0,5R6online,FC6,eeg
14,0,5R6online,CP2,eeg
14,0,5R6online,CP4,eeg
14,0,5R6online,CP6,eeg
14,0,5R6online,P4,eeg
14,0,5R6online,F3,eeg
14,0,5R6online,FC1,eeg
14,0,5R6online,FC3,eeg
14,0,5R6online,FC5,eeg
14,0,5R6online,CP1,eeg
14,0,5R6online,CP3,eeg
14,0,5R6online,CP5,eeg
14,0,5R6online,P3,eeg
15,0,0R1acquisition,Fz,eeg
15,0,0R1acquisition,FCz,eeg
15,0,0R1acquisition,Cz,eeg
15,0,0R1acquisition,CPz,eeg
15,0,0R1acquisition,Pz,eeg
15,0,0R1acquisition,C1,eeg
15,0,0R1acquisition,C3,eeg
15,0,0R1acquisition,C5,eeg
15,0,0R1acquisition,C2,eeg
15,0,0R1acquisition,C4,eeg
15,0,0R1acquisition,C6,eeg
15,0,0R1acquisition,EOG1,eog
15,0,0R1acquisition,EOG2,eog
15,0,0R1acquisition,EOG3,eog
15,0,0R1acquisition,EMGg,emg
15,0,0R1acquisition,EMGd,emg
15,0,0R1acquisition,F4,eeg
15,0,0R1acquisition,FC2,eeg
15,0,0R1acquisition,FC4,eeg
15,0,0R1acquisition,FC6,eeg
15,0,0R1acquisition,CP2,eeg
15,0,0R1acquisition,CP4,eeg
15,0,0R1acquisition,CP6,eeg
15,0,0R1acquisition,P4,eeg
15,0,0R1acquisition,F3,eeg
15,0,0R1acquisition,FC1,eeg
15,0,0R1acquisition,FC3,eeg
15,0,0R1acquisition,FC5,eeg
15,0,0R1acquisition,CP1,eeg
15,0,0R1acquisition,CP3,eeg
15,0,0R1acquisition,CP5,eeg
15,0,0R1acquisition,P3,eeg
15,0,1R2acquisition,Fz,eeg
15,0,1R2acquisition,FCz,eeg
15,0,1R2acquisition,Cz,eeg
15,0,1R2acquisition,CPz,eeg
15,0,1R2acquisition,Pz,eeg
15,0,1R2acquisition,C1,eeg
15,0,1R2acquisition,C3,eeg
15,0,1R2acquisition,C5,eeg
15,0,1R2acquisition,C2,eeg
15,0,1R2acquisition,C4,eeg
15,0,1R2acquisition,C6,eeg
15,0,1R2acquisition,EOG1,eog
15,0,1R2acquisition,EOG2,eog
15,0,1R2acquisition,EOG3,eog
15,0,1R2acquisition,EMGg,emg
15,0,1R2acquisition,EMGd,emg
15,0,1R2acquisition,F4,eeg
15,0,1R2acquisition,FC2,eeg
15,0,1R2acquisition,FC4,eeg
15,0,1R2acquisition,FC6,eeg
15,0,1R2acquisition,CP2,eeg
15,0,1R2acquisition,CP4,eeg
15,0,1R2acquisition,CP6,eeg
15,0,1R2acquisition,P4,eeg
15,0,1R2acquisition,F3,eeg
15,0,1R2acquisition,FC1,eeg
15,0,1R2acquisition,FC3,eeg
15,0,1R2acquisition,FC5,eeg
15,0,1R2acquisition,CP1,eeg
15,0,1R2acquisition,CP3,eeg
15,0,1R2acquisition,CP5,eeg
15,0,1R2acquisition,P3,eeg
15,0,2R3online,Fz,eeg
15,0,2R3online,FCz,eeg
15,0,2R3online,Cz,eeg
15,0,2R3online,CPz,eeg
15,0,2R3online,Pz,eeg
15,0,2R3online,C1,eeg
15,0,2R3online,C3,eeg
15,0,2R3online,C5,eeg
15,0,2R3online,C2,eeg
15,0,2R3online,C4,eeg
15,0,2R3online,C6,eeg
15,0,2R3online,EOG1,eog
15,0,2R3online,EOG2,eog
15,0,2R3online,EOG3,eog
15,0,2R3online,EMGg,emg
15,0,2R3online,EMGd,emg
15,0,2R3online,F4,eeg
15,0,2R3online,FC2,eeg
15,0,2R3online,FC4,eeg
15,0,2R3online,FC6,eeg
15,0,2R3online,CP2,eeg
15,0,2R3online,CP4,eeg
15,0,2R3online,CP6,eeg
15,0,2R3online,P4,eeg
15,0,2R3online,F3,eeg
15,0,2R3online,FC1,eeg
15,0,2R3online,FC3,eeg
15,0,2R3online,FC5,eeg
15,0,2R3online,CP1,eeg
15,0,2R3online,CP3,eeg
15,0,2R3online,CP5,eeg
15,0,2R3online,P3,eeg
15,0,3R4online,Fz,eeg
15,0,3R4online,FCz,eeg
15,0,3R4online,Cz,eeg
15,0,3R4online,CPz,eeg
15,0,3R4online,Pz,eeg
15,0,3R4online,C1,eeg
15,0,3R4online,C3,eeg
15,0,3R4online,C5,eeg
15,0,3R4online,C2,eeg
15,0,3R4online,C4,eeg
15,0,3R4online,C6,eeg
15,0,3R4online,EOG1,eog
15,0,3R4online,EOG2,eog
15,0,3R4online,EOG3,eog
15,0,3R4online,EMGg,emg
15,0,3R4online,EMGd,emg
15,0,3R4online,F4,eeg
15,0,3R4online,FC2,eeg
15,0,3R4online,FC4,eeg
15,0,3R4online,FC6,eeg
15,0,3R4online,CP2,eeg
15,0,3R4online,CP4,eeg
15,0,3R4online,CP6,eeg
15,0,3R4online,P4,eeg
15,0,3R4online,F3,eeg
15,0,3R4online,FC1,eeg
15,0,3R4online,FC3,eeg
15,0,3R4online,FC5,eeg
15,0,3R4online,CP1,eeg
15,0,3R4online,CP3,eeg
15,0,3R4online,CP5,eeg
15,0,3R4online,P3,eeg
15,0,4R5online,Fz,eeg
15,0,4R5online,FCz,eeg
15,0,4R5online,Cz,eeg
15,0,4R5online,CPz,eeg
15,0,4R5online,Pz,eeg
15,0,4R5online,C1,eeg
15,0,4R5online,C3,eeg
15,0,4R5online,C5,eeg
15,0,4R5online,C2,eeg
15,0,4R5online,C4,eeg
15,0,4R5online,C6,eeg
15,0,4R5online,EOG1,eog
15,0,4R5online,EOG2,eog
15,0,4R5online,EOG3,eog
15,0,4R5online,EMGg,emg
15,0,4R5online,EMGd,emg
15,0,4R5online,F4,eeg
15,0,4R5online,FC2,eeg
15,0,4R5online,FC4,eeg
15,0,4R5online,FC6,eeg
15,0,4R5online,CP2,eeg
15,0,4R5online,CP4,eeg
15,0,4R5online,CP6,eeg
15,0,4R5online,P4,eeg
15,0,4R5online,F3,eeg
15,0,4R5online,FC1,eeg
15,0,4R5online,FC3,eeg
15,0,4R5online,FC5,eeg
15,0,4R5online,CP1,eeg
15,0,4R5online,CP3,eeg
15,0,4R5online,CP5,eeg
15,0,4R5online,P3,eeg
15,0,5R6online,Fz,eeg
15,0,5R6online,FCz,eeg
15,0,5R6online,Cz,eeg
15,0,5R6online,CPz,eeg
15,0,5R6online,Pz,eeg
15,0,5R6online,C1,eeg
15,0,5R6online,C3,eeg
15,0,5R6online,C5,eeg
15,0,5R6online,C2,eeg
15,0,5R6online,C4,eeg
15,0,5R6online,C6,eeg
15,0,5R6online,EOG1,eog
15,0,5R6online,EOG2,eog
15,0,5R6online,EOG3,eog
15,0,5R6online,EMGg,emg
15,0,5R6online,EMGd,emg
15,0,5R6online,F4,eeg
15,0,5R6online,FC2,eeg
15,0,5R6online,FC4,eeg
15,0,5R6online,FC6,eeg
15,0,5R6online,CP2,eeg
15,0,5R6online,CP4,eeg
15,0,5R6online,CP6,eeg
15,0,5R6online,P4,eeg
15,0,5R6online,F3,eeg
15,0,5R6online,FC1,eeg
15,0,5R6online,FC3,eeg
15,0,5R6online,FC5,eeg
15,0,5R6online,CP1,eeg
15,0,5R6online,CP3,eeg
15,0,5R6online,CP5,eeg
15,0,5R6online,P3,eeg
16,0,0R1acquisition,Fz,eeg
16,0,0R1acquisition,FCz,eeg
16,0,0R1acquisition,Cz,eeg
16,0,0R1acquisition,CPz,eeg
16,0,0R1acquisition,Pz,eeg
16,0,0R1acquisition,C1,eeg
16,0,0R1acquisition,C3,eeg
16,0,0R1acquisition,C5,eeg
16,0,0R1acquisition,C2,eeg
16,0,0R1acquisition,C4,eeg
16,0,0R1acquisition,C6,eeg
16,0,0R1acquisition,EOG1,eog
16,0,0R1acquisition,EOG2,eog
16,0,0R1acquisition,EOG3,eog
16,0,0R1acquisition,EMGg,emg
16,0,0R1acquisition,EMGd,emg
16,0,0R1acquisition,F4,eeg
16,0,0R1acquisition,FC2,eeg
16,0,0R1acquisition,FC4,eeg
16,0,0R1acquisition,FC6,eeg
16,0,0R1acquisition,CP2,eeg
16,0,0R1acquisition,CP4,eeg
16,0,0R1acquisition,CP6,eeg
16,0,0R1acquisition,P4,eeg
16,0,0R1acquisition,F3,eeg
16,0,0R1acquisition,FC1,eeg
16,0,0R1acquisition,FC3,eeg
16,0,0R1acquisition,FC5,eeg
16,0,0R1acquisition,CP1,eeg
16,0,0R1acquisition,CP3,eeg
16,0,0R1acquisition,CP5,eeg
16,0,0R1acquisition,P3,eeg
16,0,1R2acquisition,Fz,eeg
16,0,1R2acquisition,FCz,eeg
16,0,1R2acquisition,Cz,eeg
16,0,1R2acquisition,CPz,eeg
16,0,1R2acquisition,Pz,eeg
16,0,1R2acquisition,C1,eeg
16,0,1R2acquisition,C3,eeg
16,0,1R2acquisition,C5,eeg
16,0,1R2acquisition,C2,eeg
16,0,1R2acquisition,C4,eeg
16,0,1R2acquisition,C6,eeg
16,0,1R2acquisition,EOG1,eog
16,0,1R2acquisition,EOG2,eog
16,0,1R2acquisition,EOG3,eog
16,0,1R2acquisition,EMGg,emg
16,0,1R2acquisition,EMGd,emg
16,0,1R2acquisition,F4,eeg
16,0,1R2acquisition,FC2,eeg
16,0,1R2acquisition,FC4,eeg
16,0,1R2acquisition,FC6,eeg
16,0,1R2acquisition,CP2,eeg
16,0,1R2acquisition,CP4,eeg
16,0,1R2acquisition,CP6,eeg
16,0,1R2acquisition,P4,eeg
16,0,1R2acquisition,F3,eeg
16,0,1R2acquisition,FC1,eeg
16,0,1R2acquisition,FC3,eeg
16,0,1R2acquisition,FC5,eeg
16,0,1R2acquisition,CP1,eeg
16,0,1R2acquisition,CP3,eeg
16,0,1R2acquisition,CP5,eeg
16,0,1R2acquisition,P3,eeg
16,0,2R3online,Fz,eeg
16,0,2R3online,FCz,eeg
16,0,2R3online,Cz,eeg
16,0,2R3online,CPz,eeg
16,0,2R3online,Pz,eeg
16,0,2R3online,C1,eeg
16,0,2R3online,C3,eeg
16,0,2R3online,C5,eeg
16,0,2R3online,C2,eeg
16,0,2R3online,C4,eeg
16,0,2R3online,C6,eeg
16,0,2R3online,EOG1,eog
16,0,2R3online,EOG2,eog
16,0,2R3online,EOG3,eog
16,0,2R3online,EMGg,emg
16,0,2R3online,EMGd,emg
16,0,2R3online,F4,eeg
16,0,2R3online,FC2,eeg
16,0,2R3online,FC4,eeg
16,0,2R3online,FC6,eeg
16,0,2R3online,CP2,eeg
16,0,2R3online,CP4,eeg
16,0,2R3online,CP6,eeg
16,0,2R3online,P4,eeg
16,0,2R3online,F3,eeg
16,0,2R3online,FC1,eeg
16,0,2R3online,FC3,eeg
16,0,2R3online,FC5,eeg
16,0,2R3online,CP1,eeg
16,0,2R3online,CP3,eeg
16,0,2R3online,CP5,eeg
16,0,2R3online,P3,eeg
16,0,3R4online,Fz,eeg
16,0,3R4online,FCz,eeg
16,0,3R4online,Cz,eeg
16,0,3R4online,CPz,eeg
16,0,3R4online,Pz,eeg
16,0,3R4online,C1,eeg
16,0,3R4online,C3,eeg
16,0,3R4online,C5,eeg
16,0,3R4online,C2,eeg
16,0,3R4online,C4,eeg
16,0,3R4online,C6,eeg
16,0,3R4online,EOG1,eog
16,0,3R4online,EOG2,eog
16,0,3R4online,EOG3,eog
16,0,3R4online,EMGg,emg
16,0,3R4online,EMGd,emg
16,0,3R4online,F4,eeg
16,0,3R4online,FC2,eeg
16,0,3R4online,FC4,eeg
16,0,3R4online,FC6,eeg
16,0,3R4online,CP2,eeg
16,0,3R4online,CP4,eeg
16,0,3R4online,CP6,eeg
16,0,3R4online,P4,eeg
16,0,3R4online,F3,eeg
16,0,3R4online,FC1,eeg
16,0,3R4online,FC3,eeg
16,0,3R4online,FC5,eeg
16,0,3R4online,CP1,eeg
16,0,3R4online,CP3,eeg
16,0,3R4online,CP5,eeg
16,0,3R4online,P3,eeg
16,0,4R5online,Fz,eeg
16,0,4R5online,FCz,eeg
16,0,4R5online,Cz,eeg
16,0,4R5online,CPz,eeg
16,0,4R5online,Pz,eeg
16,0,4R5online,C1,eeg
16,0,4R5online,C3,eeg
16,0,4R5online,C5,eeg
16,0,4R5online,C2,eeg
16,0,4R5online,C4,eeg
16,0,4R5online,C6,eeg
16,0,4R5online,EOG1,eog
16,0,4R5online,EOG2,eog
16,0,4R5online,EOG3,eog
16,0,4R5online,EMGg,emg
16,0,4R5online,EMGd,emg
16,0,4R5online,F4,eeg
16,0,4R5online,FC2,eeg
16,0,4R5online,FC4,eeg
16,0,4R5online,FC6,eeg
16,0,4R5online,CP2,eeg
16,0,4R5online,CP4,eeg
16,0,4R5online,CP6,eeg
16,0,4R5online,P4,eeg
16,0,4R5online,F3,eeg
16,0,4R5online,FC1,eeg
16,0,4R5online,FC3,eeg
16,0,4R5online,FC5,eeg
16,0,4R5online,CP1,eeg
16,0,4R5online,CP3,eeg
16,0,4R5online,CP5,eeg
16,0,4R5online,P3,eeg
16,0,5R6online,Fz,eeg
16,0,5R6online,FCz,eeg
16,0,5R6online,Cz,eeg
16,0,5R6online,CPz,eeg
16,0,5R6online,Pz,eeg
16,0,5R6online,C1,eeg
16,0,5R6online,C3,eeg
16,0,5R6online,C5,eeg
16,0,5R6online,C2,eeg
16,0,5R6online,C4,eeg
16,0,5R6online,C6,eeg
16,0,5R6online,EOG1,eog
16,0,5R6online,EOG2,eog
16,0,5R6online,EOG3,eog
16,0,5R6online,EMGg,emg
16,0,5R6online,EMGd,emg
16,0,5R6online,F4,eeg
16,0,5R6online,FC2,eeg
16,0,5R6online,FC4,eeg
16,0,5R6online,FC6,eeg
16,0,5R6online,CP2,eeg
16,0,5R6online,CP4,eeg
16,0,5R6online,CP6,eeg
16,0,5R6online,P4,eeg
16,0,5R6online,F3,eeg
16,0,5R6online,FC1,eeg
16,0,5R6online,FC3,eeg
16,0,5R6online,FC5,eeg
16,0,5R6online,CP1,eeg
16,0,5R6online,CP3,eeg
16,0,5R6online,CP5,eeg
16,0,5R6online,P3,eeg
17,0,0R1acquisition,Fz,eeg
17,0,0R1acquisition,FCz,eeg
17,0,0R1acquisition,Cz,eeg
17,0,0R1acquisition,CPz,eeg
17,0,0R1acquisition,Pz,eeg
17,0,0R1acquisition,C1,eeg
17,0,0R1acquisition,C3,eeg
17,0,0R1acquisition,C5,eeg
17,0,0R1acquisition,C2,eeg
17,0,0R1acquisition,C4,eeg
17,0,0R1acquisition,C6,eeg
17,0,0R1acquisition,EOG1,eog
17,0,0R1acquisition,EOG2,eog
17,0,0R1acquisition,EOG3,eog
17,0,0R1acquisition,EMGg,emg
17,0,0R1acquisition,EMGd,emg
17,0,0R1acquisition,F4,eeg
17,0,0R1acquisition,FC2,eeg
17,0,0R1acquisition,FC4,eeg
17,0,0R1acquisition,FC6,eeg
17,0,0R1acquisition,CP2,eeg
17,0,0R1acquisition,CP4,eeg
17,0,0R1acquisition,CP6,eeg
17,0,0R1acquisition,P4,eeg
17,0,0R1acquisition,F3,eeg
17,0,0R1acquisition,FC1,eeg
17,0,0R1acquisition,FC3,eeg
17,0,0R1acquisition,FC5,eeg
17,0,0R1acquisition,CP1,eeg
17,0,0R1acquisition,CP3,eeg
17,0,0R1acquisition,CP5,eeg
17,0,0R1acquisition,P3,eeg
17,0,1R2acquisition,Fz,eeg
17,0,1R2acquisition,FCz,eeg
17,0,1R2acquisition,Cz,eeg
17,0,1R2acquisition,CPz,eeg
17,0,1R2acquisition,Pz,eeg
17,0,1R2acquisition,C1,eeg
17,0,1R2acquisition,C3,eeg
17,0,1R2acquisition,C5,eeg
17,0,1R2acquisition,C2,eeg
17,0,1R2acquisition,C4,eeg
17,0,1R2acquisition,C6,eeg
17,0,1R2acquisition,EOG1,eog
17,0,1R2acquisition,EOG2,eog
17,0,1R2acquisition,EOG3,eog
17,0,1R2acquisition,EMGg,emg
17,0,1R2acquisition,EMGd,emg
17,0,1R2acquisition,F4,eeg
17,0,1R2acquisition,FC2,eeg
17,0,1R2acquisition,FC4,eeg
17,0,1R2acquisition,FC6,eeg
17,0,1R2acquisition,CP2,eeg
17,0,1R2acquisition,CP4,eeg
17,0,1R2acquisition,CP6,eeg
17,0,1R2acquisition,P4,eeg
17,0,1R2acquisition,F3,eeg
17,0,1R2acquisition,FC1,eeg
17,0,1R2acquisition,FC3,eeg
17,0,1R2acquisition,FC5,eeg
17,0,1R2acquisition,CP1,eeg
17,0,1R2acquisition,CP3,eeg
17,0,1R2acquisition,CP5,eeg
17,0,1R2acquisition,P3,eeg
17,0,2R3online,Fz,eeg
17,0,2R3online,FCz,eeg
17,0,2R3online,Cz,eeg
17,0,2R3online,CPz,eeg
17,0,2R3online,Pz,eeg
17,0,2R3online,C1,eeg
17,0,2R3online,C3,eeg
17,0,2R3online,C5,eeg
17,0,2R3online,C2,eeg
17,0,2R3online,C4,eeg
17,0,2R3online,C6,eeg
17,0,2R3online,EOG1,eog
17,0,2R3online,EOG2,eog
17,0,2R3online,EOG3,eog
17,0,2R3online,EMGg,emg
17,0,2R3online,EMGd,emg
17,0,2R3online,F4,eeg
17,0,2R3online,FC2,eeg
17,0,2R3online,FC4,eeg
17,0,2R3online,FC6,eeg
17,0,2R3online,CP2,eeg
17,0,2R3online,CP4,eeg
17,0,2R3online,CP6,eeg
17,0,2R3online,P4,eeg
17,0,2R3online,F3,eeg
17,0,2R3online,FC1,eeg
17,0,2R3online,FC3,eeg
17,0,2R3online,FC5,eeg
17,0,2R3online,CP1,eeg
17,0,2R3online,CP3,eeg
17,0,2R3online,CP5,eeg
17,0,2R3online,P3,eeg
17,0,3R4online,Fz,eeg
17,0,3R4online,FCz,eeg
17,0,3R4online,Cz,eeg
17,0,3R4online,CPz,eeg
17,0,3R4online,Pz,eeg
17,0,3R4online,C1,eeg
17,0,3R4online,C3,eeg
17,0,3R4online,C5,eeg
17,0,3R4online,C2,eeg
17,0,3R4online,C4,eeg
17,0,3R4online,C6,eeg
17,0,3R4online,EOG1,eog
17,0,3R4online,EOG2,eog
17,0,3R4online,EOG3,eog
17,0,3R4online,EMGg,emg
17,0,3R4online,EMGd,emg
17,0,3R4online,F4,eeg
17,0,3R4online,FC2,eeg
17,0,3R4online,FC4,eeg
17,0,3R4online,FC6,eeg
17,0,3R4online,CP2,eeg
17,0,3R4online,CP4,eeg
17,0,3R4online,CP6,eeg
17,0,3R4online,P4,eeg
17,0,3R4online,F3,eeg
17,0,3R4online,FC1,eeg
17,0,3R4online,FC3,eeg
17,0,3R4online,FC5,eeg
17,0,3R4online,CP1,eeg
17,0,3R4online,CP3,eeg
17,0,3R4online,CP5,eeg
17,0,3R4online,P3,eeg
17,0,4R5online,Fz,eeg
17,0,4R5online,FCz,eeg
17,0,4R5online,Cz,eeg
17,0,4R5online,CPz,eeg
17,0,4R5online,Pz,eeg
17,0,4R5online,C1,eeg
17,0,4R5online,C3,eeg
17,0,4R5online,C5,eeg
17,0,4R5online,C2,eeg
17,0,4R5online,C4,eeg
17,0,4R5online,C6,eeg
17,0,4R5online,EOG1,eog
17,0,4R5online,EOG2,eog
17,0,4R5online,EOG3,eog
17,0,4R5online,EMGg,emg
17,0,4R5online,EMGd,emg
17,0,4R5online,F4,eeg
17,0,4R5online,FC2,eeg
17,0,4R5online,FC4,eeg
17,0,4R5online,FC6,eeg
17,0,4R5online,CP2,eeg
17,0,4R5online,CP4,eeg
17,0,4R5online,CP6,eeg
17,0,4R5online,P4,eeg
17,0,4R5online,F3,eeg
17,0,4R5online,FC1,eeg
17,0,4R5online,FC3,eeg
17,0,4R5online,FC5,eeg
17,0,4R5online,CP1,eeg
17,0,4R5online,CP3,eeg
17,0,4R5online,CP5,eeg
17,0,4R5online,P3,eeg
17,0,5R6online,Fz,eeg
17,0,5R6online,FCz,eeg
17,0,5R6online,Cz,eeg
17,0,5R6online,CPz,eeg
17,0,5R6online,Pz,eeg
17,0,5R6online,C1,eeg
17,0,5R6online,C3,eeg
17,0,5R6online,C5,eeg
17,0,5R6online,C2,eeg
17,0,5R6online,C4,eeg
17,0,5R6online,C6,eeg
17,0,5R6online,EOG1,eog
17,0,5R6online,EOG2,eog
17,0,5R6online,EOG3,eog
17,0,5R6online,EMGg,emg
17,0,5R6online,EMGd,emg
17,0,5R6online,F4,eeg
17,0,5R6online,FC2,eeg
17,0,5R6online,FC4,eeg
17,0,5R6online,FC6,eeg
17,0,5R6online,CP2,eeg
17,0,5R6online,CP4,eeg
17,0,5R6online,CP6,eeg
17,0,5R6online,P4,eeg
17,0,5R6online,F3,eeg
17,0,5R6online,FC1,eeg
17,0,5R6online,FC3,eeg
17,0,5R6online,FC5,eeg
17,0,5R6online,CP1,eeg
17,0,5R6online,CP3,eeg
17,0,5R6online,CP5,eeg
17,0,5R6online,P3,eeg
18,0,0R1acquisition,Fz,eeg
18,0,0R1acquisition,FCz,eeg
18,0,0R1acquisition,Cz,eeg
18,0,0R1acquisition,CPz,eeg
18,0,0R1acquisition,Pz,eeg
18,0,0R1acquisition,C1,eeg
18,0,0R1acquisition,C3,eeg
18,0,0R1acquisition,C5,eeg
18,0,0R1acquisition,C2,eeg
18,0,0R1acquisition,C4,eeg
18,0,0R1acquisition,C6,eeg
18,0,0R1acquisition,EOG1,eog
18,0,0R1acquisition,EOG2,eog
18,0,0R1acquisition,EOG3,eog
18,0,0R1acquisition,EMGg,emg
18,0,0R1acquisition,EMGd,emg
18,0,0R1acquisition,F4,eeg
18,0,0R1acquisition,FC2,eeg
18,0,0R1acquisition,FC4,eeg
18,0,0R1acquisition,FC6,eeg
18,0,0R1acquisition,CP2,eeg
18,0,0R1acquisition,CP4,eeg
18,0,0R1acquisition,CP6,eeg
18,0,0R1acquisition,P4,eeg
18,0,0R1acquisition,F3,eeg
18,0,0R1acquisition,FC1,eeg
18,0,0R1acquisition,FC3,eeg
18,0,0R1acquisition,FC5,eeg
18,0,0R1acquisition,CP1,eeg
18,0,0R1acquisition,CP3,eeg
18,0,0R1acquisition,CP5,eeg
18,0,0R1acquisition,P3,eeg
18,0,1R2acquisition,Fz,eeg
18,0,1R2acquisition,FCz,eeg
18,0,1R2acquisition,Cz,eeg
18,0,1R2acquisition,CPz,eeg
18,0,1R2acquisition,Pz,eeg
18,0,1R2acquisition,C1,eeg
18,0,1R2acquisition,C3,eeg
18,0,1R2acquisition,C5,eeg
18,0,1R2acquisition,C2,eeg
18,0,1R2acquisition,C4,eeg
18,0,1R2acquisition,C6,eeg
18,0,1R2acquisition,EOG1,eog
18,0,1R2acquisition,EOG2,eog
18,0,1R2acquisition,EOG3,eog
18,0,1R2acquisition,EMGg,emg
18,0,1R2acquisition,EMGd,emg
18,0,1R2acquisition,F4,eeg
18,0,1R2acquisition,FC2,eeg
18,0,1R2acquisition,FC4,eeg
18,0,1R2acquisition,FC6,eeg
18,0,1R2acquisition,CP2,eeg
18,0,1R2acquisition,CP4,eeg
18,0,1R2acquisition,CP6,eeg
18,0,1R2acquisition,P4,eeg
18,0,1R2acquisition,F3,eeg
18,0,1R2acquisition,FC1,eeg
18,0,1R2acquisition,FC3,eeg
18,0,1R2acquisition,FC5,eeg
18,0,1R2acquisition,CP1,eeg
18,0,1R2acquisition,CP3,eeg
18,0,1R2acquisition,CP5,eeg
18,0,1R2acquisition,P3,eeg
18,0,2R3online,Fz,eeg
18,0,2R3online,FCz,eeg
18,0,2R3online,Cz,eeg
18,0,2R3online,CPz,eeg
18,0,2R3online,Pz,eeg
18,0,2R3online,C1,eeg
18,0,2R3online,C3,eeg
18,0,2R3online,C5,eeg
18,0,2R3online,C2,eeg
18,0,2R3online,C4,eeg
18,0,2R3online,C6,eeg
18,0,2R3online,EOG1,eog
18,0,2R3online,EOG2,eog
18,0,2R3online,EOG3,eog
18,0,2R3online,EMGg,emg
18,0,2R3online,EMGd,emg
18,0,2R3online,F4,eeg
18,0,2R3online,FC2,eeg
18,0,2R3online,FC4,eeg
18,0,2R3online,FC6,eeg
18,0,2R3online,CP2,eeg
18,0,2R3online,CP4,eeg
18,0,2R3online,CP6,eeg
18,0,2R3online,P4,eeg
18,0,2R3online,F3,eeg
18,0,2R3online,FC1,eeg
18,0,2R3online,FC3,eeg
18,0,2R3online,FC5,eeg
18,0,2R3online,CP1,eeg
18,0,2R3online,CP3,eeg
18,0,2R3online,CP5,eeg
18,0,2R3online,P3,eeg
18,0,3R4online,Fz,eeg
18,0,3R4online,FCz,eeg
18,0,3R4online,Cz,eeg
18,0,3R4online,CPz,eeg
18,0,3R4online,Pz,eeg
18,0,3R4online,C1,eeg
18,0,3R4online,C3,eeg
18,0,3R4online,C5,eeg
18,0,3R4online,C2,eeg
18,0,3R4online,C4,eeg
18,0,3R4online,C6,eeg
18,0,3R4online,EOG1,eog
18,0,3R4online,EOG2,eog
18,0,3R4online,EOG3,eog
18,0,3R4online,EMGg,emg
18,0,3R4online,EMGd,emg
18,0,3R4online,F4,eeg
18,0,3R4online,FC2,eeg
18,0,3R4online,FC4,eeg
18,0,3R4online,FC6,eeg
18,0,3R4online,CP2,eeg
18,0,3R4online,CP4,eeg
18,0,3R4online,CP6,eeg
18,0,3R4online,P4,eeg
18,0,3R4online,F3,eeg
18,0,3R4online,FC1,eeg
18,0,3R4online,FC3,eeg
18,0,3R4online,FC5,eeg
18,0,3R4online,CP1,eeg
18,0,3R4online,CP3,eeg
18,0,3R4online,CP5,eeg
18,0,3R4online,P3,eeg
18,0,4R5online,Fz,eeg
18,0,4R5online,FCz,eeg
18,0,4R5online,Cz,eeg
18,0,4R5online,CPz,eeg
18,0,4R5online,Pz,eeg
18,0,4R5online,C1,eeg
18,0,4R5online,C3,eeg
18,0,4R5online,C5,eeg
18,0,4R5online,C2,eeg
18,0,4R5online,C4,eeg
18,0,4R5online,C6,eeg
18,0,4R5online,EOG1,eog
18,0,4R5online,EOG2,eog
18,0,4R5online,EOG3,eog
18,0,4R5online,EMGg,emg
18,0,4R5online,EMGd,emg
18,0,4R5online,F4,eeg
18,0,4R5online,FC2,eeg
18,0,4R5online,FC4,eeg
18,0,4R5online,FC6,eeg
18,0,4R5online,CP2,eeg
18,0,4R5online,CP4,eeg
18,0,4R5online,CP6,eeg
18,0,4R5online,P4,eeg
18,0,4R5online,F3,eeg
18,0,4R5online,FC1,eeg
18,0,4R5online,FC3,eeg
18,0,4R5online,FC5,eeg
18,0,4R5online,CP1,eeg
18,0,4R5online,CP3,eeg
18,0,4R5online,CP5,eeg
18,0,4R5online,P3,eeg
18,0,5R6online,Fz,eeg
18,0,5R6online,FCz,eeg
18,0,5R6online,Cz,eeg
18,0,5R6online,CPz,eeg
18,0,5R6online,Pz,eeg
18,0,5R6online,C1,eeg
18,0,5R6online,C3,eeg
18,0,5R6online,C5,eeg
18,0,5R6online,C2,eeg
18,0,5R6online,C4,eeg
18,0,5R6online,C6,eeg
18,0,5R6online,EOG1,eog
18,0,5R6online,EOG2,eog
18,0,5R6online,EOG3,eog
18,0,5R6online,EMGg,emg
18,0,5R6online,EMGd,emg
18,0,5R6online,F4,eeg
18,0,5R6online,FC2,eeg
18,0,5R6online,FC4,eeg
18,0,5R6online,FC6,eeg
18,0,5R6online,CP2,eeg
18,0,5R6online,CP4,eeg
18,0,5R6online,CP6,eeg
18,0,5R6online,P4,eeg
18,0,5R6online,F3,eeg
18,0,5R6online,FC1,eeg
18,0,5R6online,FC3,eeg
18,0,5R6online,FC5,eeg
18,0,5R6online,CP1,eeg
18,0,5R6online,CP3,eeg
18,0,5R6online,CP5,eeg
18,0,5R6online,P3,eeg
19,0,0R1acquisition,Fz,eeg
19,0,0R1acquisition,FCz,eeg
19,0,0R1acquisition,Cz,eeg
19,0,0R1acquisition,CPz,eeg
19,0,0R1acquisition,Pz,eeg
19,0,0R1acquisition,C1,eeg
19,0,0R1acquisition,C3,eeg
19,0,0R1acquisition,C5,eeg
19,0,0R1acquisition,C2,eeg
19,0,0R1acquisition,C4,eeg
19,0,0R1acquisition,C6,eeg
19,0,0R1acquisition,EOG1,eog
19,0,0R1acquisition,EOG2,eog
19,0,0R1acquisition,EOG3,eog
19,0,0R1acquisition,EMGg,emg
19,0,0R1acquisition,EMGd,emg
19,0,0R1acquisition,F4,eeg
19,0,0R1acquisition,FC2,eeg
19,0,0R1acquisition,FC4,eeg
19,0,0R1acquisition,FC6,eeg
19,0,0R1acquisition,CP2,eeg
19,0,0R1acquisition,CP4,eeg
19,0,0R1acquisition,CP6,eeg
19,0,0R1acquisition,P4,eeg
19,0,0R1acquisition,F3,eeg
19,0,0R1acquisition,FC1,eeg
19,0,0R1acquisition,FC3,eeg
19,0,0R1acquisition,FC5,eeg
19,0,0R1acquisition,CP1,eeg
19,0,0R1acquisition,CP3,eeg
19,0,0R1acquisition,CP5,eeg
19,0,0R1acquisition,P3,eeg
19,0,1R2acquisition,Fz,eeg
19,0,1R2acquisition,FCz,eeg
19,0,1R2acquisition,Cz,eeg
19,0,1R2acquisition,CPz,eeg
19,0,1R2acquisition,Pz,eeg
19,0,1R2acquisition,C1,eeg
19,0,1R2acquisition,C3,eeg
19,0,1R2acquisition,C5,eeg
19,0,1R2acquisition,C2,eeg
19,0,1R2acquisition,C4,eeg
19,0,1R2acquisition,C6,eeg
19,0,1R2acquisition,EOG1,eog
19,0,1R2acquisition,EOG2,eog
19,0,1R2acquisition,EOG3,eog
19,0,1R2acquisition,EMGg,emg
19,0,1R2acquisition,EMGd,emg
19,0,1R2acquisition,F4,eeg
19,0,1R2acquisition,FC2,eeg
19,0,1R2acquisition,FC4,eeg
19,0,1R2acquisition,FC6,eeg
19,0,1R2acquisition,CP2,eeg
19,0,1R2acquisition,CP4,eeg
19,0,1R2acquisition,CP6,eeg
19,0,1R2acquisition,P4,eeg
19,0,1R2acquisition,F3,eeg
19,0,1R2acquisition,FC1,eeg
19,0,1R2acquisition,FC3,eeg
19,0,1R2acquisition,FC5,eeg
19,0,1R2acquisition,CP1,eeg
19,0,1R2acquisition,CP3,eeg
19,0,1R2acquisition,CP5,eeg
19,0,1R2acquisition,P3,eeg
19,0,2R3online,Fz,eeg
19,0,2R3online,FCz,eeg
19,0,2R3online,Cz,eeg
19,0,2R3online,CPz,eeg
19,0,2R3online,Pz,eeg
19,0,2R3online,C1,eeg
19,0,2R3online,C3,eeg
19,0,2R3online,C5,eeg
19,0,2R3online,C2,eeg
19,0,2R3online,C4,eeg
19,0,2R3online,C6,eeg
19,0,2R3online,EOG1,eog
19,0,2R3online,EOG2,eog
19,0,2R3online,EOG3,eog
19,0,2R3online,EMGg,emg
19,0,2R3online,EMGd,emg
19,0,2R3online,F4,eeg
19,0,2R3online,FC2,eeg
19,0,2R3online,FC4,eeg
19,0,2R3online,FC6,eeg
19,0,2R3online,CP2,eeg
19,0,2R3online,CP4,eeg
19,0,2R3online,CP6,eeg
19,0,2R3online,P4,eeg
19,0,2R3online,F3,eeg
19,0,2R3online,FC1,eeg
19,0,2R3online,FC3,eeg
19,0,2R3online,FC5,eeg
19,0,2R3online,CP1,eeg
19,0,2R3online,CP3,eeg
19,0,2R3online,CP5,eeg
19,0,2R3online,P3,eeg
19,0,3R4online,Fz,eeg
19,0,3R4online,FCz,eeg
19,0,3R4online,Cz,eeg
19,0,3R4online,CPz,eeg
19,0,3R4online,Pz,eeg
19,0,3R4online,C1,eeg
19,0,3R4online,C3,eeg
19,0,3R4online,C5,eeg
19,0,3R4online,C2,eeg
19,0,3R4online,C4,eeg
19,0,3R4online,C6,eeg
19,0,3R4online,EOG1,eog
19,0,3R4online,EOG2,eog
19,0,3R4online,EOG3,eog
19,0,3R4online,EMGg,emg
19,0,3R4online,EMGd,emg
19,0,3R4online,F4,eeg
19,0,3R4online,FC2,eeg
19,0,3R4online,FC4,eeg
19,0,3R4online,FC6,eeg
19,0,3R4online,CP2,eeg
19,0,3R4online,CP4,eeg
19,0,3R4online,CP6,eeg
19,0,3R4online,P4,eeg
19,0,3R4online,F3,eeg
19,0,3R4online,FC1,eeg
19,0,3R4online,FC3,eeg
19,0,3R4online,FC5,eeg
19,0,3R4online,CP1,eeg
19,0,3R4online,CP3,eeg
19,0,3R4online,CP5,eeg
19,0,3R4online,P3,eeg
19,0,4R5online,Fz,eeg
19,0,4R5online,FCz,eeg
19,0,4R5online,Cz,eeg
19,0,4R5online,CPz,eeg
19,0,4R5online,Pz,eeg
19,0,4R5online,C1,eeg
19,0,4R5online,C3,eeg
19,0,4R5online,C5,eeg
19,0,4R5online,C2,eeg
19,0,4R5online,C4,eeg
19,0,4R5online,C6,eeg
19,0,4R5online,EOG1,eog
19,0,4R5online,EOG2,eog
19,0,4R5online,EOG3,eog
19,0,4R5online,EMGg,emg
19,0,4R5online,EMGd,emg
19,0,4R5online,F4,eeg
19,0,4R5online,FC2,eeg
19,0,4R5online,FC4,eeg
19,0,4R5online,FC6,eeg
19,0,4R5online,CP2,eeg
19,0,4R5online,CP4,eeg
19,0,4R5online,CP6,eeg
19,0,4R5online,P4,eeg
19,0,4R5online,F3,eeg
19,0,4R5online,FC1,eeg
19,0,4R5online,FC3,eeg
19,0,4R5online,FC5,eeg
19,0,4R5online,CP1,eeg
19,0,4R5online,CP3,eeg
19,0,4R5online,CP5,eeg
19,0,4R5online,P3,eeg
19,0,5R6online,Fz,eeg
19,0,5R6online,FCz,eeg
19,0,5R6online,Cz,eeg
19,0,5R6online,CPz,eeg
19,0,5R6online,Pz,eeg
19,0,5R6online,C1,eeg
19,0,5R6online,C3,eeg
19,0,5R6online,C5,eeg
19,0,5R6online,C2,eeg
19,0,5R6online,C4,eeg
19,0,5R6online,C6,eeg
19,0,5R6online,EOG1,eog
19,0,5R6online,EOG2,eog
19,0,5R6online,EOG3,eog
19,0,5R6online,EMGg,emg
19,0,5R6online,EMGd,emg
19,0,5R6online,F4,eeg
19,0,5R6online,FC2,eeg
19,0,5R6online,FC4,eeg
19,0,5R6online,FC6,eeg
19,0,5R6online,CP2,eeg
19,0,5R6online,CP4,eeg
19,0,5R6online,CP6,eeg
19,0,5R6online,P4,eeg
19,0,5R6online,F3,eeg
19,0,5R6online,FC1,eeg
19,0,5R6online,FC3,eeg
19,0,5R6online,FC5,eeg
19,0,5R6online,CP1,eeg
19,0,5R6online,CP3,eeg
19,0,5R6online,CP5,eeg
19,0,5R6online,P3,eeg
20,0,0R1acquisition,Fz,eeg
20,0,0R1acquisition,FCz,eeg
20,0,0R1acquisition,Cz,eeg
20,0,0R1acquisition,CPz,eeg
20,0,0R1acquisition,Pz,eeg
20,0,0R1acquisition,C1,eeg
20,0,0R1acquisition,C3,eeg
20,0,0R1acquisition,C5,eeg
20,0,0R1acquisition,C2,eeg
20,0,0R1acquisition,C4,eeg
20,0,0R1acquisition,C6,eeg
20,0,0R1acquisition,EOG1,eog
20,0,0R1acquisition,EOG2,eog
20,0,0R1acquisition,EOG3,eog
20,0,0R1acquisition,EMGg,emg
20,0,0R1acquisition,EMGd,emg
20,0,0R1acquisition,F4,eeg
20,0,0R1acquisition,FC2,eeg
20,0,0R1acquisition,FC4,eeg
20,0,0R1acquisition,FC6,eeg
20,0,0R1acquisition,CP2,eeg
20,0,0R1acquisition,CP4,eeg
20,0,0R1acquisition,CP6,eeg
20,0,0R1acquisition,P4,eeg
20,0,0R1acquisition,F3,eeg
20,0,0R1acquisition,FC1,eeg
20,0,0R1acquisition,FC3,eeg
20,0,0R1acquisition,FC5,eeg
20,0,0R1acquisition,CP1,eeg
20,0,0R1acquisition,CP3,eeg
20,0,0R1acquisition,CP5,eeg
20,0,0R1acquisition,P3,eeg
20,0,1R2acquisition,Fz,eeg
20,0,1R2acquisition,FCz,eeg
20,0,1R2acquisition,Cz,eeg
20,0,1R2acquisition,CPz,eeg
20,0,1R2acquisition,Pz,eeg
20,0,1R2acquisition,C1,eeg
20,0,1R2acquisition,C3,eeg
20,0,1R2acquisition,C5,eeg
20,0,1R2acquisition,C2,eeg
20,0,1R2acquisition,C4,eeg
20,0,1R2acquisition,C6,eeg
20,0,1R2acquisition,EOG1,eog
20,0,1R2acquisition,EOG2,eog
20,0,1R2acquisition,EOG3,eog
20,0,1R2acquisition,EMGg,emg
20,0,1R2acquisition,EMGd,emg
20,0,1R2acquisition,F4,eeg
20,0,1R2acquisition,FC2,eeg
20,0,1R2acquisition,FC4,eeg
20,0,1R2acquisition,FC6,eeg
20,0,1R2acquisition,CP2,eeg
20,0,1R2acquisition,CP4,eeg
20,0,1R2acquisition,CP6,eeg
20,0,1R2acquisition,P4,eeg
20,0,1R2acquisition,F3,eeg
20,0,1R2acquisition,FC1,eeg
20,0,1R2acquisition,FC3,eeg
20,0,1R2acquisition,FC5,eeg
20,0,1R2acquisition,CP1,eeg
20,0,1R2acquisition,CP3,eeg
20,0,1R2acquisition,CP5,eeg
20,0,1R2acquisition,P3,eeg
20,0,2R3online,Fz,eeg
20,0,2R3online,FCz,eeg
20,0,2R3online,Cz,eeg
20,0,2R3online,CPz,eeg
20,0,2R3online,Pz,eeg
20,0,2R3online,C1,eeg
20,0,2R3online,C3,eeg
20,0,2R3online,C5,eeg
20,0,2R3online,C2,eeg
20,0,2R3online,C4,eeg
20,0,2R3online,C6,eeg
20,0,2R3online,EOG1,eog
20,0,2R3online,EOG2,eog
20,0,2R3online,EOG3,eog
20,0,2R3online,EMGg,emg
20,0,2R3online,EMGd,emg
20,0,2R3online,F4,eeg
20,0,2R3online,FC2,eeg
20,0,2R3online,FC4,eeg
20,0,2R3online,FC6,eeg
20,0,2R3online,CP2,eeg
20,0,2R3online,CP4,eeg
20,0,2R3online,CP6,eeg
20,0,2R3online,P4,eeg
20,0,2R3online,F3,eeg
20,0,2R3online,FC1,eeg
20,0,2R3online,FC3,eeg
20,0,2R3online,FC5,eeg
20,0,2R3online,CP1,eeg
20,0,2R3online,CP3,eeg
20,0,2R3online,CP5,eeg
20,0,2R3online,P3,eeg
20,0,3R4online,Fz,eeg
20,0,3R4online,FCz,eeg
20,0,3R4online,Cz,eeg
20,0,3R4online,CPz,eeg
20,0,3R4online,Pz,eeg
20,0,3R4online,C1,eeg
20,0,3R4online,C3,eeg
20,0,3R4online,C5,eeg
20,0,3R4online,C2,eeg
20,0,3R4online,C4,eeg
20,0,3R4online,C6,eeg
20,0,3R4online,EOG1,eog
20,0,3R4online,EOG2,eog
20,0,3R4online,EOG3,eog
20,0,3R4online,EMGg,emg
20,0,3R4online,EMGd,emg
20,0,3R4online,F4,eeg
20,0,3R4online,FC2,eeg
20,0,3R4online,FC4,eeg
20,0,3R4online,FC6,eeg
20,0,3R4online,CP2,eeg
20,0,3R4online,CP4,eeg
20,0,3R4online,CP6,eeg
20,0,3R4online,P4,eeg
20,0,3R4online,F3,eeg
20,0,3R4online,FC1,eeg
20,0,3R4online,FC3,eeg
20,0,3R4online,FC5,eeg
20,0,3R4online,CP1,eeg
20,0,3R4online,CP3,eeg
20,0,3R4online,CP5,eeg
20,0,3R4online,P3,eeg
20,0,4R5online,Fz,eeg
20,0,4R5online,FCz,eeg
20,0,4R5online,Cz,eeg
20,0,4R5online,CPz,eeg
20,0,4R5online,Pz,eeg
20,0,4R5online,C1,eeg
20,0,4R5online,C3,eeg
20,0,4R5online,C5,eeg
20,0,4R5online,C2,eeg
20,0,4R5online,C4,eeg
20,0,4R5online,C6,eeg
20,0,4R5online,EOG1,eog
20,0,4R5online,EOG2,eog
20,0,4R5online,EOG3,eog
20,0,4R5online,EMGg,emg
20,0,4R5online,EMGd,emg
20,0,4R5online,F4,eeg
20,0,4R5online,FC2,eeg
20,0,4R5online,FC4,eeg
20,0,4R5online,FC6,eeg
20,0,4R5online,CP2,eeg
20,0,4R5online,CP4,eeg
20,0,4R5online,CP6,eeg
20,0,4R5online,P4,eeg
20,0,4R5online,F3,eeg
20,0,4R5online,FC1,eeg
20,0,4R5online,FC3,eeg
20,0,4R5online,FC5,eeg
20,0,4R5online,CP1,eeg
20,0,4R5online,CP3,eeg
20,0,4R5online,CP5,eeg
20,0,4R5online,P3,eeg
20,0,5R6online,Fz,eeg
20,0,5R6online,FCz,eeg
20,0,5R6online,Cz,eeg
20,0,5R6online,CPz,eeg
20,0,5R6online,Pz,eeg
20,0,5R6online,C1,eeg
20,0,5R6online,C3,eeg
20,0,5R6online,C5,eeg
20,0,5R6online,C2,eeg
20,0,5R6online,C4,eeg
20,0,5R6online,C6,eeg
20,0,5R6online,EOG1,eog
20,0,5R6online,EOG2,eog
20,0,5R6online,EOG3,eog
20,0,5R6online,EMGg,emg
20,0,5R6online,EMGd,emg
20,0,5R6online,F4,eeg
20,0,5R6online,FC2,eeg
20,0,5R6online,FC4,eeg
20,0,5R6online,FC6,eeg
20,0,5R6online,CP2,eeg
20,0,5R6online,CP4,eeg
20,0,5R6online,CP6,eeg
20,0,5R6online,P4,eeg
20,0,5R6online,F3,eeg
20,0,5R6online,FC1,eeg
20,0,5R6online,FC3,eeg
20,0,5R6online,FC5,eeg
20,0,5R6online,CP1,eeg
20,0,5R6online,CP3,eeg
20,0,5R6online,CP5,eeg
20,0,5R6online,P3,eeg
21,0,0R1acquisition,Fz,eeg
21,0,0R1acquisition,FCz,eeg
21,0,0R1acquisition,Cz,eeg
21,0,0R1acquisition,CPz,eeg
21,0,0R1acquisition,Pz,eeg
21,0,0R1acquisition,C1,eeg
21,0,0R1acquisition,C3,eeg
21,0,0R1acquisition,C5,eeg
21,0,0R1acquisition,C2,eeg
21,0,0R1acquisition,C4,eeg
21,0,0R1acquisition,C6,eeg
21,0,0R1acquisition,EOG1,eog
21,0,0R1acquisition,EOG2,eog
21,0,0R1acquisition,EOG3,eog
21,0,0R1acquisition,EMGg,emg
21,0,0R1acquisition,EMGd,emg
21,0,0R1acquisition,F4,eeg
21,0,0R1acquisition,FC2,eeg
21,0,0R1acquisition,FC4,eeg
21,0,0R1acquisition,FC6,eeg
21,0,0R1acquisition,CP2,eeg
21,0,0R1acquisition,CP4,eeg
21,0,0R1acquisition,CP6,eeg
21,0,0R1acquisition,P4,eeg
21,0,0R1acquisition,F3,eeg
21,0,0R1acquisition,FC1,eeg
21,0,0R1acquisition,FC3,eeg
21,0,0R1acquisition,FC5,eeg
21,0,0R1acquisition,CP1,eeg
21,0,0R1acquisition,CP3,eeg
21,0,0R1acquisition,CP5,eeg
21,0,0R1acquisition,P3,eeg
21,0,1R2acquisition,Fz,eeg
21,0,1R2acquisition,FCz,eeg
21,0,1R2acquisition,Cz,eeg
21,0,1R2acquisition,CPz,eeg
21,0,1R2acquisition,Pz,eeg
21,0,1R2acquisition,C1,eeg
21,0,1R2acquisition,C3,eeg
21,0,1R2acquisition,C5,eeg
21,0,1R2acquisition,C2,eeg
21,0,1R2acquisition,C4,eeg
21,0,1R2acquisition,C6,eeg
21,0,1R2acquisition,EOG1,eog
21,0,1R2acquisition,EOG2,eog
21,0,1R2acquisition,EOG3,eog
21,0,1R2acquisition,EMGg,emg
21,0,1R2acquisition,EMGd,emg
21,0,1R2acquisition,F4,eeg
21,0,1R2acquisition,FC2,eeg
21,0,1R2acquisition,FC4,eeg
21,0,1R2acquisition,FC6,eeg
21,0,1R2acquisition,CP2,eeg
21,0,1R2acquisition,CP4,eeg
21,0,1R2acquisition,CP6,eeg
21,0,1R2acquisition,P4,eeg
21,0,1R2acquisition,F3,eeg
21,0,1R2acquisition,FC1,eeg
21,0,1R2acquisition,FC3,eeg
21,0,1R2acquisition,FC5,eeg
21,0,1R2acquisition,CP1,eeg
21,0,1R2acquisition,CP3,eeg
21,0,1R2acquisition,CP5,eeg
21,0,1R2acquisition,P3,eeg
21,0,2R3online,Fz,eeg
21,0,2R3online,FCz,eeg
21,0,2R3online,Cz,eeg
21,0,2R3online,CPz,eeg
21,0,2R3online,Pz,eeg
21,0,2R3online,C1,eeg
21,0,2R3online,C3,eeg
21,0,2R3online,C5,eeg
21,0,2R3online,C2,eeg
21,0,2R3online,C4,eeg
21,0,2R3online,C6,eeg
21,0,2R3online,EOG1,eog
21,0,2R3online,EOG2,eog
21,0,2R3online,EOG3,eog
21,0,2R3online,EMGg,emg
21,0,2R3online,EMGd,emg
21,0,2R3online,F4,eeg
21,0,2R3online,FC2,eeg
21,0,2R3online,FC4,eeg
21,0,2R3online,FC6,eeg
21,0,2R3online,CP2,eeg
21,0,2R3online,CP4,eeg
21,0,2R3online,CP6,eeg
21,0,2R3online,P4,eeg
21,0,2R3online,F3,eeg
21,0,2R3online,FC1,eeg
21,0,2R3online,FC3,eeg
21,0,2R3online,FC5,eeg
21,0,2R3online,CP1,eeg
21,0,2R3online,CP3,eeg
21,0,2R3online,CP5,eeg
21,0,2R3online,P3,eeg
21,0,3R4online,Fz,eeg
21,0,3R4online,FCz,eeg
21,0,3R4online,Cz,eeg
21,0,3R4online,CPz,eeg
21,0,3R4online,Pz,eeg
21,0,3R4online,C1,eeg
21,0,3R4online,C3,eeg
21,0,3R4online,C5,eeg
21,0,3R4online,C2,eeg
21,0,3R4online,C4,eeg
21,0,3R4online,C6,eeg
21,0,3R4online,EOG1,eog
21,0,3R4online,EOG2,eog
21,0,3R4online,EOG3,eog
21,0,3R4online,EMGg,emg
21,0,3R4online,EMGd,emg
21,0,3R4online,F4,eeg
21,0,3R4online,FC2,eeg
21,0,3R4online,FC4,eeg
21,0,3R4online,FC6,eeg
21,0,3R4online,CP2,eeg
21,0,3R4online,CP4,eeg
21,0,3R4online,CP6,eeg
21,0,3R4online,P4,eeg
21,0,3R4online,F3,eeg
21,0,3R4online,FC1,eeg
21,0,3R4online,FC3,eeg
21,0,3R4online,FC5,eeg
21,0,3R4online,CP1,eeg
21,0,3R4online,CP3,eeg
21,0,3R4online,CP5,eeg
21,0,3R4online,P3,eeg
21,0,4R5online,Fz,eeg
21,0,4R5online,FCz,eeg
21,0,4R5online,Cz,eeg
21,0,4R5online,CPz,eeg
21,0,4R5online,Pz,eeg
21,0,4R5online,C1,eeg
21,0,4R5online,C3,eeg
21,0,4R5online,C5,eeg
21,0,4R5online,C2,eeg
21,0,4R5online,C4,eeg
21,0,4R5online,C6,eeg
21,0,4R5online,EOG1,eog
21,0,4R5online,EOG2,eog
21,0,4R5online,EOG3,eog
21,0,4R5online,EMGg,emg
21,0,4R5online,EMGd,emg
21,0,4R5online,F4,eeg
21,0,4R5online,FC2,eeg
21,0,4R5online,FC4,eeg
21,0,4R5online,FC6,eeg
21,0,4R5online,CP2,eeg
21,0,4R5online,CP4,eeg
21,0,4R5online,CP6,eeg
21,0,4R5online,P4,eeg
21,0,4R5online,F3,eeg
21,0,4R5online,FC1,eeg
21,0,4R5online,FC3,eeg
21,0,4R5online,FC5,eeg
21,0,4R5online,CP1,eeg
21,0,4R5online,CP3,eeg
21,0,4R5online,CP5,eeg
21,0,4R5online,P3,eeg
21,0,5R6online,Fz,eeg
21,0,5R6online,FCz,eeg
21,0,5R6online,Cz,eeg
21,0,5R6online,CPz,eeg
21,0,5R6online,Pz,eeg
21,0,5R6online,C1,eeg
21,0,5R6online,C3,eeg
21,0,5R6online,C5,eeg
21,0,5R6online,C2,eeg
21,0,5R6online,C4,eeg
21,0,5R6online,C6,eeg
21,0,5R6online,EOG1,eog
21,0,5R6online,EOG2,eog
21,0,5R6online,EOG3,eog
21,0,5R6online,EMGg,emg
21,0,5R6online,EMGd,emg
21,0,5R6online,F4,eeg
21,0,5R6online,FC2,eeg
21,0,5R6online,FC4,eeg
21,0,5R6online,FC6,eeg
21,0,5R6online,CP2,eeg
21,0,5R6online,CP4,eeg
21,0,5R6online,CP6,eeg
21,0,5R6online,P4,eeg
21,0,5R6online,F3,eeg
21,0,5R6online,FC1,eeg
21,0,5R6online,FC3,eeg
21,0,5R6online,FC5,eeg
21,0,5R6online,CP1,eeg
21,0,5R6online,CP3,eeg
21,0,5R6online,CP5,eeg
21,0,5R6online,P3,eeg
22,0,0R1acquisition,Fz,eeg
22,0,0R1acquisition,FCz,eeg
22,0,0R1acquisition,Cz,eeg
22,0,0R1acquisition,CPz,eeg
22,0,0R1acquisition,Pz,eeg
22,0,0R1acquisition,C1,eeg
22,0,0R1acquisition,C3,eeg
22,0,0R1acquisition,C5,eeg
22,0,0R1acquisition,C2,eeg
22,0,0R1acquisition,C4,eeg
22,0,0R1acquisition,C6,eeg
22,0,0R1acquisition,EOG1,eog
22,0,0R1acquisition,EOG2,eog
22,0,0R1acquisition,EOG3,eog
22,0,0R1acquisition,EMGg,emg
22,0,0R1acquisition,EMGd,emg
22,0,0R1acquisition,F4,eeg
22,0,0R1acquisition,FC2,eeg
22,0,0R1acquisition,FC4,eeg
22,0,0R1acquisition,FC6,eeg
22,0,0R1acquisition,CP2,eeg
22,0,0R1acquisition,CP4,eeg
22,0,0R1acquisition,CP6,eeg
22,0,0R1acquisition,P4,eeg
22,0,0R1acquisition,F3,eeg
22,0,0R1acquisition,FC1,eeg
22,0,0R1acquisition,FC3,eeg
22,0,0R1acquisition,FC5,eeg
22,0,0R1acquisition,CP1,eeg
22,0,0R1acquisition,CP3,eeg
22,0,0R1acquisition,CP5,eeg
22,0,0R1acquisition,P3,eeg
22,0,1R2acquisition,Fz,eeg
22,0,1R2acquisition,FCz,eeg
22,0,1R2acquisition,Cz,eeg
22,0,1R2acquisition,CPz,eeg
22,0,1R2acquisition,Pz,eeg
22,0,1R2acquisition,C1,eeg
22,0,1R2acquisition,C3,eeg
22,0,1R2acquisition,C5,eeg
22,0,1R2acquisition,C2,eeg
22,0,1R2acquisition,C4,eeg
22,0,1R2acquisition,C6,eeg
22,0,1R2acquisition,EOG1,eog
22,0,1R2acquisition,EOG2,eog
22,0,1R2acquisition,EOG3,eog
22,0,1R2acquisition,EMGg,emg
22,0,1R2acquisition,EMGd,emg
22,0,1R2acquisition,F4,eeg
22,0,1R2acquisition,FC2,eeg
22,0,1R2acquisition,FC4,eeg
22,0,1R2acquisition,FC6,eeg
22,0,1R2acquisition,CP2,eeg
22,0,1R2acquisition,CP4,eeg
22,0,1R2acquisition,CP6,eeg
22,0,1R2acquisition,P4,eeg
22,0,1R2acquisition,F3,eeg
22,0,1R2acquisition,FC1,eeg
22,0,1R2acquisition,FC3,eeg
22,0,1R2acquisition,FC5,eeg
22,0,1R2acquisition,CP1,eeg
22,0,1R2acquisition,CP3,eeg
22,0,1R2acquisition,CP5,eeg
22,0,1R2acquisition,P3,eeg
22,0,2R3online,Fz,eeg
22,0,2R3online,FCz,eeg
22,0,2R3online,Cz,eeg
22,0,2R3online,CPz,eeg
22,0,2R3online,Pz,eeg
22,0,2R3online,C1,eeg
22,0,2R3online,C3,eeg
22,0,2R3online,C5,eeg
22,0,2R3online,C2,eeg
22,0,2R3online,C4,eeg
22,0,2R3online,C6,eeg
22,0,2R3online,EOG1,eog
22,0,2R3online,EOG2,eog
22,0,2R3online,EOG3,eog
22,0,2R3online,EMGg,emg
22,0,2R3online,EMGd,emg
22,0,2R3online,F4,eeg
22,0,2R3online,FC2,eeg
22,0,2R3online,FC4,eeg
22,0,2R3online,FC6,eeg
22,0,2R3online,CP2,eeg
22,0,2R3online,CP4,eeg
22,0,2R3online,CP6,eeg
22,0,2R3online,P4,eeg
22,0,2R3online,F3,eeg
22,0,2R3online,FC1,eeg
22,0,2R3online,FC3,eeg
22,0,2R3online,FC5,eeg
22,0,2R3online,CP1,eeg
22,0,2R3online,CP3,eeg
22,0,2R3online,CP5,eeg
22,0,2R3online,P3,eeg
22,0,3R4online,Fz,eeg
22,0,3R4online,FCz,eeg
22,0,3R4online,Cz,eeg
22,0,3R4online,CPz,eeg
22,0,3R4online,Pz,eeg
22,0,3R4online,C1,eeg
22,0,3R4online,C3,eeg
22,0,3R4online,C5,eeg
22,0,3R4online,C2,eeg
22,0,3R4online,C4,eeg
22,0,3R4online,C6,eeg
22,0,3R4online,EOG1,eog
22,0,3R4online,EOG2,eog
22,0,3R4online,EOG3,eog
22,0,3R4online,EMGg,emg
22,0,3R4online,EMGd,emg
22,0,3R4online,F4,eeg
22,0,3R4online,FC2,eeg
22,0,3R4online,FC4,eeg
22,0,3R4online,FC6,eeg
22,0,3R4online,CP2,eeg
22,0,3R4online,CP4,eeg
22,0,3R4online,CP6,eeg
22,0,3R4online,P4,eeg
22,0,3R4online,F3,eeg
22,0,3R4online,FC1,eeg
22,0,3R4online,FC3,eeg
22,0,3R4online,FC5,eeg
22,0,3R4online,CP1,eeg
22,0,3R4online,CP3,eeg
22,0,3R4online,CP5,eeg
22,0,3R4online,P3,eeg
22,0,4R5online,Fz,eeg
22,0,4R5online,FCz,eeg
22,0,4R5online,Cz,eeg
22,0,4R5online,CPz,eeg
22,0,4R5online,Pz,eeg
22,0,4R5online,C1,eeg
22,0,4R5online,C3,eeg
22,0,4R5online,C5,eeg
22,0,4R5online,C2,eeg
22,0,4R5online,C4,eeg
22,0,4R5online,C6,eeg
22,0,4R5online,EOG1,eog
22,0,4R5online,EOG2,eog
22,0,4R5online,EOG3,eog
22,0,4R5online,EMGg,emg
22,0,4R5online,EMGd,emg
22,0,4R5online,F4,eeg
22,0,4R5online,FC2,eeg
22,0,4R5online,FC4,eeg
22,0,4R5online,FC6,eeg
22,0,4R5online,CP2,eeg
22,0,4R5online,CP4,eeg
22,0,4R5online,CP6,eeg
22,0,4R5online,P4,eeg
22,0,4R5online,F3,eeg
22,0,4R5online,FC1,eeg
22,0,4R5online,FC3,eeg
22,0,4R5online,FC5,eeg
22,0,4R5online,CP1,eeg
22,0,4R5online,CP3,eeg
22,0,4R5online,CP5,eeg
22,0,4R5online,P3,eeg
22,0,5R6online,Fz,eeg
22,0,5R6online,FCz,eeg
22,0,5R6online,Cz,eeg
22,0,5R6online,CPz,eeg
22,0,5R6online,Pz,eeg
22,0,5R6online,C1,eeg
22,0,5R6online,C3,eeg
22,0,5R6online,C5,eeg
22,0,5R6online,C2,eeg
22,0,5R6online,C4,eeg
22,0,5R6online,C6,eeg
22,0,5R6online,EOG1,eog
22,0,5R6online,EOG2,eog
22,0,5R6online,EOG3,eog
22,0,5R6online,EMGg,emg
22,0,5R6online,EMGd,emg
22,0,5R6online,F4,eeg
22,0,5R6online,FC2,eeg
22,0,5R6online,FC4,eeg
22,0,5R6online,FC6,eeg
22,0,5R6online,CP2,eeg
22,0,5R6online,CP4,eeg
22,0,5R6online,CP6,eeg
22,0,5R6online,P4,eeg
22,0,5R6online,F3,eeg
22,0,5R6online,FC1,eeg
22,0,5R6online,FC3,eeg
22,0,5R6online,FC5,eeg
22,0,5R6online,CP1,eeg
22,0,5R6online,CP3,eeg
22,0,5R6online,CP5,eeg
22,0,5R6online,P3,eeg
23,0,0R1acquisition,Fz,eeg
23,0,0R1acquisition,FCz,eeg
23,0,0R1acquisition,Cz,eeg
23,0,0R1acquisition,CPz,eeg
23,0,0R1acquisition,Pz,eeg
23,0,0R1acquisition,C1,eeg
23,0,0R1acquisition,C3,eeg
23,0,0R1acquisition,C5,eeg
23,0,0R1acquisition,C2,eeg
23,0,0R1acquisition,C4,eeg
23,0,0R1acquisition,C6,eeg
23,0,0R1acquisition,EOG1,eog
23,0,0R1acquisition,EOG2,eog
23,0,0R1acquisition,EOG3,eog
23,0,0R1acquisition,EMGg,emg
23,0,0R1acquisition,EMGd,emg
23,0,0R1acquisition,F4,eeg
23,0,0R1acquisition,FC2,eeg
23,0,0R1acquisition,FC4,eeg
23,0,0R1acquisition,FC6,eeg
23,0,0R1acquisition,CP2,eeg
23,0,0R1acquisition,CP4,eeg
23,0,0R1acquisition,CP6,eeg
23,0,0R1acquisition,P4,eeg
23,0,0R1acquisition,F3,eeg
23,0,0R1acquisition,FC1,eeg
23,0,0R1acquisition,FC3,eeg
23,0,0R1acquisition,FC5,eeg
23,0,0R1acquisition,CP1,eeg
23,0,0R1acquisition,CP3,eeg
23,0,0R1acquisition,CP5,eeg
23,0,0R1acquisition,P3,eeg
23,0,1R2acquisition,Fz,eeg
23,0,1R2acquisition,FCz,eeg
23,0,1R2acquisition,Cz,eeg
23,0,1R2acquisition,CPz,eeg
23,0,1R2acquisition,Pz,eeg
23,0,1R2acquisition,C1,eeg
23,0,1R2acquisition,C3,eeg
23,0,1R2acquisition,C5,eeg
23,0,1R2acquisition,C2,eeg
23,0,1R2acquisition,C4,eeg
23,0,1R2acquisition,C6,eeg
23,0,1R2acquisition,EOG1,eog
23,0,1R2acquisition,EOG2,eog
23,0,1R2acquisition,EOG3,eog
23,0,1R2acquisition,EMGg,emg
23,0,1R2acquisition,EMGd,emg
23,0,1R2acquisition,F4,eeg
23,0,1R2acquisition,FC2,eeg
23,0,1R2acquisition,FC4,eeg
23,0,1R2acquisition,FC6,eeg
23,0,1R2acquisition,CP2,eeg
23,0,1R2acquisition,CP4,eeg
23,0,1R2acquisition,CP6,eeg
23,0,1R2acquisition,P4,eeg
23,0,1R2acquisition,F3,eeg
23,0,1R2acquisition,FC1,eeg
23,0,1R2acquisition,FC3,eeg
23,0,1R2acquisition,FC5,eeg
23,0,1R2acquisition,CP1,eeg
23,0,1R2acquisition,CP3,eeg
23,0,1R2acquisition,CP5,eeg
23,0,1R2acquisition,P3,eeg
23,0,2R3online,Fz,eeg
23,0,2R3online,FCz,eeg
23,0,2R3online,Cz,eeg
23,0,2R3online,CPz,eeg
23,0,2R3online,Pz,eeg
23,0,2R3online,C1,eeg
23,0,2R3online,C3,eeg
23,0,2R3online,C5,eeg
23,0,2R3online,C2,eeg
23,0,2R3online,C4,eeg
23,0,2R3online,C6,eeg
23,0,2R3online,EOG1,eog
23,0,2R3online,EOG2,eog
23,0,2R3online,EOG3,eog
23,0,2R3online,EMGg,emg
23,0,2R3online,EMGd,emg
23,0,2R3online,F4,eeg
23,0,2R3online,FC2,eeg
23,0,2R3online,FC4,eeg
23,0,2R3online,FC6,eeg
23,0,2R3online,CP2,eeg
23,0,2R3online,CP4,eeg
23,0,2R3online,CP6,eeg
23,0,2R3online,P4,eeg
23,0,2R3online,F3,eeg
23,0,2R3online,FC1,eeg
23,0,2R3online,FC3,eeg
23,0,2R3online,FC5,eeg
23,0,2R3online,CP1,eeg
23,0,2R3online,CP3,eeg
23,0,2R3online,CP5,eeg
23,0,2R3online,P3,eeg
23,0,3R4online,Fz,eeg
23,0,3R4online,FCz,eeg
23,0,3R4online,Cz,eeg
23,0,3R4online,CPz,eeg
23,0,3R4online,Pz,eeg
23,0,3R4online,C1,eeg
23,0,3R4online,C3,eeg
23,0,3R4online,C5,eeg
23,0,3R4online,C2,eeg
23,0,3R4online,C4,eeg
23,0,3R4online,C6,eeg
23,0,3R4online,EOG1,eog
23,0,3R4online,EOG2,eog
23,0,3R4online,EOG3,eog
23,0,3R4online,EMGg,emg
23,0,3R4online,EMGd,emg
23,0,3R4online,F4,eeg
23,0,3R4online,FC2,eeg
23,0,3R4online,FC4,eeg
23,0,3R4online,FC6,eeg
23,0,3R4online,CP2,eeg
23,0,3R4online,CP4,eeg
23,0,3R4online,CP6,eeg
23,0,3R4online,P4,eeg
23,0,3R4online,F3,eeg
23,0,3R4online,FC1,eeg
23,0,3R4online,FC3,eeg
23,0,3R4online,FC5,eeg
23,0,3R4online,CP1,eeg
23,0,3R4online,CP3,eeg
23,0,3R4online,CP5,eeg
23,0,3R4online,P3,eeg
23,0,4R5online,Fz,eeg
23,0,4R5online,FCz,eeg
23,0,4R5online,Cz,eeg
23,0,4R5online,CPz,eeg
23,0,4R5online,Pz,eeg
23,0,4R5online,C1,eeg
23,0,4R5online,C3,eeg
23,0,4R5online,C5,eeg
23,0,4R5online,C2,eeg
23,0,4R5online,C4,eeg
23,0,4R5online,C6,eeg
23,0,4R5online,EOG1,eog
23,0,4R5online,EOG2,eog
23,0,4R5online,EOG3,eog
23,0,4R5online,EMGg,emg
23,0,4R5online,EMGd,emg
23,0,4R5online,F4,eeg
23,0,4R5online,FC2,eeg
23,0,4R5online,FC4,eeg
23,0,4R5online,FC6,eeg
23,0,4R5online,CP2,eeg
23,0,4R5online,CP4,eeg
23,0,4R5online,CP6,eeg
23,0,4R5online,P4,eeg
23,0,4R5online,F3,eeg
23,0,4R5online,FC1,eeg
23,0,4R5online,FC3,eeg
23,0,4R5online,FC5,eeg
23,0,4R5online,CP1,eeg
23,0,4R5online,CP3,eeg
23,0,4R5online,CP5,eeg
23,0,4R5online,P3,eeg
23,0,5R6online,Fz,eeg
23,0,5R6online,FCz,eeg
23,0,5R6online,Cz,eeg
23,0,5R6online,CPz,eeg
23,0,5R6online,Pz,eeg
23,0,5R6online,C1,eeg
23,0,5R6online,C3,eeg
23,0,5R6online,C5,eeg
23,0,5R6online,C2,eeg
23,0,5R6online,C4,eeg
23,0,5R6online,C6,eeg
23,0,5R6online,EOG1,eog
23,0,5R6online,EOG2,eog
23,0,5R6online,EOG3,eog
23,0,5R6online,EMGg,emg
23,0,5R6online,EMGd,emg
23,0,5R6online,F4,eeg
23,0,5R6online,FC2,eeg
23,0,5R6online,FC4,eeg
23,0,5R6online,FC6,eeg
23,0,5R6online,CP2,eeg
23,0,5R6online,CP4,eeg
23,0,5R6online,CP6,eeg
23,0,5R6online,P4,eeg
23,0,5R6online,F3,eeg
23,0,5R6online,FC1,eeg
23,0,5R6online,FC3,eeg
23,0,5R6online,FC5,eeg
23,0,5R6online,CP1,eeg
23,0,5R6online,CP3,eeg
23,0,5R6online,CP5,eeg
23,0,5R6online,P3,eeg
24,0,0R1acquisition,Fz,eeg
24,0,0R1acquisition,FCz,eeg
24,0,0R1acquisition,Cz,eeg
24,0,0R1acquisition,CPz,eeg
24,0,0R1acquisition,Pz,eeg
24,0,0R1acquisition,C1,eeg
24,0,0R1acquisition,C3,eeg
24,0,0R1acquisition,C5,eeg
24,0,0R1acquisition,C2,eeg
24,0,0R1acquisition,C4,eeg
24,0,0R1acquisition,C6,eeg
24,0,0R1acquisition,EOG1,eog
24,0,0R1acquisition,EOG2,eog
24,0,0R1acquisition,EOG3,eog
24,0,0R1acquisition,EMGg,emg
24,0,0R1acquisition,EMGd,emg
24,0,0R1acquisition,F4,eeg
24,0,0R1acquisition,FC2,eeg
24,0,0R1acquisition,FC4,eeg
24,0,0R1acquisition,FC6,eeg
24,0,0R1acquisition,CP2,eeg
24,0,0R1acquisition,CP4,eeg
24,0,0R1acquisition,CP6,eeg
24,0,0R1acquisition,P4,eeg
24,0,0R1acquisition,F3,eeg
24,0,0R1acquisition,FC1,eeg
24,0,0R1acquisition,FC3,eeg
24,0,0R1acquisition,FC5,eeg
24,0,0R1acquisition,CP1,eeg
24,0,0R1acquisition,CP3,eeg
24,0,0R1acquisition,CP5,eeg
24,0,0R1acquisition,P3,eeg
24,0,1R2acquisition,Fz,eeg
24,0,1R2acquisition,FCz,eeg
24,0,1R2acquisition,Cz,eeg
24,0,1R2acquisition,CPz,eeg
24,0,1R2acquisition,Pz,eeg
24,0,1R2acquisition,C1,eeg
24,0,1R2acquisition,C3,eeg
24,0,1R2acquisition,C5,eeg
24,0,1R2acquisition,C2,eeg
24,0,1R2acquisition,C4,eeg
24,0,1R2acquisition,C6,eeg
24,0,1R2acquisition,EOG1,eog
24,0,1R2acquisition,EOG2,eog
24,0,1R2acquisition,EOG3,eog
24,0,1R2acquisition,EMGg,emg
24,0,1R2acquisition,EMGd,emg
24,0,1R2acquisition,F4,eeg
24,0,1R2acquisition,FC2,eeg
24,0,1R2acquisition,FC4,eeg
24,0,1R2acquisition,FC6,eeg
24,0,1R2acquisition,CP2,eeg
24,0,1R2acquisition,CP4,eeg
24,0,1R2acquisition,CP6,eeg
24,0,1R2acquisition,P4,eeg
24,0,1R2acquisition,F3,eeg
24,0,1R2acquisition,FC1,eeg
24,0,1R2acquisition,FC3,eeg
24,0,1R2acquisition,FC5,eeg
24,0,1R2acquisition,CP1,eeg
24,0,1R2acquisition,CP3,eeg
24,0,1R2acquisition,CP5,eeg
24,0,1R2acquisition,P3,eeg
24,0,2R3online,Fz,eeg
24,0,2R3online,FCz,eeg
24,0,2R3online,Cz,eeg
24,0,2R3online,CPz,eeg
24,0,2R3online,Pz,eeg
24,0,2R3online,C1,eeg
24,0,2R3online,C3,eeg
24,0,2R3online,C5,eeg
24,0,2R3online,C2,eeg
24,0,2R3online,C4,eeg
24,0,2R3online,C6,eeg
24,0,2R3online,EOG1,eog
24,0,2R3online,EOG2,eog
24,0,2R3online,EOG3,eog
24,0,2R3online,EMGg,emg
24,0,2R3online,EMGd,emg
24,0,2R3online,F4,eeg
24,0,2R3online,FC2,eeg
24,0,2R3online,FC4,eeg
24,0,2R3online,FC6,eeg
24,0,2R3online,CP2,eeg
24,0,2R3online,CP4,eeg
24,0,2R3online,CP6,eeg
24,0,2R3online,P4,eeg
24,0,2R3online,F3,eeg
24,0,2R3online,FC1,eeg
24,0,2R3online,FC3,eeg
24,0,2R3online,FC5,eeg
24,0,2R3online,CP1,eeg
24,0,2R3online,CP3,eeg
24,0,2R3online,CP5,eeg
24,0,2R3online,P3,eeg
24,0,3R4online,Fz,eeg
24,0,3R4online,FCz,eeg
24,0,3R4online,Cz,eeg
24,0,3R4online,CPz,eeg
24,0,3R4online,Pz,eeg
24,0,3R4online,C1,eeg
24,0,3R4online,C3,eeg
24,0,3R4online,C5,eeg
24,0,3R4online,C2,eeg
24,0,3R4online,C4,eeg
24,0,3R4online,C6,eeg
24,0,3R4online,EOG1,eog
24,0,3R4online,EOG2,eog
24,0,3R4online,EOG3,eog
24,0,3R4online,EMGg,emg
24,0,3R4online,EMGd,emg
24,0,3R4online,F4,eeg
24,0,3R4online,FC2,eeg
24,0,3R4online,FC4,eeg
24,0,3R4online,FC6,eeg
24,0,3R4online,CP2,eeg
24,0,3R4online,CP4,eeg
24,0,3R4online,CP6,eeg
24,0,3R4online,P4,eeg
24,0,3R4online,F3,eeg
24,0,3R4online,FC1,eeg
24,0,3R4online,FC3,eeg
24,0,3R4online,FC5,eeg
24,0,3R4online,CP1,eeg
24,0,3R4online,CP3,eeg
24,0,3R4online,CP5,eeg
24,0,3R4online,P3,eeg
24,0,4R5online,Fz,eeg
24,0,4R5online,FCz,eeg
24,0,4R5online,Cz,eeg
24,0,4R5online,CPz,eeg
24,0,4R5online,Pz,eeg
24,0,4R5online,C1,eeg
24,0,4R5online,C3,eeg
24,0,4R5online,C5,eeg
24,0,4R5online,C2,eeg
24,0,4R5online,C4,eeg
24,0,4R5online,C6,eeg
24,0,4R5online,EOG1,eog
24,0,4R5online,EOG2,eog
24,0,4R5online,EOG3,eog
24,0,4R5online,EMGg,emg
24,0,4R5online,EMGd,emg
24,0,4R5online,F4,eeg
24,0,4R5online,FC2,eeg
24,0,4R5online,FC4,eeg
24,0,4R5online,FC6,eeg
24,0,4R5online,CP2,eeg
24,0,4R5online,CP4,eeg
24,0,4R5online,CP6,eeg
24,0,4R5online,P4,eeg
24,0,4R5online,F3,eeg
24,0,4R5online,FC1,eeg
24,0,4R5online,FC3,eeg
24,0,4R5online,FC5,eeg
24,0,4R5online,CP1,eeg
24,0,4R5online,CP3,eeg
24,0,4R5online,CP5,eeg
24,0,4R5online,P3,eeg
24,0,5R6online,Fz,eeg
24,0,5R6online,FCz,eeg
24,0,5R6online,Cz,eeg
24,0,5R6online,CPz,eeg
24,0,5R6online,Pz,eeg
24,0,5R6online,C1,eeg
24,0,5R6online,C3,eeg
24,0,5R6online,C5,eeg
24,0,5R6online,C2,eeg
24,0,5R6online,C4,eeg
24,0,5R6online,C6,eeg
24,0,5R6online,EOG1,eog
24,0,5R6online,EOG2,eog
24,0,5R6online,EOG3,eog
24,0,5R6online,EMGg,emg
24,0,5R6online,EMGd,emg
24,0,5R6online,F4,eeg
24,0,5R6online,FC2,eeg
24,0,5R6online,FC4,eeg
24,0,5R6online,FC6,eeg
24,0,5R6online,CP2,eeg
24,0,5R6online,CP4,eeg
24,0,5R6online,CP6,eeg
24,0,5R6online,P4,eeg
24,0,5R6online,F3,eeg
24,0,5R6online,FC1,eeg
24,0,5R6online,FC3,eeg
24,0,5R6online,FC5,eeg
24,0,5R6online,CP1,eeg
24,0,5R6online,CP3,eeg
24,0,5R6online,CP5,eeg
24,0,5R6online,P3,eeg
25,0,0R1acquisition,Fz,eeg
25,0,0R1acquisition,FCz,eeg
25,0,0R1acquisition,Cz,eeg
25,0,0R1acquisition,CPz,eeg
25,0,0R1acquisition,Pz,eeg
25,0,0R1acquisition,C1,eeg
25,0,0R1acquisition,C3,eeg
25,0,0R1acquisition,C5,eeg
25,0,0R1acquisition,C2,eeg
25,0,0R1acquisition,C4,eeg
25,0,0R1acquisition,C6,eeg
25,0,0R1acquisition,EOG1,eog
25,0,0R1acquisition,EOG2,eog
25,0,0R1acquisition,EOG3,eog
25,0,0R1acquisition,EMGg,emg
25,0,0R1acquisition,EMGd,emg
25,0,0R1acquisition,F4,eeg
25,0,0R1acquisition,FC2,eeg
25,0,0R1acquisition,FC4,eeg
25,0,0R1acquisition,FC6,eeg
25,0,0R1acquisition,CP2,eeg
25,0,0R1acquisition,CP4,eeg
25,0,0R1acquisition,CP6,eeg
25,0,0R1acquisition,P4,eeg
25,0,0R1acquisition,F3,eeg
25,0,0R1acquisition,FC1,eeg
25,0,0R1acquisition,FC3,eeg
25,0,0R1acquisition,FC5,eeg
25,0,0R1acquisition,CP1,eeg
25,0,0R1acquisition,CP3,eeg
25,0,0R1acquisition,CP5,eeg
25,0,0R1acquisition,P3,eeg
25,0,1R2acquisition,Fz,eeg
25,0,1R2acquisition,FCz,eeg
25,0,1R2acquisition,Cz,eeg
25,0,1R2acquisition,CPz,eeg
25,0,1R2acquisition,Pz,eeg
25,0,1R2acquisition,C1,eeg
25,0,1R2acquisition,C3,eeg
25,0,1R2acquisition,C5,eeg
25,0,1R2acquisition,C2,eeg
25,0,1R2acquisition,C4,eeg
25,0,1R2acquisition,C6,eeg
25,0,1R2acquisition,EOG1,eog
25,0,1R2acquisition,EOG2,eog
25,0,1R2acquisition,EOG3,eog
25,0,1R2acquisition,EMGg,emg
25,0,1R2acquisition,EMGd,emg
25,0,1R2acquisition,F4,eeg
25,0,1R2acquisition,FC2,eeg
25,0,1R2acquisition,FC4,eeg
25,0,1R2acquisition,FC6,eeg
25,0,1R2acquisition,CP2,eeg
25,0,1R2acquisition,CP4,eeg
25,0,1R2acquisition,CP6,eeg
25,0,1R2acquisition,P4,eeg
25,0,1R2acquisition,F3,eeg
25,0,1R2acquisition,FC1,eeg
25,0,1R2acquisition,FC3,eeg
25,0,1R2acquisition,FC5,eeg
25,0,1R2acquisition,CP1,eeg
25,0,1R2acquisition,CP3,eeg
25,0,1R2acquisition,CP5,eeg
25,0,1R2acquisition,P3,eeg
25,0,2R3online,Fz,eeg
25,0,2R3online,FCz,eeg
25,0,2R3online,Cz,eeg
25,0,2R3online,CPz,eeg
25,0,2R3online,Pz,eeg
25,0,2R3online,C1,eeg
25,0,2R3online,C3,eeg
25,0,2R3online,C5,eeg
25,0,2R3online,C2,eeg
25,0,2R3online,C4,eeg
25,0,2R3online,C6,eeg
25,0,2R3online,EOG1,eog
25,0,2R3online,EOG2,eog
25,0,2R3online,EOG3,eog
25,0,2R3online,EMGg,emg
25,0,2R3online,EMGd,emg
25,0,2R3online,F4,eeg
25,0,2R3online,FC2,eeg
25,0,2R3online,FC4,eeg
25,0,2R3online,FC6,eeg
25,0,2R3online,CP2,eeg
25,0,2R3online,CP4,eeg
25,0,2R3online,CP6,eeg
25,0,2R3online,P4,eeg
25,0,2R3online,F3,eeg
25,0,2R3online,FC1,eeg
25,0,2R3online,FC3,eeg
25,0,2R3online,FC5,eeg
25,0,2R3online,CP1,eeg
25,0,2R3online,CP3,eeg
25,0,2R3online,CP5,eeg
25,0,2R3online,P3,eeg
25,0,3R4online,Fz,eeg
25,0,3R4online,FCz,eeg
25,0,3R4online,Cz,eeg
25,0,3R4online,CPz,eeg
25,0,3R4online,Pz,eeg
25,0,3R4online,C1,eeg
25,0,3R4online,C3,eeg
25,0,3R4online,C5,eeg
25,0,3R4online,C2,eeg
25,0,3R4online,C4,eeg
25,0,3R4online,C6,eeg
25,0,3R4online,EOG1,eog
25,0,3R4online,EOG2,eog
25,0,3R4online,EOG3,eog
25,0,3R4online,EMGg,emg
25,0,3R4online,EMGd,emg
25,0,3R4online,F4,eeg
25,0,3R4online,FC2,eeg
25,0,3R4online,FC4,eeg
25,0,3R4online,FC6,eeg
25,0,3R4online,CP2,eeg
25,0,3R4online,CP4,eeg
25,0,3R4online,CP6,eeg
25,0,3R4online,P4,eeg
25,0,3R4online,F3,eeg
25,0,3R4online,FC1,eeg
25,0,3R4online,FC3,eeg
25,0,3R4online,FC5,eeg
25,0,3R4online,CP1,eeg
25,0,3R4online,CP3,eeg
25,0,3R4online,CP5,eeg
25,0,3R4online,P3,eeg
25,0,4R5online,Fz,eeg
25,0,4R5online,FCz,eeg
25,0,4R5online,Cz,eeg
25,0,4R5online,CPz,eeg
25,0,4R5online,Pz,eeg
25,0,4R5online,C1,eeg
25,0,4R5online,C3,eeg
25,0,4R5online,C5,eeg
25,0,4R5online,C2,eeg
25,0,4R5online,C4,eeg
25,0,4R5online,C6,eeg
25,0,4R5online,EOG1,eog
25,0,4R5online,EOG2,eog
25,0,4R5online,EOG3,eog
25,0,4R5online,EMGg,emg
25,0,4R5online,EMGd,emg
25,0,4R5online,F4,eeg
25,0,4R5online,FC2,eeg
25,0,4R5online,FC4,eeg
25,0,4R5online,FC6,eeg
25,0,4R5online,CP2,eeg
25,0,4R5online,CP4,eeg
25,0,4R5online,CP6,eeg
25,0,4R5online,P4,eeg
25,0,4R5online,F3,eeg
25,0,4R5online,FC1,eeg
25,0,4R5online,FC3,eeg
25,0,4R5online,FC5,eeg
25,0,4R5online,CP1,eeg
25,0,4R5online,CP3,eeg
25,0,4R5online,CP5,eeg
25,0,4R5online,P3,eeg
25,0,5R6online,Fz,eeg
25,0,5R6online,FCz,eeg
25,0,5R6online,Cz,eeg
25,0,5R6online,CPz,eeg
25,0,5R6online,Pz,eeg
25,0,5R6online,C1,eeg
25,0,5R6online,C3,eeg
25,0,5R6online,C5,eeg
25,0,5R6online,C2,eeg
25,0,5R6online,C4,eeg
25,0,5R6online,C6,eeg
25,0,5R6online,EOG1,eog
25,0,5R6online,EOG2,eog
25,0,5R6online,EOG3,eog
25,0,5R6online,EMGg,emg
25,0,5R6online,EMGd,emg
25,0,5R6online,F4,eeg
25,0,5R6online,FC2,eeg
25,0,5R6online,FC4,eeg
25,0,5R6online,FC6,eeg
25,0,5R6online,CP2,eeg
25,0,5R6online,CP4,eeg
25,0,5R6online,CP6,eeg
25,0,5R6online,P4,eeg
25,0,5R6online,F3,eeg
25,0,5R6online,FC1,eeg
25,0,5R6online,FC3,eeg
25,0,5R6online,FC5,eeg
25,0,5R6online,CP1,eeg
25,0,5R6online,CP3,eeg
25,0,5R6online,CP5,eeg
25,0,5R6online,P3,eeg
26,0,0R1acquisition,Fz,eeg
26,0,0R1acquisition,FCz,eeg
26,0,0R1acquisition,Cz,eeg
26,0,0R1acquisition,CPz,eeg
26,0,0R1acquisition,Pz,eeg
26,0,0R1acquisition,C1,eeg
26,0,0R1acquisition,C3,eeg
26,0,0R1acquisition,C5,eeg
26,0,0R1acquisition,C2,eeg
26,0,0R1acquisition,C4,eeg
26,0,0R1acquisition,C6,eeg
26,0,0R1acquisition,EOG1,eog
26,0,0R1acquisition,EOG2,eog
26,0,0R1acquisition,EOG3,eog
26,0,0R1acquisition,EMGg,emg
26,0,0R1acquisition,EMGd,emg
26,0,0R1acquisition,F4,eeg
26,0,0R1acquisition,FC2,eeg
26,0,0R1acquisition,FC4,eeg
26,0,0R1acquisition,FC6,eeg
26,0,0R1acquisition,CP2,eeg
26,0,0R1acquisition,CP4,eeg
26,0,0R1acquisition,CP6,eeg
26,0,0R1acquisition,P4,eeg
26,0,0R1acquisition,F3,eeg
26,0,0R1acquisition,FC1,eeg
26,0,0R1acquisition,FC3,eeg
26,0,0R1acquisition,FC5,eeg
26,0,0R1acquisition,CP1,eeg
26,0,0R1acquisition,CP3,eeg
26,0,0R1acquisition,CP5,eeg
26,0,0R1acquisition,P3,eeg
26,0,1R2acquisition,Fz,eeg
26,0,1R2acquisition,FCz,eeg
26,0,1R2acquisition,Cz,eeg
26,0,1R2acquisition,CPz,eeg
26,0,1R2acquisition,Pz,eeg
26,0,1R2acquisition,C1,eeg
26,0,1R2acquisition,C3,eeg
26,0,1R2acquisition,C5,eeg
26,0,1R2acquisition,C2,eeg
26,0,1R2acquisition,C4,eeg
26,0,1R2acquisition,C6,eeg
26,0,1R2acquisition,EOG1,eog
26,0,1R2acquisition,EOG2,eog
26,0,1R2acquisition,EOG3,eog
26,0,1R2acquisition,EMGg,emg
26,0,1R2acquisition,EMGd,emg
26,0,1R2acquisition,F4,eeg
26,0,1R2acquisition,FC2,eeg
26,0,1R2acquisition,FC4,eeg
26,0,1R2acquisition,FC6,eeg
26,0,1R2acquisition,CP2,eeg
26,0,1R2acquisition,CP4,eeg
26,0,1R2acquisition,CP6,eeg
26,0,1R2acquisition,P4,eeg
26,0,1R2acquisition,F3,eeg
26,0,1R2acquisition,FC1,eeg
26,0,1R2acquisition,FC3,eeg
26,0,1R2acquisition,FC5,eeg
26,0,1R2acquisition,CP1,eeg
26,0,1R2acquisition,CP3,eeg
26,0,1R2acquisition,CP5,eeg
26,0,1R2acquisition,P3,eeg
26,0,2R3online,Fz,eeg
26,0,2R3online,FCz,eeg
26,0,2R3online,Cz,eeg
26,0,2R3online,CPz,eeg
26,0,2R3online,Pz,eeg
26,0,2R3online,C1,eeg
26,0,2R3online,C3,eeg
26,0,2R3online,C5,eeg
26,0,2R3online,C2,eeg
26,0,2R3online,C4,eeg
26,0,2R3online,C6,eeg
26,0,2R3online,EOG1,eog
26,0,2R3online,EOG2,eog
26,0,2R3online,EOG3,eog
26,0,2R3online,EMGg,emg
26,0,2R3online,EMGd,emg
26,0,2R3online,F4,eeg
26,0,2R3online,FC2,eeg
26,0,2R3online,FC4,eeg
26,0,2R3online,FC6,eeg
26,0,2R3online,CP2,eeg
26,0,2R3online,CP4,eeg
26,0,2R3online,CP6,eeg
26,0,2R3online,P4,eeg
26,0,2R3online,F3,eeg
26,0,2R3online,FC1,eeg
26,0,2R3online,FC3,eeg
26,0,2R3online,FC5,eeg
26,0,2R3online,CP1,eeg
26,0,2R3online,CP3,eeg
26,0,2R3online,CP5,eeg
26,0,2R3online,P3,eeg
26,0,3R4online,Fz,eeg
26,0,3R4online,FCz,eeg
26,0,3R4online,Cz,eeg
26,0,3R4online,CPz,eeg
26,0,3R4online,Pz,eeg
26,0,3R4online,C1,eeg
26,0,3R4online,C3,eeg
26,0,3R4online,C5,eeg
26,0,3R4online,C2,eeg
26,0,3R4online,C4,eeg
26,0,3R4online,C6,eeg
26,0,3R4online,EOG1,eog
26,0,3R4online,EOG2,eog
26,0,3R4online,EOG3,eog
26,0,3R4online,EMGg,emg
26,0,3R4online,EMGd,emg
26,0,3R4online,F4,eeg
26,0,3R4online,FC2,eeg
26,0,3R4online,FC4,eeg
26,0,3R4online,FC6,eeg
26,0,3R4online,CP2,eeg
26,0,3R4online,CP4,eeg
26,0,3R4online,CP6,eeg
26,0,3R4online,P4,eeg
26,0,3R4online,F3,eeg
26,0,3R4online,FC1,eeg
26,0,3R4online,FC3,eeg
26,0,3R4online,FC5,eeg
26,0,3R4online,CP1,eeg
26,0,3R4online,CP3,eeg
26,0,3R4online,CP5,eeg
26,0,3R4online,P3,eeg
26,0,4R5online,Fz,eeg
26,0,4R5online,FCz,eeg
26,0,4R5online,Cz,eeg
26,0,4R5online,CPz,eeg
26,0,4R5online,Pz,eeg
26,0,4R5online,C1,eeg
26,0,4R5online,C3,eeg
26,0,4R5online,C5,eeg
26,0,4R5online,C2,eeg
26,0,4R5online,C4,eeg
26,0,4R5online,C6,eeg
26,0,4R5online,EOG1,eog
26,0,4R5online,EOG2,eog
26,0,4R5online,EOG3,eog
26,0,4R5online,EMGg,emg
26,0,4R5online,EMGd,emg
26,0,4R5online,F4,eeg
26,0,4R5online,FC2,eeg
26,0,4R5online,FC4,eeg
26,0,4R5online,FC6,eeg
26,0,4R5online,CP2,eeg
26,0,4R5online,CP4,eeg
26,0,4R5online,CP6,eeg
26,0,4R5online,P4,eeg
26,0,4R5online,F3,eeg
26,0,4R5online,FC1,eeg
26,0,4R5online,FC3,eeg
26,0,4R5online,FC5,eeg
26,0,4R5online,CP1,eeg
26,0,4R5online,CP3,eeg
26,0,4R5online,CP5,eeg
26,0,4R5online,P3,eeg
26,0,5R6online,Fz,eeg
26,0,5R6online,FCz,eeg
26,0,5R6online,Cz,eeg
26,0,5R6online,CPz,eeg
26,0,5R6online,Pz,eeg
26,0,5R6online,C1,eeg
26,0,5R6online,C3,eeg
26,0,5R6online,C5,eeg
26,0,5R6online,C2,eeg
26,0,5R6online,C4,eeg
26,0,5R6online,C6,eeg
26,0,5R6online,EOG1,eog
26,0,5R6online,EOG2,eog
26,0,5R6online,EOG3,eog
26,0,5R6online,EMGg,emg
26,0,5R6online,EMGd,emg
26,0,5R6online,F4,eeg
26,0,5R6online,FC2,eeg
26,0,5R6online,FC4,eeg
26,0,5R6online,FC6,eeg
26,0,5R6online,CP2,eeg
26,0,5R6online,CP4,eeg
26,0,5R6online,CP6,eeg
26,0,5R6online,P4,eeg
26,0,5R6online,F3,eeg
26,0,5R6online,FC1,eeg
26,0,5R6online,FC3,eeg
26,0,5R6online,FC5,eeg
26,0,5R6online,CP1,eeg
26,0,5R6online,CP3,eeg
26,0,5R6online,CP5,eeg
26,0,5R6online,P3,eeg
27,0,0R1acquisition,Fz,eeg
27,0,0R1acquisition,FCz,eeg
27,0,0R1acquisition,Cz,eeg
27,0,0R1acquisition,CPz,eeg
27,0,0R1acquisition,Pz,eeg
27,0,0R1acquisition,C1,eeg
27,0,0R1acquisition,C3,eeg
27,0,0R1acquisition,C5,eeg
27,0,0R1acquisition,C2,eeg
27,0,0R1acquisition,C4,eeg
27,0,0R1acquisition,C6,eeg
27,0,0R1acquisition,EOG1,eog
27,0,0R1acquisition,EOG2,eog
27,0,0R1acquisition,EOG3,eog
27,0,0R1acquisition,EMGg,emg
27,0,0R1acquisition,EMGd,emg
27,0,0R1acquisition,F4,eeg
27,0,0R1acquisition,FC2,eeg
27,0,0R1acquisition,FC4,eeg
27,0,0R1acquisition,FC6,eeg
27,0,0R1acquisition,CP2,eeg
27,0,0R1acquisition,CP4,eeg
27,0,0R1acquisition,CP6,eeg
27,0,0R1acquisition,P4,eeg
27,0,0R1acquisition,F3,eeg
27,0,0R1acquisition,FC1,eeg
27,0,0R1acquisition,FC3,eeg
27,0,0R1acquisition,FC5,eeg
27,0,0R1acquisition,CP1,eeg
27,0,0R1acquisition,CP3,eeg
27,0,0R1acquisition,CP5,eeg
27,0,0R1acquisition,P3,eeg
27,0,1R2acquisition,Fz,eeg
27,0,1R2acquisition,FCz,eeg
27,0,1R2acquisition,Cz,eeg
27,0,1R2acquisition,CPz,eeg
27,0,1R2acquisition,Pz,eeg
27,0,1R2acquisition,C1,eeg
27,0,1R2acquisition,C3,eeg
27,0,1R2acquisition,C5,eeg
27,0,1R2acquisition,C2,eeg
27,0,1R2acquisition,C4,eeg
27,0,1R2acquisition,C6,eeg
27,0,1R2acquisition,EOG1,eog
27,0,1R2acquisition,EOG2,eog
27,0,1R2acquisition,EOG3,eog
27,0,1R2acquisition,EMGg,emg
27,0,1R2acquisition,EMGd,emg
27,0,1R2acquisition,F4,eeg
27,0,1R2acquisition,FC2,eeg
27,0,1R2acquisition,FC4,eeg
27,0,1R2acquisition,FC6,eeg
27,0,1R2acquisition,CP2,eeg
27,0,1R2acquisition,CP4,eeg
27,0,1R2acquisition,CP6,eeg
27,0,1R2acquisition,P4,eeg
27,0,1R2acquisition,F3,eeg
27,0,1R2acquisition,FC1,eeg
27,0,1R2acquisition,FC3,eeg
27,0,1R2acquisition,FC5,eeg
27,0,1R2acquisition,CP1,eeg
27,0,1R2acquisition,CP3,eeg
27,0,1R2acquisition,CP5,eeg
27,0,1R2acquisition,P3,eeg
27,0,2R3online,Fz,eeg
27,0,2R3online,FCz,eeg
27,0,2R3online,Cz,eeg
27,0,2R3online,CPz,eeg
27,0,2R3online,Pz,eeg
27,0,2R3online,C1,eeg
27,0,2R3online,C3,eeg
27,0,2R3online,C5,eeg
27,0,2R3online,C2,eeg
27,0,2R3online,C4,eeg
27,0,2R3online,C6,eeg
27,0,2R3online,EOG1,eog
27,0,2R3online,EOG2,eog
27,0,2R3online,EOG3,eog
27,0,2R3online,EMGg,emg
27,0,2R3online,EMGd,emg
27,0,2R3online,F4,eeg
27,0,2R3online,FC2,eeg
27,0,2R3online,FC4,eeg
27,0,2R3online,FC6,eeg
27,0,2R3online,CP2,eeg
27,0,2R3online,CP4,eeg
27,0,2R3online,CP6,eeg
27,0,2R3online,P4,eeg
27,0,2R3online,F3,eeg
27,0,2R3online,FC1,eeg
27,0,2R3online,FC3,eeg
27,0,2R3online,FC5,eeg
27,0,2R3online,CP1,eeg
27,0,2R3online,CP3,eeg
27,0,2R3online,CP5,eeg
27,0,2R3online,P3,eeg
27,0,3R4online,Fz,eeg
27,0,3R4online,FCz,eeg
27,0,3R4online,Cz,eeg
27,0,3R4online,CPz,eeg
27,0,3R4online,Pz,eeg
27,0,3R4online,C1,eeg
27,0,3R4online,C3,eeg
27,0,3R4online,C5,eeg
27,0,3R4online,C2,eeg
27,0,3R4online,C4,eeg
27,0,3R4online,C6,eeg
27,0,3R4online,EOG1,eog
27,0,3R4online,EOG2,eog
27,0,3R4online,EOG3,eog
27,0,3R4online,EMGg,emg
27,0,3R4online,EMGd,emg
27,0,3R4online,F4,eeg
27,0,3R4online,FC2,eeg
27,0,3R4online,FC4,eeg
27,0,3R4online,FC6,eeg
27,0,3R4online,CP2,eeg
27,0,3R4online,CP4,eeg
27,0,3R4online,CP6,eeg
27,0,3R4online,P4,eeg
27,0,3R4online,F3,eeg
27,0,3R4online,FC1,eeg
27,0,3R4online,FC3,eeg
27,0,3R4online,FC5,eeg
27,0,3R4online,CP1,eeg
27,0,3R4online,CP3,eeg
27,0,3R4online,CP5,eeg
27,0,3R4online,P3,eeg
27,0,4R5online,Fz,eeg
27,0,4R5online,FCz,eeg
27,0,4R5online,Cz,eeg
27,0,4R5online,CPz,eeg
27,0,4R5online,Pz,eeg
27,0,4R5online,C1,eeg
27,0,4R5online,C3,eeg
27,0,4R5online,C5,eeg
27,0,4R5online,C2,eeg
27,0,4R5online,C4,eeg
27,0,4R5online,C6,eeg
27,0,4R5online,EOG1,eog
27,0,4R5online,EOG2,eog
27,0,4R5online,EOG3,eog
27,0,4R5online,EMGg,emg
27,0,4R5online,EMGd,emg
27,0,4R5online,F4,eeg
27,0,4R5online,FC2,eeg
27,0,4R5online,FC4,eeg
27,0,4R5online,FC6,eeg
27,0,4R5online,CP2,eeg
27,0,4R5online,CP4,eeg
27,0,4R5online,CP6,eeg
27,0,4R5online,P4,eeg
27,0,4R5online,F3,eeg
27,0,4R5online,FC1,eeg
27,0,4R5online,FC3,eeg
27,0,4R5online,FC5,eeg
27,0,4R5online,CP1,eeg
27,0,4R5online,CP3,eeg
27,0,4R5online,CP5,eeg
27,0,4R5online,P3,eeg
27,0,5R6online,Fz,eeg
27,0,5R6online,FCz,eeg
27,0,5R6online,Cz,eeg
27,0,5R6online,CPz,eeg
27,0,5R6online,Pz,eeg
27,0,5R6online,C1,eeg
27,0,5R6online,C3,eeg
27,0,5R6online,C5,eeg
27,0,5R6online,C2,eeg
27,0,5R6online,C4,eeg
27,0,5R6online,C6,eeg
27,0,5R6online,EOG1,eog
27,0,5R6online,EOG2,eog
27,0,5R6online,EOG3,eog
27,0,5R6online,EMGg,emg
27,0,5R6online,EMGd,emg
27,0,5R6online,F4,eeg
27,0,5R6online,FC2,eeg
27,0,5R6online,FC4,eeg
27,0,5R6online,FC6,eeg
27,0,5R6online,CP2,eeg
27,0,5R6online,CP4,eeg
27,0,5R6online,CP6,eeg
27,0,5R6online,P4,eeg
27,0,5R6online,F3,eeg
27,0,5R6online,FC1,eeg
27,0,5R6online,FC3,eeg
27,0,5R6online,FC5,eeg
27,0,5R6online,CP1,eeg
27,0,5R6online,CP3,eeg
27,0,5R6online,CP5,eeg
27,0,5R6online,P3,eeg
28,0,0R1acquisition,Fz,eeg
28,0,0R1acquisition,FCz,eeg
28,0,0R1acquisition,Cz,eeg
28,0,0R1acquisition,CPz,eeg
28,0,0R1acquisition,Pz,eeg
28,0,0R1acquisition,C1,eeg
28,0,0R1acquisition,C3,eeg
28,0,0R1acquisition,C5,eeg
28,0,0R1acquisition,C2,eeg
28,0,0R1acquisition,C4,eeg
28,0,0R1acquisition,C6,eeg
28,0,0R1acquisition,EOG1,eog
28,0,0R1acquisition,EOG2,eog
28,0,0R1acquisition,EOG3,eog
28,0,0R1acquisition,EMGg,emg
28,0,0R1acquisition,EMGd,emg
28,0,0R1acquisition,F4,eeg
28,0,0R1acquisition,FC2,eeg
28,0,0R1acquisition,FC4,eeg
28,0,0R1acquisition,FC6,eeg
28,0,0R1acquisition,CP2,eeg
28,0,0R1acquisition,CP4,eeg
28,0,0R1acquisition,CP6,eeg
28,0,0R1acquisition,P4,eeg
28,0,0R1acquisition,F3,eeg
28,0,0R1acquisition,FC1,eeg
28,0,0R1acquisition,FC3,eeg
28,0,0R1acquisition,FC5,eeg
28,0,0R1acquisition,CP1,eeg
28,0,0R1acquisition,CP3,eeg
28,0,0R1acquisition,CP5,eeg
28,0,0R1acquisition,P3,eeg
28,0,1R2acquisition,Fz,eeg
28,0,1R2acquisition,FCz,eeg
28,0,1R2acquisition,Cz,eeg
28,0,1R2acquisition,CPz,eeg
28,0,1R2acquisition,Pz,eeg
28,0,1R2acquisition,C1,eeg
28,0,1R2acquisition,C3,eeg
28,0,1R2acquisition,C5,eeg
28,0,1R2acquisition,C2,eeg
28,0,1R2acquisition,C4,eeg
28,0,1R2acquisition,C6,eeg
28,0,1R2acquisition,EOG1,eog
28,0,1R2acquisition,EOG2,eog
28,0,1R2acquisition,EOG3,eog
28,0,1R2acquisition,EMGg,emg
28,0,1R2acquisition,EMGd,emg
28,0,1R2acquisition,F4,eeg
28,0,1R2acquisition,FC2,eeg
28,0,1R2acquisition,FC4,eeg
28,0,1R2acquisition,FC6,eeg
28,0,1R2acquisition,CP2,eeg
28,0,1R2acquisition,CP4,eeg
28,0,1R2acquisition,CP6,eeg
28,0,1R2acquisition,P4,eeg
28,0,1R2acquisition,F3,eeg
28,0,1R2acquisition,FC1,eeg
28,0,1R2acquisition,FC3,eeg
28,0,1R2acquisition,FC5,eeg
28,0,1R2acquisition,CP1,eeg
28,0,1R2acquisition,CP3,eeg
28,0,1R2acquisition,CP5,eeg
28,0,1R2acquisition,P3,eeg
28,0,2R3online,Fz,eeg
28,0,2R3online,FCz,eeg
28,0,2R3online,Cz,eeg
28,0,2R3online,CPz,eeg
28,0,2R3online,Pz,eeg
28,0,2R3online,C1,eeg
28,0,2R3online,C3,eeg
28,0,2R3online,C5,eeg
28,0,2R3online,C2,eeg
28,0,2R3online,C4,eeg
28,0,2R3online,C6,eeg
28,0,2R3online,EOG1,eog
28,0,2R3online,EOG2,eog
28,0,2R3online,EOG3,eog
28,0,2R3online,EMGg,emg
28,0,2R3online,EMGd,emg
28,0,2R3online,F4,eeg
28,0,2R3online,FC2,eeg
28,0,2R3online,FC4,eeg
28,0,2R3online,FC6,eeg
28,0,2R3online,CP2,eeg
28,0,2R3online,CP4,eeg
28,0,2R3online,CP6,eeg
28,0,2R3online,P4,eeg
28,0,2R3online,F3,eeg
28,0,2R3online,FC1,eeg
28,0,2R3online,FC3,eeg
28,0,2R3online,FC5,eeg
28,0,2R3online,CP1,eeg
28,0,2R3online,CP3,eeg
28,0,2R3online,CP5,eeg
28,0,2R3online,P3,eeg
28,0,3R4online,Fz,eeg
28,0,3R4online,FCz,eeg
28,0,3R4online,Cz,eeg
28,0,3R4online,CPz,eeg
28,0,3R4online,Pz,eeg
28,0,3R4online,C1,eeg
28,0,3R4online,C3,eeg
28,0,3R4online,C5,eeg
28,0,3R4online,C2,eeg
28,0,3R4online,C4,eeg
28,0,3R4online,C6,eeg
28,0,3R4online,EOG1,eog
28,0,3R4online,EOG2,eog
28,0,3R4online,EOG3,eog
28,0,3R4online,EMGg,emg
28,0,3R4online,EMGd,emg
28,0,3R4online,F4,eeg
28,0,3R4online,FC2,eeg
28,0,3R4online,FC4,eeg
28,0,3R4online,FC6,eeg
28,0,3R4online,CP2,eeg
28,0,3R4online,CP4,eeg
28,0,3R4online,CP6,eeg
28,0,3R4online,P4,eeg
28,0,3R4online,F3,eeg
28,0,3R4online,FC1,eeg
28,0,3R4online,FC3,eeg
28,0,3R4online,FC5,eeg
28,0,3R4online,CP1,eeg
28,0,3R4online,CP3,eeg
28,0,3R4online,CP5,eeg
28,0,3R4online,P3,eeg
28,0,4R5online,Fz,eeg
28,0,4R5online,FCz,eeg
28,0,4R5online,Cz,eeg
28,0,4R5online,CPz,eeg
28,0,4R5online,Pz,eeg
28,0,4R5online,C1,eeg
28,0,4R5online,C3,eeg
28,0,4R5online,C5,eeg
28,0,4R5online,C2,eeg
28,0,4R5online,C4,eeg
28,0,4R5online,C6,eeg
28,0,4R5online,EOG1,eog
28,0,4R5online,EOG2,eog
28,0,4R5online,EOG3,eog
28,0,4R5online,EMGg,emg
28,0,4R5online,EMGd,emg
28,0,4R5online,F4,eeg
28,0,4R5online,FC2,eeg
28,0,4R5online,FC4,eeg
28,0,4R5online,FC6,eeg
28,0,4R5online,CP2,eeg
28,0,4R5online,CP4,eeg
28,0,4R5online,CP6,eeg
28,0,4R5online,P4,eeg
28,0,4R5online,F3,eeg
28,0,4R5online,FC1,eeg
28,0,4R5online,FC3,eeg
28,0,4R5online,FC5,eeg
28,0,4R5online,CP1,eeg
28,0,4R5online,CP3,eeg
28,0,4R5online,CP5,eeg
28,0,4R5online,P3,eeg
28,0,5R6online,Fz,eeg
28,0,5R6online,FCz,eeg
28,0,5R6online,Cz,eeg
28,0,5R6online,CPz,eeg
28,0,5R6online,Pz,eeg
28,0,5R6online,C1,eeg
28,0,5R6online,C3,eeg
28,0,5R6online,C5,eeg
28,0,5R6online,C2,eeg
28,0,5R6online,C4,eeg
28,0,5R6online,C6,eeg
28,0,5R6online,EOG1,eog
28,0,5R6online,EOG2,eog
28,0,5R6online,EOG3,eog
28,0,5R6online,EMGg,emg
28,0,5R6online,EMGd,emg
28,0,5R6online,F4,eeg
28,0,5R6online,FC2,eeg
28,0,5R6online,FC4,eeg
28,0,5R6online,FC6,eeg
28,0,5R6online,CP2,eeg
28,0,5R6online,CP4,eeg
28,0,5R6online,CP6,eeg
28,0,5R6online,P4,eeg
28,0,5R6online,F3,eeg
28,0,5R6online,FC1,eeg
28,0,5R6online,FC3,eeg
28,0,5R6online,FC5,eeg
28,0,5R6online,CP1,eeg
28,0,5R6online,CP3,eeg
28,0,5R6online,CP5,eeg
28,0,5R6online,P3,eeg
29,0,0R1acquisition,Fz,eeg
29,0,0R1acquisition,FCz,eeg
29,0,0R1acquisition,Cz,eeg
29,0,0R1acquisition,CPz,eeg
29,0,0R1acquisition,Pz,eeg
29,0,0R1acquisition,C1,eeg
29,0,0R1acquisition,C3,eeg
29,0,0R1acquisition,C5,eeg
29,0,0R1acquisition,C2,eeg
29,0,0R1acquisition,C4,eeg
29,0,0R1acquisition,C6,eeg
29,0,0R1acquisition,EOG1,eog
29,0,0R1acquisition,EOG2,eog
29,0,0R1acquisition,EOG3,eog
29,0,0R1acquisition,EMGg,emg
29,0,0R1acquisition,EMGd,emg
29,0,0R1acquisition,F4,eeg
29,0,0R1acquisition,FC2,eeg
29,0,0R1acquisition,FC4,eeg
29,0,0R1acquisition,FC6,eeg
29,0,0R1acquisition,CP2,eeg
29,0,0R1acquisition,CP4,eeg
29,0,0R1acquisition,CP6,eeg
29,0,0R1acquisition,P4,eeg
29,0,0R1acquisition,F3,eeg
29,0,0R1acquisition,FC1,eeg
29,0,0R1acquisition,FC3,eeg
29,0,0R1acquisition,FC5,eeg
29,0,0R1acquisition,CP1,eeg
29,0,0R1acquisition,CP3,eeg
29,0,0R1acquisition,CP5,eeg
29,0,0R1acquisition,P3,eeg
29,0,1R2acquisition,Fz,eeg
29,0,1R2acquisition,FCz,eeg
29,0,1R2acquisition,Cz,eeg
29,0,1R2acquisition,CPz,eeg
29,0,1R2acquisition,Pz,eeg
29,0,1R2acquisition,C1,eeg
29,0,1R2acquisition,C3,eeg
29,0,1R2acquisition,C5,eeg
29,0,1R2acquisition,C2,eeg
29,0,1R2acquisition,C4,eeg
29,0,1R2acquisition,C6,eeg
29,0,1R2acquisition,EOG1,eog
29,0,1R2acquisition,EOG2,eog
29,0,1R2acquisition,EOG3,eog
29,0,1R2acquisition,EMGg,emg
29,0,1R2acquisition,EMGd,emg
29,0,1R2acquisition,F4,eeg
29,0,1R2acquisition,FC2,eeg
29,0,1R2acquisition,FC4,eeg
29,0,1R2acquisition,FC6,eeg
29,0,1R2acquisition,CP2,eeg
29,0,1R2acquisition,CP4,eeg
29,0,1R2acquisition,CP6,eeg
29,0,1R2acquisition,P4,eeg
29,0,1R2acquisition,F3,eeg
29,0,1R2acquisition,FC1,eeg
29,0,1R2acquisition,FC3,eeg
29,0,1R2acquisition,FC5,eeg
29,0,1R2acquisition,CP1,eeg
29,0,1R2acquisition,CP3,eeg
29,0,1R2acquisition,CP5,eeg
29,0,1R2acquisition,P3,eeg
29,0,2R3online,Fz,eeg
29,0,2R3online,FCz,eeg
29,0,2R3online,Cz,eeg
29,0,2R3online,CPz,eeg
29,0,2R3online,Pz,eeg
29,0,2R3online,C1,eeg
29,0,2R3online,C3,eeg
29,0,2R3online,C5,eeg
29,0,2R3online,C2,eeg
29,0,2R3online,C4,eeg
29,0,2R3online,C6,eeg
29,0,2R3online,EOG1,eog
29,0,2R3online,EOG2,eog
29,0,2R3online,EOG3,eog
29,0,2R3online,EMGg,emg
29,0,2R3online,EMGd,emg
29,0,2R3online,F4,eeg
29,0,2R3online,FC2,eeg
29,0,2R3online,FC4,eeg
29,0,2R3online,FC6,eeg
29,0,2R3online,CP2,eeg
29,0,2R3online,CP4,eeg
29,0,2R3online,CP6,eeg
29,0,2R3online,P4,eeg
29,0,2R3online,F3,eeg
29,0,2R3online,FC1,eeg
29,0,2R3online,FC3,eeg
29,0,2R3online,FC5,eeg
29,0,2R3online,CP1,eeg
29,0,2R3online,CP3,eeg
29,0,2R3online,CP5,eeg
29,0,2R3online,P3,eeg
29,0,3R4online,Fz,eeg
29,0,3R4online,FCz,eeg
29,0,3R4online,Cz,eeg
29,0,3R4online,CPz,eeg
29,0,3R4online,Pz,eeg
29,0,3R4online,C1,eeg
29,0,3R4online,C3,eeg
29,0,3R4online,C5,eeg
29,0,3R4online,C2,eeg
29,0,3R4online,C4,eeg
29,0,3R4online,C6,eeg
29,0,3R4online,EOG1,eog
29,0,3R4online,EOG2,eog
29,0,3R4online,EOG3,eog
29,0,3R4online,EMGg,emg
29,0,3R4online,EMGd,emg
29,0,3R4online,F4,eeg
29,0,3R4online,FC2,eeg
29,0,3R4online,FC4,eeg
29,0,3R4online,FC6,eeg
29,0,3R4online,CP2,eeg
29,0,3R4online,CP4,eeg
29,0,3R4online,CP6,eeg
29,0,3R4online,P4,eeg
29,0,3R4online,F3,eeg
29,0,3R4online,FC1,eeg
29,0,3R4online,FC3,eeg
29,0,3R4online,FC5,eeg
29,0,3R4online,CP1,eeg
29,0,3R4online,CP3,eeg
29,0,3R4online,CP5,eeg
29,0,3R4online,P3,eeg
29,0,4R5online,Fz,eeg
29,0,4R5online,FCz,eeg
29,0,4R5online,Cz,eeg
29,0,4R5online,CPz,eeg
29,0,4R5online,Pz,eeg
29,0,4R5online,C1,eeg
29,0,4R5online,C3,eeg
29,0,4R5online,C5,eeg
29,0,4R5online,C2,eeg
29,0,4R5online,C4,eeg
29,0,4R5online,C6,eeg
29,0,4R5online,EOG1,eog
29,0,4R5online,EOG2,eog
29,0,4R5online,EOG3,eog
29,0,4R5online,EMGg,emg
29,0,4R5online,EMGd,emg
29,0,4R5online,F4,eeg
29,0,4R5online,FC2,eeg
29,0,4R5online,FC4,eeg
29,0,4R5online,FC6,eeg
29,0,4R5online,CP2,eeg
29,0,4R5online,CP4,eeg
29,0,4R5online,CP6,eeg
29,0,4R5online,P4,eeg
29,0,4R5online,F3,eeg
29,0,4R5online,FC1,eeg
29,0,4R5online,FC3,eeg
29,0,4R5online,FC5,eeg
29,0,4R5online,CP1,eeg
29,0,4R5online,CP3,eeg
29,0,4R5online,CP5,eeg
29,0,4R5online,P3,eeg
29,0,5R6online,Fz,eeg
29,0,5R6online,FCz,eeg
29,0,5R6online,Cz,eeg
29,0,5R6online,CPz,eeg
29,0,5R6online,Pz,eeg
29,0,5R6online,C1,eeg
29,0,5R6online,C3,eeg
29,0,5R6online,C5,eeg
29,0,5R6online,C2,eeg
29,0,5R6online,C4,eeg
29,0,5R6online,C6,eeg
29,0,5R6online,EOG1,eog
29,0,5R6online,EOG2,eog
29,0,5R6online,EOG3,eog
29,0,5R6online,EMGg,emg
29,0,5R6online,EMGd,emg
29,0,5R6online,F4,eeg
29,0,5R6online,FC2,eeg
29,0,5R6online,FC4,eeg
29,0,5R6online,FC6,eeg
29,0,5R6online,CP2,eeg
29,0,5R6online,CP4,eeg
29,0,5R6online,CP6,eeg
29,0,5R6online,P4,eeg
29,0,5R6online,F3,eeg
29,0,5R6online,FC1,eeg
29,0,5R6online,FC3,eeg
29,0,5R6online,FC5,eeg
29,0,5R6online,CP1,eeg
29,0,5R6online,CP3,eeg
29,0,5R6online,CP5,eeg
29,0,5R6online,P3,eeg
30,0,0R1acquisition,Fz,eeg
30,0,0R1acquisition,FCz,eeg
30,0,0R1acquisition,Cz,eeg
30,0,0R1acquisition,CPz,eeg
30,0,0R1acquisition,Pz,eeg
30,0,0R1acquisition,C1,eeg
30,0,0R1acquisition,C3,eeg
30,0,0R1acquisition,C5,eeg
30,0,0R1acquisition,C2,eeg
30,0,0R1acquisition,C4,eeg
30,0,0R1acquisition,C6,eeg
30,0,0R1acquisition,EOG1,eog
30,0,0R1acquisition,EOG2,eog
30,0,0R1acquisition,EOG3,eog
30,0,0R1acquisition,EMGg,emg
30,0,0R1acquisition,EMGd,emg
30,0,0R1acquisition,F4,eeg
30,0,0R1acquisition,FC2,eeg
30,0,0R1acquisition,FC4,eeg
30,0,0R1acquisition,FC6,eeg
30,0,0R1acquisition,CP2,eeg
30,0,0R1acquisition,CP4,eeg
30,0,0R1acquisition,CP6,eeg
30,0,0R1acquisition,P4,eeg
30,0,0R1acquisition,F3,eeg
30,0,0R1acquisition,FC1,eeg
30,0,0R1acquisition,FC3,eeg
30,0,0R1acquisition,FC5,eeg
30,0,0R1acquisition,CP1,eeg
30,0,0R1acquisition,CP3,eeg
30,0,0R1acquisition,CP5,eeg
30,0,0R1acquisition,P3,eeg
30,0,1R2acquisition,Fz,eeg
30,0,1R2acquisition,FCz,eeg
30,0,1R2acquisition,Cz,eeg
30,0,1R2acquisition,CPz,eeg
30,0,1R2acquisition,Pz,eeg
30,0,1R2acquisition,C1,eeg
30,0,1R2acquisition,C3,eeg
30,0,1R2acquisition,C5,eeg
30,0,1R2acquisition,C2,eeg
30,0,1R2acquisition,C4,eeg
30,0,1R2acquisition,C6,eeg
30,0,1R2acquisition,EOG1,eog
30,0,1R2acquisition,EOG2,eog
30,0,1R2acquisition,EOG3,eog
30,0,1R2acquisition,EMGg,emg
30,0,1R2acquisition,EMGd,emg
30,0,1R2acquisition,F4,eeg
30,0,1R2acquisition,FC2,eeg
30,0,1R2acquisition,FC4,eeg
30,0,1R2acquisition,FC6,eeg
30,0,1R2acquisition,CP2,eeg
30,0,1R2acquisition,CP4,eeg
30,0,1R2acquisition,CP6,eeg
30,0,1R2acquisition,P4,eeg
30,0,1R2acquisition,F3,eeg
30,0,1R2acquisition,FC1,eeg
30,0,1R2acquisition,FC3,eeg
30,0,1R2acquisition,FC5,eeg
30,0,1R2acquisition,CP1,eeg
30,0,1R2acquisition,CP3,eeg
30,0,1R2acquisition,CP5,eeg
30,0,1R2acquisition,P3,eeg
30,0,2R3online,Fz,eeg
30,0,2R3online,FCz,eeg
30,0,2R3online,Cz,eeg
30,0,2R3online,CPz,eeg
30,0,2R3online,Pz,eeg
30,0,2R3online,C1,eeg
30,0,2R3online,C3,eeg
30,0,2R3online,C5,eeg
30,0,2R3online,C2,eeg
30,0,2R3online,C4,eeg
30,0,2R3online,C6,eeg
30,0,2R3online,EOG1,eog
30,0,2R3online,EOG2,eog
30,0,2R3online,EOG3,eog
30,0,2R3online,EMGg,emg
30,0,2R3online,EMGd,emg
30,0,2R3online,F4,eeg
30,0,2R3online,FC2,eeg
30,0,2R3online,FC4,eeg
30,0,2R3online,FC6,eeg
30,0,2R3online,CP2,eeg
30,0,2R3online,CP4,eeg
30,0,2R3online,CP6,eeg
30,0,2R3online,P4,eeg
30,0,2R3online,F3,eeg
30,0,2R3online,FC1,eeg
30,0,2R3online,FC3,eeg
30,0,2R3online,FC5,eeg
30,0,2R3online,CP1,eeg
30,0,2R3online,CP3,eeg
30,0,2R3online,CP5,eeg
30,0,2R3online,P3,eeg
30,0,3R4online,Fz,eeg
30,0,3R4online,FCz,eeg
30,0,3R4online,Cz,eeg
30,0,3R4online,CPz,eeg
30,0,3R4online,Pz,eeg
30,0,3R4online,C1,eeg
30,0,3R4online,C3,eeg
30,0,3R4online,C5,eeg
30,0,3R4online,C2,eeg
30,0,3R4online,C4,eeg
30,0,3R4online,C6,eeg
30,0,3R4online,EOG1,eog
30,0,3R4online,EOG2,eog
30,0,3R4online,EOG3,eog
30,0,3R4online,EMGg,emg
30,0,3R4online,EMGd,emg
30,0,3R4online,F4,eeg
30,0,3R4online,FC2,eeg
30,0,3R4online,FC4,eeg
30,0,3R4online,FC6,eeg
30,0,3R4online,CP2,eeg
30,0,3R4online,CP4,eeg
30,0,3R4online,CP6,eeg
30,0,3R4online,P4,eeg
30,0,3R4online,F3,eeg
30,0,3R4online,FC1,eeg
30,0,3R4online,FC3,eeg
30,0,3R4online,FC5,eeg
30,0,3R4online,CP1,eeg
30,0,3R4online,CP3,eeg
30,0,3R4online,CP5,eeg
30,0,3R4online,P3,eeg
30,0,4R5online,Fz,eeg
30,0,4R5online,FCz,eeg
30,0,4R5online,Cz,eeg
30,0,4R5online,CPz,eeg
30,0,4R5online,Pz,eeg
30,0,4R5online,C1,eeg
30,0,4R5online,C3,eeg
30,0,4R5online,C5,eeg
30,0,4R5online,C2,eeg
30,0,4R5online,C4,eeg
30,0,4R5online,C6,eeg
30,0,4R5online,EOG1,eog
30,0,4R5online,EOG2,eog
30,0,4R5online,EOG3,eog
30,0,4R5online,EMGg,emg
30,0,4R5online,EMGd,emg
30,0,4R5online,F4,eeg
30,0,4R5online,FC2,eeg
30,0,4R5online,FC4,eeg
30,0,4R5online,FC6,eeg
30,0,4R5online,CP2,eeg
30,0,4R5online,CP4,eeg
30,0,4R5online,CP6,eeg
30,0,4R5online,P4,eeg
30,0,4R5online,F3,eeg
30,0,4R5online,FC1,eeg
30,0,4R5online,FC3,eeg
30,0,4R5online,FC5,eeg
30,0,4R5online,CP1,eeg
30,0,4R5online,CP3,eeg
30,0,4R5online,CP5,eeg
30,0,4R5online,P3,eeg
30,0,5R6online,Fz,eeg
30,0,5R6online,FCz,eeg
30,0,5R6online,Cz,eeg
30,0,5R6online,CPz,eeg
30,0,5R6online,Pz,eeg
30,0,5R6online,C1,eeg
30,0,5R6online,C3,eeg
30,0,5R6online,C5,eeg
30,0,5R6online,C2,eeg
30,0,5R6online,C4,eeg
30,0,5R6online,C6,eeg
30,0,5R6online,EOG1,eog
30,0,5R6online,EOG2,eog
30,0,5R6online,EOG3,eog
30,0,5R6online,EMGg,emg
30,0,5R6online,EMGd,emg
30,0,5R6online,F4,eeg
30,0,5R6online,FC2,eeg
30,0,5R6online,FC4,eeg
30,0,5R6online,FC6,eeg
30,0,5R6online,CP2,eeg
30,0,5R6online,CP4,eeg
30,0,5R6online,CP6,eeg
30,0,5R6online,P4,eeg
30,0,5R6online,F3,eeg
30,0,5R6online,FC1,eeg
30,0,5R6online,FC3,eeg
30,0,5R6online,FC5,eeg
30,0,5R6online,CP1,eeg
30,0,5R6online,CP3,eeg
30,0,5R6online,CP5,eeg
30,0,5R6online,P3,eeg
31,0,0R1acquisition,Fz,eeg
31,0,0R1acquisition,FCz,eeg
31,0,0R1acquisition,Cz,eeg
31,0,0R1acquisition,CPz,eeg
31,0,0R1acquisition,Pz,eeg
31,0,0R1acquisition,C1,eeg
31,0,0R1acquisition,C3,eeg
31,0,0R1acquisition,C5,eeg
31,0,0R1acquisition,C2,eeg
31,0,0R1acquisition,C4,eeg
31,0,0R1acquisition,C6,eeg
31,0,0R1acquisition,EOG1,eog
31,0,0R1acquisition,EOG2,eog
31,0,0R1acquisition,EOG3,eog
31,0,0R1acquisition,EMGg,emg
31,0,0R1acquisition,EMGd,emg
31,0,0R1acquisition,F4,eeg
31,0,0R1acquisition,FC2,eeg
31,0,0R1acquisition,FC4,eeg
31,0,0R1acquisition,FC6,eeg
31,0,0R1acquisition,CP2,eeg
31,0,0R1acquisition,CP4,eeg
31,0,0R1acquisition,CP6,eeg
31,0,0R1acquisition,P4,eeg
31,0,0R1acquisition,F3,eeg
31,0,0R1acquisition,FC1,eeg
31,0,0R1acquisition,FC3,eeg
31,0,0R1acquisition,FC5,eeg
31,0,0R1acquisition,CP1,eeg
31,0,0R1acquisition,CP3,eeg
31,0,0R1acquisition,CP5,eeg
31,0,0R1acquisition,P3,eeg
31,0,1R2acquisition,Fz,eeg
31,0,1R2acquisition,FCz,eeg
31,0,1R2acquisition,Cz,eeg
31,0,1R2acquisition,CPz,eeg
31,0,1R2acquisition,Pz,eeg
31,0,1R2acquisition,C1,eeg
31,0,1R2acquisition,C3,eeg
31,0,1R2acquisition,C5,eeg
31,0,1R2acquisition,C2,eeg
31,0,1R2acquisition,C4,eeg
31,0,1R2acquisition,C6,eeg
31,0,1R2acquisition,EOG1,eog
31,0,1R2acquisition,EOG2,eog
31,0,1R2acquisition,EOG3,eog
31,0,1R2acquisition,EMGg,emg
31,0,1R2acquisition,EMGd,emg
31,0,1R2acquisition,F4,eeg
31,0,1R2acquisition,FC2,eeg
31,0,1R2acquisition,FC4,eeg
31,0,1R2acquisition,FC6,eeg
31,0,1R2acquisition,CP2,eeg
31,0,1R2acquisition,CP4,eeg
31,0,1R2acquisition,CP6,eeg
31,0,1R2acquisition,P4,eeg
31,0,1R2acquisition,F3,eeg
31,0,1R2acquisition,FC1,eeg
31,0,1R2acquisition,FC3,eeg
31,0,1R2acquisition,FC5,eeg
31,0,1R2acquisition,CP1,eeg
31,0,1R2acquisition,CP3,eeg
31,0,1R2acquisition,CP5,eeg
31,0,1R2acquisition,P3,eeg
31,0,2R3online,Fz,eeg
31,0,2R3online,FCz,eeg
31,0,2R3online,Cz,eeg
31,0,2R3online,CPz,eeg
31,0,2R3online,Pz,eeg
31,0,2R3online,C1,eeg
31,0,2R3online,C3,eeg
31,0,2R3online,C5,eeg
31,0,2R3online,C2,eeg
31,0,2R3online,C4,eeg
31,0,2R3online,C6,eeg
31,0,2R3online,EOG1,eog
31,0,2R3online,EOG2,eog
31,0,2R3online,EOG3,eog
31,0,2R3online,EMGg,emg
31,0,2R3online,EMGd,emg
31,0,2R3online,F4,eeg
31,0,2R3online,FC2,eeg
31,0,2R3online,FC4,eeg
31,0,2R3online,FC6,eeg
31,0,2R3online,CP2,eeg
31,0,2R3online,CP4,eeg
31,0,2R3online,CP6,eeg
31,0,2R3online,P4,eeg
31,0,2R3online,F3,eeg
31,0,2R3online,FC1,eeg
31,0,2R3online,FC3,eeg
31,0,2R3online,FC5,eeg
31,0,2R3online,CP1,eeg
31,0,2R3online,CP3,eeg
31,0,2R3online,CP5,eeg
31,0,2R3online,P3,eeg
31,0,3R4online,Fz,eeg
31,0,3R4online,FCz,eeg
31,0,3R4online,Cz,eeg
31,0,3R4online,CPz,eeg
31,0,3R4online,Pz,eeg
31,0,3R4online,C1,eeg
31,0,3R4online,C3,eeg
31,0,3R4online,C5,eeg
31,0,3R4online,C2,eeg
31,0,3R4online,C4,eeg
31,0,3R4online,C6,eeg
31,0,3R4online,EOG1,eog
31,0,3R4online,EOG2,eog
31,0,3R4online,EOG3,eog
31,0,3R4online,EMGg,emg
31,0,3R4online,EMGd,emg
31,0,3R4online,F4,eeg
31,0,3R4online,FC2,eeg
31,0,3R4online,FC4,eeg
31,0,3R4online,FC6,eeg
31,0,3R4online,CP2,eeg
31,0,3R4online,CP4,eeg
31,0,3R4online,CP6,eeg
31,0,3R4online,P4,eeg
31,0,3R4online,F3,eeg
31,0,3R4online,FC1,eeg
31,0,3R4online,FC3,eeg
31,0,3R4online,FC5,eeg
31,0,3R4online,CP1,eeg
31,0,3R4online,CP3,eeg
31,0,3R4online,CP5,eeg
31,0,3R4online,P3,eeg
31,0,4R5online,Fz,eeg
31,0,4R5online,FCz,eeg
31,0,4R5online,Cz,eeg
31,0,4R5online,CPz,eeg
31,0,4R5online,Pz,eeg
31,0,4R5online,C1,eeg
31,0,4R5online,C3,eeg
31,0,4R5online,C5,eeg
31,0,4R5online,C2,eeg
31,0,4R5online,C4,eeg
31,0,4R5online,C6,eeg
31,0,4R5online,EOG1,eog
31,0,4R5online,EOG2,eog
31,0,4R5online,EOG3,eog
31,0,4R5online,EMGg,emg
31,0,4R5online,EMGd,emg
31,0,4R5online,F4,eeg
31,0,4R5online,FC2,eeg
31,0,4R5online,FC4,eeg
31,0,4R5online,FC6,eeg
31,0,4R5online,CP2,eeg
31,0,4R5online,CP4,eeg
31,0,4R5online,CP6,eeg
31,0,4R5online,P4,eeg
31,0,4R5online,F3,eeg
31,0,4R5online,FC1,eeg
31,0,4R5online,FC3,eeg
31,0,4R5online,FC5,eeg
31,0,4R5online,CP1,eeg
31,0,4R5online,CP3,eeg
31,0,4R5online,CP5,eeg
31,0,4R5online,P3,eeg
31,0,5R6online,Fz,eeg
31,0,5R6online,FCz,eeg
31,0,5R6online,Cz,eeg
31,0,5R6online,CPz,eeg
31,0,5R6online,Pz,eeg
31,0,5R6online,C1,eeg
31,0,5R6online,C3,eeg
31,0,5R6online,C5,eeg
31,0,5R6online,C2,eeg
31,0,5R6online,C4,eeg
31,0,5R6online,C6,eeg
31,0,5R6online,EOG1,eog
31,0,5R6online,EOG2,eog
31,0,5R6online,EOG3,eog
31,0,5R6online,EMGg,emg
31,0,5R6online,EMGd,emg
31,0,5R6online,F4,eeg
31,0,5R6online,FC2,eeg
31,0,5R6online,FC4,eeg
31,0,5R6online,FC6,eeg
31,0,5R6online,CP2,eeg
31,0,5R6online,CP4,eeg
31,0,5R6online,CP6,eeg
31,0,5R6online,P4,eeg
31,0,5R6online,F3,eeg
31,0,5R6online,FC1,eeg
31,0,5R6online,FC3,eeg
31,0,5R6online,FC5,eeg
31,0,5R6online,CP1,eeg
31,0,5R6online,CP3,eeg
31,0,5R6online,CP5,eeg
31,0,5R6online,P3,eeg
32,0,0R1acquisition,Fz,eeg
32,0,0R1acquisition,FCz,eeg
32,0,0R1acquisition,Cz,eeg
32,0,0R1acquisition,CPz,eeg
32,0,0R1acquisition,Pz,eeg
32,0,0R1acquisition,C1,eeg
32,0,0R1acquisition,C3,eeg
32,0,0R1acquisition,C5,eeg
32,0,0R1acquisition,C2,eeg
32,0,0R1acquisition,C4,eeg
32,0,0R1acquisition,C6,eeg
32,0,0R1acquisition,EOG1,eog
32,0,0R1acquisition,EOG2,eog
32,0,0R1acquisition,EOG3,eog
32,0,0R1acquisition,EMGg,emg
32,0,0R1acquisition,EMGd,emg
32,0,0R1acquisition,F4,eeg
32,0,0R1acquisition,FC2,eeg
32,0,0R1acquisition,FC4,eeg
32,0,0R1acquisition,FC6,eeg
32,0,0R1acquisition,CP2,eeg
32,0,0R1acquisition,CP4,eeg
32,0,0R1acquisition,CP6,eeg
32,0,0R1acquisition,P4,eeg
32,0,0R1acquisition,F3,eeg
32,0,0R1acquisition,FC1,eeg
32,0,0R1acquisition,FC3,eeg
32,0,0R1acquisition,FC5,eeg
32,0,0R1acquisition,CP1,eeg
32,0,0R1acquisition,CP3,eeg
32,0,0R1acquisition,CP5,eeg
32,0,0R1acquisition,P3,eeg
32,0,1R2acquisition,Fz,eeg
32,0,1R2acquisition,FCz,eeg
32,0,1R2acquisition,Cz,eeg
32,0,1R2acquisition,CPz,eeg
32,0,1R2acquisition,Pz,eeg
32,0,1R2acquisition,C1,eeg
32,0,1R2acquisition,C3,eeg
32,0,1R2acquisition,C5,eeg
32,0,1R2acquisition,C2,eeg
32,0,1R2acquisition,C4,eeg
32,0,1R2acquisition,C6,eeg
32,0,1R2acquisition,EOG1,eog
32,0,1R2acquisition,EOG2,eog
32,0,1R2acquisition,EOG3,eog
32,0,1R2acquisition,EMGg,emg
32,0,1R2acquisition,EMGd,emg
32,0,1R2acquisition,F4,eeg
32,0,1R2acquisition,FC2,eeg
32,0,1R2acquisition,FC4,eeg
32,0,1R2acquisition,FC6,eeg
32,0,1R2acquisition,CP2,eeg
32,0,1R2acquisition,CP4,eeg
32,0,1R2acquisition,CP6,eeg
32,0,1R2acquisition,P4,eeg
32,0,1R2acquisition,F3,eeg
32,0,1R2acquisition,FC1,eeg
32,0,1R2acquisition,FC3,eeg
32,0,1R2acquisition,FC5,eeg
32,0,1R2acquisition,CP1,eeg
32,0,1R2acquisition,CP3,eeg
32,0,1R2acquisition,CP5,eeg
32,0,1R2acquisition,P3,eeg
32,0,2R3online,Fz,eeg
32,0,2R3online,FCz,eeg
32,0,2R3online,Cz,eeg
32,0,2R3online,CPz,eeg
32,0,2R3online,Pz,eeg
32,0,2R3online,C1,eeg
32,0,2R3online,C3,eeg
32,0,2R3online,C5,eeg
32,0,2R3online,C2,eeg
32,0,2R3online,C4,eeg
32,0,2R3online,C6,eeg
32,0,2R3online,EOG1,eog
32,0,2R3online,EOG2,eog
32,0,2R3online,EOG3,eog
32,0,2R3online,EMGg,emg
32,0,2R3online,EMGd,emg
32,0,2R3online,F4,eeg
32,0,2R3online,FC2,eeg
32,0,2R3online,FC4,eeg
32,0,2R3online,FC6,eeg
32,0,2R3online,CP2,eeg
32,0,2R3online,CP4,eeg
32,0,2R3online,CP6,eeg
32,0,2R3online,P4,eeg
32,0,2R3online,F3,eeg
32,0,2R3online,FC1,eeg
32,0,2R3online,FC3,eeg
32,0,2R3online,FC5,eeg
32,0,2R3online,CP1,eeg
32,0,2R3online,CP3,eeg
32,0,2R3online,CP5,eeg
32,0,2R3online,P3,eeg
32,0,3R4online,Fz,eeg
32,0,3R4online,FCz,eeg
32,0,3R4online,Cz,eeg
32,0,3R4online,CPz,eeg
32,0,3R4online,Pz,eeg
32,0,3R4online,C1,eeg
32,0,3R4online,C3,eeg
32,0,3R4online,C5,eeg
32,0,3R4online,C2,eeg
32,0,3R4online,C4,eeg
32,0,3R4online,C6,eeg
32,0,3R4online,EOG1,eog
32,0,3R4online,EOG2,eog
32,0,3R4online,EOG3,eog
32,0,3R4online,EMGg,emg
32,0,3R4online,EMGd,emg
32,0,3R4online,F4,eeg
32,0,3R4online,FC2,eeg
32,0,3R4online,FC4,eeg
32,0,3R4online,FC6,eeg
32,0,3R4online,CP2,eeg
32,0,3R4online,CP4,eeg
32,0,3R4online,CP6,eeg
32,0,3R4online,P4,eeg
32,0,3R4online,F3,eeg
32,0,3R4online,FC1,eeg
32,0,3R4online,FC3,eeg
32,0,3R4online,FC5,eeg
32,0,3R4online,CP1,eeg
32,0,3R4online,CP3,eeg
32,0,3R4online,CP5,eeg
32,0,3R4online,P3,eeg
32,0,4R5online,Fz,eeg
32,0,4R5online,FCz,eeg
32,0,4R5online,Cz,eeg
32,0,4R5online,CPz,eeg
32,0,4R5online,Pz,eeg
32,0,4R5online,C1,eeg
32,0,4R5online,C3,eeg
32,0,4R5online,C5,eeg
32,0,4R5online,C2,eeg
32,0,4R5online,C4,eeg
32,0,4R5online,C6,eeg
32,0,4R5online,EOG1,eog
32,0,4R5online,EOG2,eog
32,0,4R5online,EOG3,eog
32,0,4R5online,EMGg,emg
32,0,4R5online,EMGd,emg
32,0,4R5online,F4,eeg
32,0,4R5online,FC2,eeg
32,0,4R5online,FC4,eeg
32,0,4R5online,FC6,eeg
32,0,4R5online,CP2,eeg
32,0,4R5online,CP4,eeg
32,0,4R5online,CP6,eeg
32,0,4R5online,P4,eeg
32,0,4R5online,F3,eeg
32,0,4R5online,FC1,eeg
32,0,4R5online,FC3,eeg
32,0,4R5online,FC5,eeg
32,0,4R5online,CP1,eeg
32,0,4R5online,CP3,eeg
32,0,4R5online,CP5,eeg
32,0,4R5online,P3,eeg
32,0,5R6online,Fz,eeg
32,0,5R6online,FCz,eeg
32,0,5R6online,Cz,eeg
32,0,5R6online,CPz,eeg
32,0,5R6online,Pz,eeg
32,0,5R6online,C1,eeg
32,0,5R6online,C3,eeg
32,0,5R6online,C5,eeg
32,0,5R6online,C2,eeg
32,0,5R6online,C4,eeg
32,0,5R6online,C6,eeg
32,0,5R6online,EOG1,eog
32,0,5R6online,EOG2,eog
32,0,5R6online,EOG3,eog
32,0,5R6online,EMGg,emg
32,0,5R6online,EMGd,emg
32,0,5R6online,F4,eeg
32,0,5R6online,FC2,eeg
32,0,5R6online,FC4,eeg
32,0,5R6online,FC6,eeg
32,0,5R6online,CP2,eeg
32,0,5R6online,CP4,eeg
32,0,5R6online,CP6,eeg
32,0,5R6online,P4,eeg
32,0,5R6online,F3,eeg
32,0,5R6online,FC1,eeg
32,0,5R6online,FC3,eeg
32,0,5R6online,FC5,eeg
32,0,5R6online,CP1,eeg
32,0,5R6online,CP3,eeg
32,0,5R6online,CP5,eeg
32,0,5R6online,P3,eeg
33,0,0R1acquisition,Fz,eeg
33,0,0R1acquisition,FCz,eeg
33,0,0R1acquisition,Cz,eeg
33,0,0R1acquisition,CPz,eeg
33,0,0R1acquisition,Pz,eeg
33,0,0R1acquisition,C1,eeg
33,0,0R1acquisition,C3,eeg
33,0,0R1acquisition,C5,eeg
33,0,0R1acquisition,C2,eeg
33,0,0R1acquisition,C4,eeg
33,0,0R1acquisition,C6,eeg
33,0,0R1acquisition,EOG1,eog
33,0,0R1acquisition,EOG2,eog
33,0,0R1acquisition,EOG3,eog
33,0,0R1acquisition,EMGg,emg
33,0,0R1acquisition,EMGd,emg
33,0,0R1acquisition,F4,eeg
33,0,0R1acquisition,FC2,eeg
33,0,0R1acquisition,FC4,eeg
33,0,0R1acquisition,FC6,eeg
33,0,0R1acquisition,CP2,eeg
33,0,0R1acquisition,CP4,eeg
33,0,0R1acquisition,CP6,eeg
33,0,0R1acquisition,P4,eeg
33,0,0R1acquisition,F3,eeg
33,0,0R1acquisition,FC1,eeg
33,0,0R1acquisition,FC3,eeg
33,0,0R1acquisition,FC5,eeg
33,0,0R1acquisition,CP1,eeg
33,0,0R1acquisition,CP3,eeg
33,0,0R1acquisition,CP5,eeg
33,0,0R1acquisition,P3,eeg
33,0,1R2acquisition,Fz,eeg
33,0,1R2acquisition,FCz,eeg
33,0,1R2acquisition,Cz,eeg
33,0,1R2acquisition,CPz,eeg
33,0,1R2acquisition,Pz,eeg
33,0,1R2acquisition,C1,eeg
33,0,1R2acquisition,C3,eeg
33,0,1R2acquisition,C5,eeg
33,0,1R2acquisition,C2,eeg
33,0,1R2acquisition,C4,eeg
33,0,1R2acquisition,C6,eeg
33,0,1R2acquisition,EOG1,eog
33,0,1R2acquisition,EOG2,eog
33,0,1R2acquisition,EOG3,eog
33,0,1R2acquisition,EMGg,emg
33,0,1R2acquisition,EMGd,emg
33,0,1R2acquisition,F4,eeg
33,0,1R2acquisition,FC2,eeg
33,0,1R2acquisition,FC4,eeg
33,0,1R2acquisition,FC6,eeg
33,0,1R2acquisition,CP2,eeg
33,0,1R2acquisition,CP4,eeg
33,0,1R2acquisition,CP6,eeg
33,0,1R2acquisition,P4,eeg
33,0,1R2acquisition,F3,eeg
33,0,1R2acquisition,FC1,eeg
33,0,1R2acquisition,FC3,eeg
33,0,1R2acquisition,FC5,eeg
33,0,1R2acquisition,CP1,eeg
33,0,1R2acquisition,CP3,eeg
33,0,1R2acquisition,CP5,eeg
33,0,1R2acquisition,P3,eeg
33,0,2R3online,Fz,eeg
33,0,2R3online,FCz,eeg
33,0,2R3online,Cz,eeg
33,0,2R3online,CPz,eeg
33,0,2R3online,Pz,eeg
33,0,2R3online,C1,eeg
33,0,2R3online,C3,eeg
33,0,2R3online,C5,eeg
33,0,2R3online,C2,eeg
33,0,2R3online,C4,eeg
33,0,2R3online,C6,eeg
33,0,2R3online,EOG1,eog
33,0,2R3online,EOG2,eog
33,0,2R3online,EOG3,eog
33,0,2R3online,EMGg,emg
33,0,2R3online,EMGd,emg
33,0,2R3online,F4,eeg
33,0,2R3online,FC2,eeg
33,0,2R3online,FC4,eeg
33,0,2R3online,FC6,eeg
33,0,2R3online,CP2,eeg
33,0,2R3online,CP4,eeg
33,0,2R3online,CP6,eeg
33,0,2R3online,P4,eeg
33,0,2R3online,F3,eeg
33,0,2R3online,FC1,eeg
33,0,2R3online,FC3,eeg
33,0,2R3online,FC5,eeg
33,0,2R3online,CP1,eeg
33,0,2R3online,CP3,eeg
33,0,2R3online,CP5,eeg
33,0,2R3online,P3,eeg
33,0,3R4online,Fz,eeg
33,0,3R4online,FCz,eeg
33,0,3R4online,Cz,eeg
33,0,3R4online,CPz,eeg
33,0,3R4online,Pz,eeg
33,0,3R4online,C1,eeg
33,0,3R4online,C3,eeg
33,0,3R4online,C5,eeg
33,0,3R4online,C2,eeg
33,0,3R4online,C4,eeg
33,0,3R4online,C6,eeg
33,0,3R4online,EOG1,eog
33,0,3R4online,EOG2,eog
33,0,3R4online,EOG3,eog
33,0,3R4online,EMGg,emg
33,0,3R4online,EMGd,emg
33,0,3R4online,F4,eeg
33,0,3R4online,FC2,eeg
33,0,3R4online,FC4,eeg
33,0,3R4online,FC6,eeg
33,0,3R4online,CP2,eeg
33,0,3R4online,CP4,eeg
33,0,3R4online,CP6,eeg
33,0,3R4online,P4,eeg
33,0,3R4online,F3,eeg
33,0,3R4online,FC1,eeg
33,0,3R4online,FC3,eeg
33,0,3R4online,FC5,eeg
33,0,3R4online,CP1,eeg
33,0,3R4online,CP3,eeg
33,0,3R4online,CP5,eeg
33,0,3R4online,P3,eeg
33,0,4R5online,Fz,eeg
33,0,4R5online,FCz,eeg
33,0,4R5online,Cz,eeg
33,0,4R5online,CPz,eeg
33,0,4R5online,Pz,eeg
33,0,4R5online,C1,eeg
33,0,4R5online,C3,eeg
33,0,4R5online,C5,eeg
33,0,4R5online,C2,eeg
33,0,4R5online,C4,eeg
33,0,4R5online,C6,eeg
33,0,4R5online,EOG1,eog
33,0,4R5online,EOG2,eog
33,0,4R5online,EOG3,eog
33,0,4R5online,EMGg,emg
33,0,4R5online,EMGd,emg
33,0,4R5online,F4,eeg
33,0,4R5online,FC2,eeg
33,0,4R5online,FC4,eeg
33,0,4R5online,FC6,eeg
33,0,4R5online,CP2,eeg
33,0,4R5online,CP4,eeg
33,0,4R5online,CP6,eeg
33,0,4R5online,P4,eeg
33,0,4R5online,F3,eeg
33,0,4R5online,FC1,eeg
33,0,4R5online,FC3,eeg
33,0,4R5online,FC5,eeg
33,0,4R5online,CP1,eeg
33,0,4R5online,CP3,eeg
33,0,4R5online,CP5,eeg
33,0,4R5online,P3,eeg
33,0,5R6online,Fz,eeg
33,0,5R6online,FCz,eeg
33,0,5R6online,Cz,eeg
33,0,5R6online,CPz,eeg
33,0,5R6online,Pz,eeg
33,0,5R6online,C1,eeg
33,0,5R6online,C3,eeg
33,0,5R6online,C5,eeg
33,0,5R6online,C2,eeg
33,0,5R6online,C4,eeg
33,0,5R6online,C6,eeg
33,0,5R6online,EOG1,eog
33,0,5R6online,EOG2,eog
33,0,5R6online,EOG3,eog
33,0,5R6online,EMGg,emg
33,0,5R6online,EMGd,emg
33,0,5R6online,F4,eeg
33,0,5R6online,FC2,eeg
33,0,5R6online,FC4,eeg
33,0,5R6online,FC6,eeg
33,0,5R6online,CP2,eeg
33,0,5R6online,CP4,eeg
33,0,5R6online,CP6,eeg
33,0,5R6online,P4,eeg
33,0,5R6online,F3,eeg
33,0,5R6online,FC1,eeg
33,0,5R6online,FC3,eeg
33,0,5R6online,FC5,eeg
33,0,5R6online,CP1,eeg
33,0,5R6online,CP3,eeg
33,0,5R6online,CP5,eeg
33,0,5R6online,P3,eeg
34,0,0R1acquisition,Fz,eeg
34,0,0R1acquisition,FCz,eeg
34,0,0R1acquisition,Cz,eeg
34,0,0R1acquisition,CPz,eeg
34,0,0R1acquisition,Pz,eeg
34,0,0R1acquisition,C1,eeg
34,0,0R1acquisition,C3,eeg
34,0,0R1acquisition,C5,eeg
34,0,0R1acquisition,C2,eeg
34,0,0R1acquisition,C4,eeg
34,0,0R1acquisition,C6,eeg
34,0,0R1acquisition,EOG1,eog
34,0,0R1acquisition,EOG2,eog
34,0,0R1acquisition,EOG3,eog
34,0,0R1acquisition,EMGg,emg
34,0,0R1acquisition,EMGd,emg
34,0,0R1acquisition,F4,eeg
34,0,0R1acquisition,FC2,eeg
34,0,0R1acquisition,FC4,eeg
34,0,0R1acquisition,FC6,eeg
34,0,0R1acquisition,CP2,eeg
34,0,0R1acquisition,CP4,eeg
34,0,0R1acquisition,CP6,eeg
34,0,0R1acquisition,P4,eeg
34,0,0R1acquisition,F3,eeg
34,0,0R1acquisition,FC1,eeg
34,0,0R1acquisition,FC3,eeg
34,0,0R1acquisition,FC5,eeg
34,0,0R1acquisition,CP1,eeg
34,0,0R1acquisition,CP3,eeg
34,0,0R1acquisition,CP5,eeg
34,0,0R1acquisition,P3,eeg
34,0,1R2acquisition,Fz,eeg
34,0,1R2acquisition,FCz,eeg
34,0,1R2acquisition,Cz,eeg
34,0,1R2acquisition,CPz,eeg
34,0,1R2acquisition,Pz,eeg
34,0,1R2acquisition,C1,eeg
34,0,1R2acquisition,C3,eeg
34,0,1R2acquisition,C5,eeg
34,0,1R2acquisition,C2,eeg
34,0,1R2acquisition,C4,eeg
34,0,1R2acquisition,C6,eeg
34,0,1R2acquisition,EOG1,eog
34,0,1R2acquisition,EOG2,eog
34,0,1R2acquisition,EOG3,eog
34,0,1R2acquisition,EMGg,emg
34,0,1R2acquisition,EMGd,emg
34,0,1R2acquisition,F4,eeg
34,0,1R2acquisition,FC2,eeg
34,0,1R2acquisition,FC4,eeg
34,0,1R2acquisition,FC6,eeg
34,0,1R2acquisition,CP2,eeg
34,0,1R2acquisition,CP4,eeg
34,0,1R2acquisition,CP6,eeg
34,0,1R2acquisition,P4,eeg
34,0,1R2acquisition,F3,eeg
34,0,1R2acquisition,FC1,eeg
34,0,1R2acquisition,FC3,eeg
34,0,1R2acquisition,FC5,eeg
34,0,1R2acquisition,CP1,eeg
34,0,1R2acquisition,CP3,eeg
34,0,1R2acquisition,CP5,eeg
34,0,1R2acquisition,P3,eeg
34,0,2R3online,Fz,eeg
34,0,2R3online,FCz,eeg
34,0,2R3online,Cz,eeg
34,0,2R3online,CPz,eeg
34,0,2R3online,Pz,eeg
34,0,2R3online,C1,eeg
34,0,2R3online,C3,eeg
34,0,2R3online,C5,eeg
34,0,2R3online,C2,eeg
34,0,2R3online,C4,eeg
34,0,2R3online,C6,eeg
34,0,2R3online,EOG1,eog
34,0,2R3online,EOG2,eog
34,0,2R3online,EOG3,eog
34,0,2R3online,EMGg,emg
34,0,2R3online,EMGd,emg
34,0,2R3online,F4,eeg
34,0,2R3online,FC2,eeg
34,0,2R3online,FC4,eeg
34,0,2R3online,FC6,eeg
34,0,2R3online,CP2,eeg
34,0,2R3online,CP4,eeg
34,0,2R3online,CP6,eeg
34,0,2R3online,P4,eeg
34,0,2R3online,F3,eeg
34,0,2R3online,FC1,eeg
34,0,2R3online,FC3,eeg
34,0,2R3online,FC5,eeg
34,0,2R3online,CP1,eeg
34,0,2R3online,CP3,eeg
34,0,2R3online,CP5,eeg
34,0,2R3online,P3,eeg
34,0,3R4online,Fz,eeg
34,0,3R4online,FCz,eeg
34,0,3R4online,Cz,eeg
34,0,3R4online,CPz,eeg
34,0,3R4online,Pz,eeg
34,0,3R4online,C1,eeg
34,0,3R4online,C3,eeg
34,0,3R4online,C5,eeg
34,0,3R4online,C2,eeg
34,0,3R4online,C4,eeg
34,0,3R4online,C6,eeg
34,0,3R4online,EOG1,eog
34,0,3R4online,EOG2,eog
34,0,3R4online,EOG3,eog
34,0,3R4online,EMGg,emg
34,0,3R4online,EMGd,emg
34,0,3R4online,F4,eeg
34,0,3R4online,FC2,eeg
34,0,3R4online,FC4,eeg
34,0,3R4online,FC6,eeg
34,0,3R4online,CP2,eeg
34,0,3R4online,CP4,eeg
34,0,3R4online,CP6,eeg
34,0,3R4online,P4,eeg
34,0,3R4online,F3,eeg
34,0,3R4online,FC1,eeg
34,0,3R4online,FC3,eeg
34,0,3R4online,FC5,eeg
34,0,3R4online,CP1,eeg
34,0,3R4online,CP3,eeg
34,0,3R4online,CP5,eeg
34,0,3R4online,P3,eeg
34,0,4R5online,Fz,eeg
34,0,4R5online,FCz,eeg
34,0,4R5online,Cz,eeg
34,0,4R5online,CPz,eeg
34,0,4R5online,Pz,eeg
34,0,4R5online,C1,eeg
34,0,4R5online,C3,eeg
34,0,4R5online,C5,eeg
34,0,4R5online,C2,eeg
34,0,4R5online,C4,eeg
34,0,4R5online,C6,eeg
34,0,4R5online,EOG1,eog
34,0,4R5online,EOG2,eog
34,0,4R5online,EOG3,eog
34,0,4R5online,EMGg,emg
34,0,4R5online,EMGd,emg
34,0,4R5online,F4,eeg
34,0,4R5online,FC2,eeg
34,0,4R5online,FC4,eeg
34,0,4R5online,FC6,eeg
34,0,4R5online,CP2,eeg
34,0,4R5online,CP4,eeg
34,0,4R5online,CP6,eeg
34,0,4R5online,P4,eeg
34,0,4R5online,F3,eeg
34,0,4R5online,FC1,eeg
34,0,4R5online,FC3,eeg
34,0,4R5online,FC5,eeg
34,0,4R5online,CP1,eeg
34,0,4R5online,CP3,eeg
34,0,4R5online,CP5,eeg
34,0,4R5online,P3,eeg
34,0,5R6online,Fz,eeg
34,0,5R6online,FCz,eeg
34,0,5R6online,Cz,eeg
34,0,5R6online,CPz,eeg
34,0,5R6online,Pz,eeg
34,0,5R6online,C1,eeg
34,0,5R6online,C3,eeg
34,0,5R6online,C5,eeg
34,0,5R6online,C2,eeg
34,0,5R6online,C4,eeg
34,0,5R6online,C6,eeg
34,0,5R6online,EOG1,eog
34,0,5R6online,EOG2,eog
34,0,5R6online,EOG3,eog
34,0,5R6online,EMGg,emg
34,0,5R6online,EMGd,emg
34,0,5R6online,F4,eeg
34,0,5R6online,FC2,eeg
34,0,5R6online,FC4,eeg
34,0,5R6online,FC6,eeg
34,0,5R6online,CP2,eeg
34,0,5R6online,CP4,eeg
34,0,5R6online,CP6,eeg
34,0,5R6online,P4,eeg
34,0,5R6online,F3,eeg
34,0,5R6online,FC1,eeg
34,0,5R6online,FC3,eeg
34,0,5R6online,FC5,eeg
34,0,5R6online,CP1,eeg
34,0,5R6online,CP3,eeg
34,0,5R6online,CP5,eeg
34,0,5R6online,P3,eeg
35,0,0R1acquisition,Fz,eeg
35,0,0R1acquisition,FCz,eeg
35,0,0R1acquisition,Cz,eeg
35,0,0R1acquisition,CPz,eeg
35,0,0R1acquisition,Pz,eeg
35,0,0R1acquisition,C1,eeg
35,0,0R1acquisition,C3,eeg
35,0,0R1acquisition,C5,eeg
35,0,0R1acquisition,C2,eeg
35,0,0R1acquisition,C4,eeg
35,0,0R1acquisition,C6,eeg
35,0,0R1acquisition,EOG1,eog
35,0,0R1acquisition,EOG2,eog
35,0,0R1acquisition,EOG3,eog
35,0,0R1acquisition,EMGg,emg
35,0,0R1acquisition,EMGd,emg
35,0,0R1acquisition,F4,eeg
35,0,0R1acquisition,FC2,eeg
35,0,0R1acquisition,FC4,eeg
35,0,0R1acquisition,FC6,eeg
35,0,0R1acquisition,CP2,eeg
35,0,0R1acquisition,CP4,eeg
35,0,0R1acquisition,CP6,eeg
35,0,0R1acquisition,P4,eeg
35,0,0R1acquisition,F3,eeg
35,0,0R1acquisition,FC1,eeg
35,0,0R1acquisition,FC3,eeg
35,0,0R1acquisition,FC5,eeg
35,0,0R1acquisition,CP1,eeg
35,0,0R1acquisition,CP3,eeg
35,0,0R1acquisition,CP5,eeg
35,0,0R1acquisition,P3,eeg
35,0,1R2acquisition,Fz,eeg
35,0,1R2acquisition,FCz,eeg
35,0,1R2acquisition,Cz,eeg
35,0,1R2acquisition,CPz,eeg
35,0,1R2acquisition,Pz,eeg
35,0,1R2acquisition,C1,eeg
35,0,1R2acquisition,C3,eeg
35,0,1R2acquisition,C5,eeg
35,0,1R2acquisition,C2,eeg
35,0,1R2acquisition,C4,eeg
35,0,1R2acquisition,C6,eeg
35,0,1R2acquisition,EOG1,eog
35,0,1R2acquisition,EOG2,eog
35,0,1R2acquisition,EOG3,eog
35,0,1R2acquisition,EMGg,emg
35,0,1R2acquisition,EMGd,emg
35,0,1R2acquisition,F4,eeg
35,0,1R2acquisition,FC2,eeg
35,0,1R2acquisition,FC4,eeg
35,0,1R2acquisition,FC6,eeg
35,0,1R2acquisition,CP2,eeg
35,0,1R2acquisition,CP4,eeg
35,0,1R2acquisition,CP6,eeg
35,0,1R2acquisition,P4,eeg
35,0,1R2acquisition,F3,eeg
35,0,1R2acquisition,FC1,eeg
35,0,1R2acquisition,FC3,eeg
35,0,1R2acquisition,FC5,eeg
35,0,1R2acquisition,CP1,eeg
35,0,1R2acquisition,CP3,eeg
35,0,1R2acquisition,CP5,eeg
35,0,1R2acquisition,P3,eeg
35,0,2R3online,Fz,eeg
35,0,2R3online,FCz,eeg
35,0,2R3online,Cz,eeg
35,0,2R3online,CPz,eeg
35,0,2R3online,Pz,eeg
35,0,2R3online,C1,eeg
35,0,2R3online,C3,eeg
35,0,2R3online,C5,eeg
35,0,2R3online,C2,eeg
35,0,2R3online,C4,eeg
35,0,2R3online,C6,eeg
35,0,2R3online,EOG1,eog
35,0,2R3online,EOG2,eog
35,0,2R3online,EOG3,eog
35,0,2R3online,EMGg,emg
35,0,2R3online,EMGd,emg
35,0,2R3online,F4,eeg
35,0,2R3online,FC2,eeg
35,0,2R3online,FC4,eeg
35,0,2R3online,FC6,eeg
35,0,2R3online,CP2,eeg
35,0,2R3online,CP4,eeg
35,0,2R3online,CP6,eeg
35,0,2R3online,P4,eeg
35,0,2R3online,F3,eeg
35,0,2R3online,FC1,eeg
35,0,2R3online,FC3,eeg
35,0,2R3online,FC5,eeg
35,0,2R3online,CP1,eeg
35,0,2R3online,CP3,eeg
35,0,2R3online,CP5,eeg
35,0,2R3online,P3,eeg
35,0,3R4online,Fz,eeg
35,0,3R4online,FCz,eeg
35,0,3R4online,Cz,eeg
35,0,3R4online,CPz,eeg
35,0,3R4online,Pz,eeg
35,0,3R4online,C1,eeg
35,0,3R4online,C3,eeg
35,0,3R4online,C5,eeg
35,0,3R4online,C2,eeg
35,0,3R4online,C4,eeg
35,0,3R4online,C6,eeg
35,0,3R4online,EOG1,eog
35,0,3R4online,EOG2,eog
35,0,3R4online,EOG3,eog
35,0,3R4online,EMGg,emg
35,0,3R4online,EMGd,emg
35,0,3R4online,F4,eeg
35,0,3R4online,FC2,eeg
35,0,3R4online,FC4,eeg
35,0,3R4online,FC6,eeg
35,0,3R4online,CP2,eeg
35,0,3R4online,CP4,eeg
35,0,3R4online,CP6,eeg
35,0,3R4online,P4,eeg
35,0,3R4online,F3,eeg
35,0,3R4online,FC1,eeg
35,0,3R4online,FC3,eeg
35,0,3R4online,FC5,eeg
35,0,3R4online,CP1,eeg
35,0,3R4online,CP3,eeg
35,0,3R4online,CP5,eeg
35,0,3R4online,P3,eeg
35,0,4R5online,Fz,eeg
35,0,4R5online,FCz,eeg
35,0,4R5online,Cz,eeg
35,0,4R5online,CPz,eeg
35,0,4R5online,Pz,eeg
35,0,4R5online,C1,eeg
35,0,4R5online,C3,eeg
35,0,4R5online,C5,eeg
35,0,4R5online,C2,eeg
35,0,4R5online,C4,eeg
35,0,4R5online,C6,eeg
35,0,4R5online,EOG1,eog
35,0,4R5online,EOG2,eog
35,0,4R5online,EOG3,eog
35,0,4R5online,EMGg,emg
35,0,4R5online,EMGd,emg
35,0,4R5online,F4,eeg
35,0,4R5online,FC2,eeg
35,0,4R5online,FC4,eeg
35,0,4R5online,FC6,eeg
35,0,4R5online,CP2,eeg
35,0,4R5online,CP4,eeg
35,0,4R5online,CP6,eeg
35,0,4R5online,P4,eeg
35,0,4R5online,F3,eeg
35,0,4R5online,FC1,eeg
35,0,4R5online,FC3,eeg
35,0,4R5online,FC5,eeg
35,0,4R5online,CP1,eeg
35,0,4R5online,CP3,eeg
35,0,4R5online,CP5,eeg
35,0,4R5online,P3,eeg
35,0,5R6online,Fz,eeg
35,0,5R6online,FCz,eeg
35,0,5R6online,Cz,eeg
35,0,5R6online,CPz,eeg
35,0,5R6online,Pz,eeg
35,0,5R6online,C1,eeg
35,0,5R6online,C3,eeg
35,0,5R6online,C5,eeg
35,0,5R6online,C2,eeg
35,0,5R6online,C4,eeg
35,0,5R6online,C6,eeg
35,0,5R6online,EOG1,eog
35,0,5R6online,EOG2,eog
35,0,5R6online,EOG3,eog
35,0,5R6online,EMGg,emg
35,0,5R6online,EMGd,emg
35,0,5R6online,F4,eeg
35,0,5R6online,FC2,eeg
35,0,5R6online,FC4,eeg
35,0,5R6online,FC6,eeg
35,0,5R6online,CP2,eeg
35,0,5R6online,CP4,eeg
35,0,5R6online,CP6,eeg
35,0,5R6online,P4,eeg
35,0,5R6online,F3,eeg
35,0,5R6online,FC1,eeg
35,0,5R6online,FC3,eeg
35,0,5R6online,FC5,eeg
35,0,5R6online,CP1,eeg
35,0,5R6online,CP3,eeg
35,0,5R6online,CP5,eeg
35,0,5R6online,P3,eeg
36,0,0R1acquisition,Fz,eeg
36,0,0R1acquisition,FCz,eeg
36,0,0R1acquisition,Cz,eeg
36,0,0R1acquisition,CPz,eeg
36,0,0R1acquisition,Pz,eeg
36,0,0R1acquisition,C1,eeg
36,0,0R1acquisition,C3,eeg
36,0,0R1acquisition,C5,eeg
36,0,0R1acquisition,C2,eeg
36,0,0R1acquisition,C4,eeg
36,0,0R1acquisition,C6,eeg
36,0,0R1acquisition,EOG1,eog
36,0,0R1acquisition,EOG2,eog
36,0,0R1acquisition,EOG3,eog
36,0,0R1acquisition,EMGg,emg
36,0,0R1acquisition,EMGd,emg
36,0,0R1acquisition,F4,eeg
36,0,0R1acquisition,FC2,eeg
36,0,0R1acquisition,FC4,eeg
36,0,0R1acquisition,FC6,eeg
36,0,0R1acquisition,CP2,eeg
36,0,0R1acquisition,CP4,eeg
36,0,0R1acquisition,CP6,eeg
36,0,0R1acquisition,P4,eeg
36,0,0R1acquisition,F3,eeg
36,0,0R1acquisition,FC1,eeg
36,0,0R1acquisition,FC3,eeg
36,0,0R1acquisition,FC5,eeg
36,0,0R1acquisition,CP1,eeg
36,0,0R1acquisition,CP3,eeg
36,0,0R1acquisition,CP5,eeg
36,0,0R1acquisition,P3,eeg
36,0,1R2acquisition,Fz,eeg
36,0,1R2acquisition,FCz,eeg
36,0,1R2acquisition,Cz,eeg
36,0,1R2acquisition,CPz,eeg
36,0,1R2acquisition,Pz,eeg
36,0,1R2acquisition,C1,eeg
36,0,1R2acquisition,C3,eeg
36,0,1R2acquisition,C5,eeg
36,0,1R2acquisition,C2,eeg
36,0,1R2acquisition,C4,eeg
36,0,1R2acquisition,C6,eeg
36,0,1R2acquisition,EOG1,eog
36,0,1R2acquisition,EOG2,eog
36,0,1R2acquisition,EOG3,eog
36,0,1R2acquisition,EMGg,emg
36,0,1R2acquisition,EMGd,emg
36,0,1R2acquisition,F4,eeg
36,0,1R2acquisition,FC2,eeg
36,0,1R2acquisition,FC4,eeg
36,0,1R2acquisition,FC6,eeg
36,0,1R2acquisition,CP2,eeg
36,0,1R2acquisition,CP4,eeg
36,0,1R2acquisition,CP6,eeg
36,0,1R2acquisition,P4,eeg
36,0,1R2acquisition,F3,eeg
36,0,1R2acquisition,FC1,eeg
36,0,1R2acquisition,FC3,eeg
36,0,1R2acquisition,FC5,eeg
36,0,1R2acquisition,CP1,eeg
36,0,1R2acquisition,CP3,eeg
36,0,1R2acquisition,CP5,eeg
36,0,1R2acquisition,P3,eeg
36,0,2R3online,Fz,eeg
36,0,2R3online,FCz,eeg
36,0,2R3online,Cz,eeg
36,0,2R3online,CPz,eeg
36,0,2R3online,Pz,eeg
36,0,2R3online,C1,eeg
36,0,2R3online,C3,eeg
36,0,2R3online,C5,eeg
36,0,2R3online,C2,eeg
36,0,2R3online,C4,eeg
36,0,2R3online,C6,eeg
36,0,2R3online,EOG1,eog
36,0,2R3online,EOG2,eog
36,0,2R3online,EOG3,eog
36,0,2R3online,EMGg,emg
36,0,2R3online,EMGd,emg
36,0,2R3online,F4,eeg
36,0,2R3online,FC2,eeg
36,0,2R3online,FC4,eeg
36,0,2R3online,FC6,eeg
36,0,2R3online,CP2,eeg
36,0,2R3online,CP4,eeg
36,0,2R3online,CP6,eeg
36,0,2R3online,P4,eeg
36,0,2R3online,F3,eeg
36,0,2R3online,FC1,eeg
36,0,2R3online,FC3,eeg
36,0,2R3online,FC5,eeg
36,0,2R3online,CP1,eeg
36,0,2R3online,CP3,eeg
36,0,2R3online,CP5,eeg
36,0,2R3online,P3,eeg
36,0,3R4online,Fz,eeg
36,0,3R4online,FCz,eeg
36,0,3R4online,Cz,eeg
36,0,3R4online,CPz,eeg
36,0,3R4online,Pz,eeg
36,0,3R4online,C1,eeg
36,0,3R4online,C3,eeg
36,0,3R4online,C5,eeg
36,0,3R4online,C2,eeg
36,0,3R4online,C4,eeg
36,0,3R4online,C6,eeg
36,0,3R4online,EOG1,eog
36,0,3R4online,EOG2,eog
36,0,3R4online,EOG3,eog
36,0,3R4online,EMGg,emg
36,0,3R4online,EMGd,emg
36,0,3R4online,F4,eeg
36,0,3R4online,FC2,eeg
36,0,3R4online,FC4,eeg
36,0,3R4online,FC6,eeg
36,0,3R4online,CP2,eeg
36,0,3R4online,CP4,eeg
36,0,3R4online,CP6,eeg
36,0,3R4online,P4,eeg
36,0,3R4online,F3,eeg
36,0,3R4online,FC1,eeg
36,0,3R4online,FC3,eeg
36,0,3R4online,FC5,eeg
36,0,3R4online,CP1,eeg
36,0,3R4online,CP3,eeg
36,0,3R4online,CP5,eeg
36,0,3R4online,P3,eeg
36,0,4R5online,Fz,eeg
36,0,4R5online,FCz,eeg
36,0,4R5online,Cz,eeg
36,0,4R5online,CPz,eeg
36,0,4R5online,Pz,eeg
36,0,4R5online,C1,eeg
36,0,4R5online,C3,eeg
36,0,4R5online,C5,eeg
36,0,4R5online,C2,eeg
36,0,4R5online,C4,eeg
36,0,4R5online,C6,eeg
36,0,4R5online,EOG1,eog
36,0,4R5online,EOG2,eog
36,0,4R5online,EOG3,eog
36,0,4R5online,EMGg,emg
36,0,4R5online,EMGd,emg
36,0,4R5online,F4,eeg
36,0,4R5online,FC2,eeg
36,0,4R5online,FC4,eeg
36,0,4R5online,FC6,eeg
36,0,4R5online,CP2,eeg
36,0,4R5online,CP4,eeg
36,0,4R5online,CP6,eeg
36,0,4R5online,P4,eeg
36,0,4R5online,F3,eeg
36,0,4R5online,FC1,eeg
36,0,4R5online,FC3,eeg
36,0,4R5online,FC5,eeg
36,0,4R5online,CP1,eeg
36,0,4R5online,CP3,eeg
36,0,4R5online,CP5,eeg
36,0,4R5online,P3,eeg
36,0,5R6online,Fz,eeg
36,0,5R6online,FCz,eeg
36,0,5R6online,Cz,eeg
36,0,5R6online,CPz,eeg
36,0,5R6online,Pz,eeg
36,0,5R6online,C1,eeg
36,0,5R6online,C3,eeg
36,0,5R6online,C5,eeg
36,0,5R6online,C2,eeg
36,0,5R6online,C4,eeg
36,0,5R6online,C6,eeg
36,0,5R6online,EOG1,eog
36,0,5R6online,EOG2,eog
36,0,5R6online,EOG3,eog
36,0,5R6online,EMGg,emg
36,0,5R6online,EMGd,emg
36,0,5R6online,F4,eeg
36,0,5R6online,FC2,eeg
36,0,5R6online,FC4,eeg
36,0,5R6online,FC6,eeg
36,0,5R6online,CP2,eeg
36,0,5R6online,CP4,eeg
36,0,5R6online,CP6,eeg
36,0,5R6online,P4,eeg
36,0,5R6online,F3,eeg
36,0,5R6online,FC1,eeg
36,0,5R6online,FC3,eeg
36,0,5R6online,FC5,eeg
36,0,5R6online,CP1,eeg
36,0,5R6online,CP3,eeg
36,0,5R6online,CP5,eeg
36,0,5R6online,P3,eeg
37,0,0R1acquisition,Fz,eeg
37,0,0R1acquisition,FCz,eeg
37,0,0R1acquisition,Cz,eeg
37,0,0R1acquisition,CPz,eeg
37,0,0R1acquisition,Pz,eeg
37,0,0R1acquisition,C1,eeg
37,0,0R1acquisition,C3,eeg
37,0,0R1acquisition,C5,eeg
37,0,0R1acquisition,C2,eeg
37,0,0R1acquisition,C4,eeg
37,0,0R1acquisition,C6,eeg
37,0,0R1acquisition,EOG1,eog
37,0,0R1acquisition,EOG2,eog
37,0,0R1acquisition,EOG3,eog
37,0,0R1acquisition,EMGg,emg
37,0,0R1acquisition,EMGd,emg
37,0,0R1acquisition,F4,eeg
37,0,0R1acquisition,FC2,eeg
37,0,0R1acquisition,FC4,eeg
37,0,0R1acquisition,FC6,eeg
37,0,0R1acquisition,CP2,eeg
37,0,0R1acquisition,CP4,eeg
37,0,0R1acquisition,CP6,eeg
37,0,0R1acquisition,P4,eeg
37,0,0R1acquisition,F3,eeg
37,0,0R1acquisition,FC1,eeg
37,0,0R1acquisition,FC3,eeg
37,0,0R1acquisition,FC5,eeg
37,0,0R1acquisition,CP1,eeg
37,0,0R1acquisition,CP3,eeg
37,0,0R1acquisition,CP5,eeg
37,0,0R1acquisition,P3,eeg
37,0,1R2acquisition,Fz,eeg
37,0,1R2acquisition,FCz,eeg
37,0,1R2acquisition,Cz,eeg
37,0,1R2acquisition,CPz,eeg
37,0,1R2acquisition,Pz,eeg
37,0,1R2acquisition,C1,eeg
37,0,1R2acquisition,C3,eeg
37,0,1R2acquisition,C5,eeg
37,0,1R2acquisition,C2,eeg
37,0,1R2acquisition,C4,eeg
37,0,1R2acquisition,C6,eeg
37,0,1R2acquisition,EOG1,eog
37,0,1R2acquisition,EOG2,eog
37,0,1R2acquisition,EOG3,eog
37,0,1R2acquisition,EMGg,emg
37,0,1R2acquisition,EMGd,emg
37,0,1R2acquisition,F4,eeg
37,0,1R2acquisition,FC2,eeg
37,0,1R2acquisition,FC4,eeg
37,0,1R2acquisition,FC6,eeg
37,0,1R2acquisition,CP2,eeg
37,0,1R2acquisition,CP4,eeg
37,0,1R2acquisition,CP6,eeg
37,0,1R2acquisition,P4,eeg
37,0,1R2acquisition,F3,eeg
37,0,1R2acquisition,FC1,eeg
37,0,1R2acquisition,FC3,eeg
37,0,1R2acquisition,FC5,eeg
37,0,1R2acquisition,CP1,eeg
37,0,1R2acquisition,CP3,eeg
37,0,1R2acquisition,CP5,eeg
37,0,1R2acquisition,P3,eeg
37,0,2R3online,Fz,eeg
37,0,2R3online,FCz,eeg
37,0,2R3online,Cz,eeg
37,0,2R3online,CPz,eeg
37,0,2R3online,Pz,eeg
37,0,2R3online,C1,eeg
37,0,2R3online,C3,eeg
37,0,2R3online,C5,eeg
37,0,2R3online,C2,eeg
37,0,2R3online,C4,eeg
37,0,2R3online,C6,eeg
37,0,2R3online,EOG1,eog
37,0,2R3online,EOG2,eog
37,0,2R3online,EOG3,eog
37,0,2R3online,EMGg,emg
37,0,2R3online,EMGd,emg
37,0,2R3online,F4,eeg
37,0,2R3online,FC2,eeg
37,0,2R3online,FC4,eeg
37,0,2R3online,FC6,eeg
37,0,2R3online,CP2,eeg
37,0,2R3online,CP4,eeg
37,0,2R3online,CP6,eeg
37,0,2R3online,P4,eeg
37,0,2R3online,F3,eeg
37,0,2R3online,FC1,eeg
37,0,2R3online,FC3,eeg
37,0,2R3online,FC5,eeg
37,0,2R3online,CP1,eeg
37,0,2R3online,CP3,eeg
37,0,2R3online,CP5,eeg
37,0,2R3online,P3,eeg
37,0,3R4online,Fz,eeg
37,0,3R4online,FCz,eeg
37,0,3R4online,Cz,eeg
37,0,3R4online,CPz,eeg
37,0,3R4online,Pz,eeg
37,0,3R4online,C1,eeg
37,0,3R4online,C3,eeg
37,0,3R4online,C5,eeg
37,0,3R4online,C2,eeg
37,0,3R4online,C4,eeg
37,0,3R4online,C6,eeg
37,0,3R4online,EOG1,eog
37,0,3R4online,EOG2,eog
37,0,3R4online,EOG3,eog
37,0,3R4online,EMGg,emg
37,0,3R4online,EMGd,emg
37,0,3R4online,F4,eeg
37,0,3R4online,FC2,eeg
37,0,3R4online,FC4,eeg
37,0,3R4online,FC6,eeg
37,0,3R4online,CP2,eeg
37,0,3R4online,CP4,eeg
37,0,3R4online,CP6,eeg
37,0,3R4online,P4,eeg
37,0,3R4online,F3,eeg
37,0,3R4online,FC1,eeg
37,0,3R4online,FC3,eeg
37,0,3R4online,FC5,eeg
37,0,3R4online,CP1,eeg
37,0,3R4online,CP3,eeg
37,0,3R4online,CP5,eeg
37,0,3R4online,P3,eeg
37,0,4R5online,Fz,eeg
37,0,4R5online,FCz,eeg
37,0,4R5online,Cz,eeg
37,0,4R5online,CPz,eeg
37,0,4R5online,Pz,eeg
37,0,4R5online,C1,eeg
37,0,4R5online,C3,eeg
37,0,4R5online,C5,eeg
37,0,4R5online,C2,eeg
37,0,4R5online,C4,eeg
37,0,4R5online,C6,eeg
37,0,4R5online,EOG1,eog
37,0,4R5online,EOG2,eog
37,0,4R5online,EOG3,eog
37,0,4R5online,EMGg,emg
37,0,4R5online,EMGd,emg
37,0,4R5online,F4,eeg
37,0,4R5online,FC2,eeg
37,0,4R5online,FC4,eeg
37,0,4R5online,FC6,eeg
37,0,4R5online,CP2,eeg
37,0,4R5online,CP4,eeg
37,0,4R5online,CP6,eeg
37,0,4R5online,P4,eeg
37,0,4R5online,F3,eeg
37,0,4R5online,FC1,eeg
37,0,4R5online,FC3,eeg
37,0,4R5online,FC5,eeg
37,0,4R5online,CP1,eeg
37,0,4R5online,CP3,eeg
37,0,4R5online,CP5,eeg
37,0,4R5online,P3,eeg
37,0,5R6online,Fz,eeg
37,0,5R6online,FCz,eeg
37,0,5R6online,Cz,eeg
37,0,5R6online,CPz,eeg
37,0,5R6online,Pz,eeg
37,0,5R6online,C1,eeg
37,0,5R6online,C3,eeg
37,0,5R6online,C5,eeg
37,0,5R6online,C2,eeg
37,0,5R6online,C4,eeg
37,0,5R6online,C6,eeg
37,0,5R6online,EOG1,eog
37,0,5R6online,EOG2,eog
37,0,5R6online,EOG3,eog
37,0,5R6online,EMGg,emg
37,0,5R6online,EMGd,emg
37,0,5R6online,F4,eeg
37,0,5R6online,FC2,eeg
37,0,5R6online,FC4,eeg
37,0,5R6online,FC6,eeg
37,0,5R6online,CP2,eeg
37,0,5R6online,CP4,eeg
37,0,5R6online,CP6,eeg
37,0,5R6online,P4,eeg
37,0,5R6online,F3,eeg
37,0,5R6online,FC1,eeg
37,0,5R6online,FC3,eeg
37,0,5R6online,FC5,eeg
37,0,5R6online,CP1,eeg
37,0,5R6online,CP3,eeg
37,0,5R6online,CP5,eeg
37,0,5R6online,P3,eeg
38,0,0R1acquisition,Fz,eeg
38,0,0R1acquisition,FCz,eeg
38,0,0R1acquisition,Cz,eeg
38,0,0R1acquisition,CPz,eeg
38,0,0R1acquisition,Pz,eeg
38,0,0R1acquisition,C1,eeg
38,0,0R1acquisition,C3,eeg
38,0,0R1acquisition,C5,eeg
38,0,0R1acquisition,C2,eeg
38,0,0R1acquisition,C4,eeg
38,0,0R1acquisition,C6,eeg
38,0,0R1acquisition,EOG1,eog
38,0,0R1acquisition,EOG2,eog
38,0,0R1acquisition,EOG3,eog
38,0,0R1acquisition,EMGg,emg
38,0,0R1acquisition,EMGd,emg
38,0,0R1acquisition,F4,eeg
38,0,0R1acquisition,FC2,eeg
38,0,0R1acquisition,FC4,eeg
38,0,0R1acquisition,FC6,eeg
38,0,0R1acquisition,CP2,eeg
38,0,0R1acquisition,CP4,eeg
38,0,0R1acquisition,CP6,eeg
38,0,0R1acquisition,P4,eeg
38,0,0R1acquisition,F3,eeg
38,0,0R1acquisition,FC1,eeg
38,0,0R1acquisition,FC3,eeg
38,0,0R1acquisition,FC5,eeg
38,0,0R1acquisition,CP1,eeg
38,0,0R1acquisition,CP3,eeg
38,0,0R1acquisition,CP5,eeg
38,0,0R1acquisition,P3,eeg
38,0,1R2acquisition,Fz,eeg
38,0,1R2acquisition,FCz,eeg
38,0,1R2acquisition,Cz,eeg
38,0,1R2acquisition,CPz,eeg
38,0,1R2acquisition,Pz,eeg
38,0,1R2acquisition,C1,eeg
38,0,1R2acquisition,C3,eeg
38,0,1R2acquisition,C5,eeg
38,0,1R2acquisition,C2,eeg
38,0,1R2acquisition,C4,eeg
38,0,1R2acquisition,C6,eeg
38,0,1R2acquisition,EOG1,eog
38,0,1R2acquisition,EOG2,eog
38,0,1R2acquisition,EOG3,eog
38,0,1R2acquisition,EMGg,emg
38,0,1R2acquisition,EMGd,emg
38,0,1R2acquisition,F4,eeg
38,0,1R2acquisition,FC2,eeg
38,0,1R2acquisition,FC4,eeg
38,0,1R2acquisition,FC6,eeg
38,0,1R2acquisition,CP2,eeg
38,0,1R2acquisition,CP4,eeg
38,0,1R2acquisition,CP6,eeg
38,0,1R2acquisition,P4,eeg
38,0,1R2acquisition,F3,eeg
38,0,1R2acquisition,FC1,eeg
38,0,1R2acquisition,FC3,eeg
38,0,1R2acquisition,FC5,eeg
38,0,1R2acquisition,CP1,eeg
38,0,1R2acquisition,CP3,eeg
38,0,1R2acquisition,CP5,eeg
38,0,1R2acquisition,P3,eeg
38,0,2R3online,Fz,eeg
38,0,2R3online,FCz,eeg
38,0,2R3online,Cz,eeg
38,0,2R3online,CPz,eeg
38,0,2R3online,Pz,eeg
38,0,2R3online,C1,eeg
38,0,2R3online,C3,eeg
38,0,2R3online,C5,eeg
38,0,2R3online,C2,eeg
38,0,2R3online,C4,eeg
38,0,2R3online,C6,eeg
38,0,2R3online,EOG1,eog
38,0,2R3online,EOG2,eog
38,0,2R3online,EOG3,eog
38,0,2R3online,EMGg,emg
38,0,2R3online,EMGd,emg
38,0,2R3online,F4,eeg
38,0,2R3online,FC2,eeg
38,0,2R3online,FC4,eeg
38,0,2R3online,FC6,eeg
38,0,2R3online,CP2,eeg
38,0,2R3online,CP4,eeg
38,0,2R3online,CP6,eeg
38,0,2R3online,P4,eeg
38,0,2R3online,F3,eeg
38,0,2R3online,FC1,eeg
38,0,2R3online,FC3,eeg
38,0,2R3online,FC5,eeg
38,0,2R3online,CP1,eeg
38,0,2R3online,CP3,eeg
38,0,2R3online,CP5,eeg
38,0,2R3online,P3,eeg
38,0,3R4online,Fz,eeg
38,0,3R4online,FCz,eeg
38,0,3R4online,Cz,eeg
38,0,3R4online,CPz,eeg
38,0,3R4online,Pz,eeg
38,0,3R4online,C1,eeg
38,0,3R4online,C3,eeg
38,0,3R4online,C5,eeg
38,0,3R4online,C2,eeg
38,0,3R4online,C4,eeg
38,0,3R4online,C6,eeg
38,0,3R4online,EOG1,eog
38,0,3R4online,EOG2,eog
38,0,3R4online,EOG3,eog
38,0,3R4online,EMGg,emg
38,0,3R4online,EMGd,emg
38,0,3R4online,F4,eeg
38,0,3R4online,FC2,eeg
38,0,3R4online,FC4,eeg
38,0,3R4online,FC6,eeg
38,0,3R4online,CP2,eeg
38,0,3R4online,CP4,eeg
38,0,3R4online,CP6,eeg
38,0,3R4online,P4,eeg
38,0,3R4online,F3,eeg
38,0,3R4online,FC1,eeg
38,0,3R4online,FC3,eeg
38,0,3R4online,FC5,eeg
38,0,3R4online,CP1,eeg
38,0,3R4online,CP3,eeg
38,0,3R4online,CP5,eeg
38,0,3R4online,P3,eeg
38,0,4R5online,Fz,eeg
38,0,4R5online,FCz,eeg
38,0,4R5online,Cz,eeg
38,0,4R5online,CPz,eeg
38,0,4R5online,Pz,eeg
38,0,4R5online,C1,eeg
38,0,4R5online,C3,eeg
38,0,4R5online,C5,eeg
38,0,4R5online,C2,eeg
38,0,4R5online,C4,eeg
38,0,4R5online,C6,eeg
38,0,4R5online,EOG1,eog
38,0,4R5online,EOG2,eog
38,0,4R5online,EOG3,eog
38,0,4R5online,EMGg,emg
38,0,4R5online,EMGd,emg
38,0,4R5online,F4,eeg
38,0,4R5online,FC2,eeg
38,0,4R5online,FC4,eeg
38,0,4R5online,FC6,eeg
38,0,4R5online,CP2,eeg
38,0,4R5online,CP4,eeg
38,0,4R5online,CP6,eeg
38,0,4R5online,P4,eeg
38,0,4R5online,F3,eeg
38,0,4R5online,FC1,eeg
38,0,4R5online,FC3,eeg
38,0,4R5online,FC5,eeg
38,0,4R5online,CP1,eeg
38,0,4R5online,CP3,eeg
38,0,4R5online,CP5,eeg
38,0,4R5online,P3,eeg
38,0,5R6online,Fz,eeg
38,0,5R6online,FCz,eeg
38,0,5R6online,Cz,eeg
38,0,5R6online,CPz,eeg
38,0,5R6online,Pz,eeg
38,0,5R6online,C1,eeg
38,0,5R6online,C3,eeg
38,0,5R6online,C5,eeg
38,0,5R6online,C2,eeg
38,0,5R6online,C4,eeg
38,0,5R6online,C6,eeg
38,0,5R6online,EOG1,eog
38,0,5R6online,EOG2,eog
38,0,5R6online,EOG3,eog
38,0,5R6online,EMGg,emg
38,0,5R6online,EMGd,emg
38,0,5R6online,F4,eeg
38,0,5R6online,FC2,eeg
38,0,5R6online,FC4,eeg
38,0,5R6online,FC6,eeg
38,0,5R6online,CP2,eeg
38,0,5R6online,CP4,eeg
38,0,5R6online,CP6,eeg
38,0,5R6online,P4,eeg
38,0,5R6online,F3,eeg
38,0,5R6online,FC1,eeg
38,0,5R6online,FC3,eeg
38,0,5R6online,FC5,eeg
38,0,5R6online,CP1,eeg
38,0,5R6online,CP3,eeg
38,0,5R6online,CP5,eeg
38,0,5R6online,P3,eeg
39,0,0R1acquisition,Fz,eeg
39,0,0R1acquisition,FCz,eeg
39,0,0R1acquisition,Cz,eeg
39,0,0R1acquisition,CPz,eeg
39,0,0R1acquisition,Pz,eeg
39,0,0R1acquisition,C1,eeg
39,0,0R1acquisition,C3,eeg
39,0,0R1acquisition,C5,eeg
39,0,0R1acquisition,C2,eeg
39,0,0R1acquisition,C4,eeg
39,0,0R1acquisition,C6,eeg
39,0,0R1acquisition,EOG1,eog
39,0,0R1acquisition,EOG2,eog
39,0,0R1acquisition,EOG3,eog
39,0,0R1acquisition,EMGg,emg
39,0,0R1acquisition,EMGd,emg
39,0,0R1acquisition,F4,eeg
39,0,0R1acquisition,FC2,eeg
39,0,0R1acquisition,FC4,eeg
39,0,0R1acquisition,FC6,eeg
39,0,0R1acquisition,CP2,eeg
39,0,0R1acquisition,CP4,eeg
39,0,0R1acquisition,CP6,eeg
39,0,0R1acquisition,P4,eeg
39,0,0R1acquisition,F3,eeg
39,0,0R1acquisition,FC1,eeg
39,0,0R1acquisition,FC3,eeg
39,0,0R1acquisition,FC5,eeg
39,0,0R1acquisition,CP1,eeg
39,0,0R1acquisition,CP3,eeg
39,0,0R1acquisition,CP5,eeg
39,0,0R1acquisition,P3,eeg
39,0,1R2acquisition,Fz,eeg
39,0,1R2acquisition,FCz,eeg
39,0,1R2acquisition,Cz,eeg
39,0,1R2acquisition,CPz,eeg
39,0,1R2acquisition,Pz,eeg
39,0,1R2acquisition,C1,eeg
39,0,1R2acquisition,C3,eeg
39,0,1R2acquisition,C5,eeg
39,0,1R2acquisition,C2,eeg
39,0,1R2acquisition,C4,eeg
39,0,1R2acquisition,C6,eeg
39,0,1R2acquisition,EOG1,eog
39,0,1R2acquisition,EOG2,eog
39,0,1R2acquisition,EOG3,eog
39,0,1R2acquisition,EMGg,emg
39,0,1R2acquisition,EMGd,emg
39,0,1R2acquisition,F4,eeg
39,0,1R2acquisition,FC2,eeg
39,0,1R2acquisition,FC4,eeg
39,0,1R2acquisition,FC6,eeg
39,0,1R2acquisition,CP2,eeg
39,0,1R2acquisition,CP4,eeg
39,0,1R2acquisition,CP6,eeg
39,0,1R2acquisition,P4,eeg
39,0,1R2acquisition,F3,eeg
39,0,1R2acquisition,FC1,eeg
39,0,1R2acquisition,FC3,eeg
39,0,1R2acquisition,FC5,eeg
39,0,1R2acquisition,CP1,eeg
39,0,1R2acquisition,CP3,eeg
39,0,1R2acquisition,CP5,eeg
39,0,1R2acquisition,P3,eeg
39,0,2R3online,Fz,eeg
39,0,2R3online,FCz,eeg
39,0,2R3online,Cz,eeg
39,0,2R3online,CPz,eeg
39,0,2R3online,Pz,eeg
39,0,2R3online,C1,eeg
39,0,2R3online,C3,eeg
39,0,2R3online,C5,eeg
39,0,2R3online,C2,eeg
39,0,2R3online,C4,eeg
39,0,2R3online,C6,eeg
39,0,2R3online,EOG1,eog
39,0,2R3online,EOG2,eog
39,0,2R3online,EOG3,eog
39,0,2R3online,EMGg,emg
39,0,2R3online,EMGd,emg
39,0,2R3online,F4,eeg
39,0,2R3online,FC2,eeg
39,0,2R3online,FC4,eeg
39,0,2R3online,FC6,eeg
39,0,2R3online,CP2,eeg
39,0,2R3online,CP4,eeg
39,0,2R3online,CP6,eeg
39,0,2R3online,P4,eeg
39,0,2R3online,F3,eeg
39,0,2R3online,FC1,eeg
39,0,2R3online,FC3,eeg
39,0,2R3online,FC5,eeg
39,0,2R3online,CP1,eeg
39,0,2R3online,CP3,eeg
39,0,2R3online,CP5,eeg
39,0,2R3online,P3,eeg
39,0,3R4online,Fz,eeg
39,0,3R4online,FCz,eeg
39,0,3R4online,Cz,eeg
39,0,3R4online,CPz,eeg
39,0,3R4online,Pz,eeg
39,0,3R4online,C1,eeg
39,0,3R4online,C3,eeg
39,0,3R4online,C5,eeg
39,0,3R4online,C2,eeg
39,0,3R4online,C4,eeg
39,0,3R4online,C6,eeg
39,0,3R4online,EOG1,eog
39,0,3R4online,EOG2,eog
39,0,3R4online,EOG3,eog
39,0,3R4online,EMGg,emg
39,0,3R4online,EMGd,emg
39,0,3R4online,F4,eeg
39,0,3R4online,FC2,eeg
39,0,3R4online,FC4,eeg
39,0,3R4online,FC6,eeg
39,0,3R4online,CP2,eeg
39,0,3R4online,CP4,eeg
39,0,3R4online,CP6,eeg
39,0,3R4online,P4,eeg
39,0,3R4online,F3,eeg
39,0,3R4online,FC1,eeg
39,0,3R4online,FC3,eeg
39,0,3R4online,FC5,eeg
39,0,3R4online,CP1,eeg
39,0,3R4online,CP3,eeg
39,0,3R4online,CP5,eeg
39,0,3R4online,P3,eeg
39,0,4R5online,Fz,eeg
39,0,4R5online,FCz,eeg
39,0,4R5online,Cz,eeg
39,0,4R5online,CPz,eeg
39,0,4R5online,Pz,eeg
39,0,4R5online,C1,eeg
39,0,4R5online,C3,eeg
39,0,4R5online,C5,eeg
39,0,4R5online,C2,eeg
39,0,4R5online,C4,eeg
39,0,4R5online,C6,eeg
39,0,4R5online,EOG1,eog
39,0,4R5online,EOG2,eog
39,0,4R5online,EOG3,eog
39,0,4R5online,EMGg,emg
39,0,4R5online,EMGd,emg
39,0,4R5online,F4,eeg
39,0,4R5online,FC2,eeg
39,0,4R5online,FC4,eeg
39,0,4R5online,FC6,eeg
39,0,4R5online,CP2,eeg
39,0,4R5online,CP4,eeg
39,0,4R5online,CP6,eeg
39,0,4R5online,P4,eeg
39,0,4R5online,F3,eeg
39,0,4R5online,FC1,eeg
39,0,4R5online,FC3,eeg
39,0,4R5online,FC5,eeg
39,0,4R5online,CP1,eeg
39,0,4R5online,CP3,eeg
39,0,4R5online,CP5,eeg
39,0,4R5online,P3,eeg
39,0,5R6online,Fz,eeg
39,0,5R6online,FCz,eeg
39,0,5R6online,Cz,eeg
39,0,5R6online,CPz,eeg
39,0,5R6online,Pz,eeg
39,0,5R6online,C1,eeg
39,0,5R6online,C3,eeg
39,0,5R6online,C5,eeg
39,0,5R6online,C2,eeg
39,0,5R6online,C4,eeg
39,0,5R6online,C6,eeg
39,0,5R6online,EOG1,eog
39,0,5R6online,EOG2,eog
39,0,5R6online,EOG3,eog
39,0,5R6online,EMGg,emg
39,0,5R6online,EMGd,emg
39,0,5R6online,F4,eeg
39,0,5R6online,FC2,eeg
39,0,5R6online,FC4,eeg
39,0,5R6online,FC6,eeg
39,0,5R6online,CP2,eeg
39,0,5R6online,CP4,eeg
39,0,5R6online,CP6,eeg
39,0,5R6online,P4,eeg
39,0,5R6online,F3,eeg
39,0,5R6online,FC1,eeg
39,0,5R6online,FC3,eeg
39,0,5R6online,FC5,eeg
39,0,5R6online,CP1,eeg
39,0,5R6online,CP3,eeg
39,0,5R6online,CP5,eeg
39,0,5R6online,P3,eeg
40,0,0R1acquisition,Fz,eeg
40,0,0R1acquisition,FCz,eeg
40,0,0R1acquisition,Cz,eeg
40,0,0R1acquisition,CPz,eeg
40,0,0R1acquisition,Pz,eeg
40,0,0R1acquisition,C1,eeg
40,0,0R1acquisition,C3,eeg
40,0,0R1acquisition,C5,eeg
40,0,0R1acquisition,C2,eeg
40,0,0R1acquisition,C4,eeg
40,0,0R1acquisition,C6,eeg
40,0,0R1acquisition,EOG1,eog
40,0,0R1acquisition,EOG2,eog
40,0,0R1acquisition,EOG3,eog
40,0,0R1acquisition,EMGg,emg
40,0,0R1acquisition,EMGd,emg
40,0,0R1acquisition,F4,eeg
40,0,0R1acquisition,FC2,eeg
40,0,0R1acquisition,FC4,eeg
40,0,0R1acquisition,FC6,eeg
40,0,0R1acquisition,CP2,eeg
40,0,0R1acquisition,CP4,eeg
40,0,0R1acquisition,CP6,eeg
40,0,0R1acquisition,P4,eeg
40,0,0R1acquisition,F3,eeg
40,0,0R1acquisition,FC1,eeg
40,0,0R1acquisition,FC3,eeg
40,0,0R1acquisition,FC5,eeg
40,0,0R1acquisition,CP1,eeg
40,0,0R1acquisition,CP3,eeg
40,0,0R1acquisition,CP5,eeg
40,0,0R1acquisition,P3,eeg
40,0,1R2acquisition,Fz,eeg
40,0,1R2acquisition,FCz,eeg
40,0,1R2acquisition,Cz,eeg
40,0,1R2acquisition,CPz,eeg
40,0,1R2acquisition,Pz,eeg
40,0,1R2acquisition,C1,eeg
40,0,1R2acquisition,C3,eeg
40,0,1R2acquisition,C5,eeg
40,0,1R2acquisition,C2,eeg
40,0,1R2acquisition,C4,eeg
40,0,1R2acquisition,C6,eeg
40,0,1R2acquisition,EOG1,eog
40,0,1R2acquisition,EOG2,eog
40,0,1R2acquisition,EOG3,eog
40,0,1R2acquisition,EMGg,emg
40,0,1R2acquisition,EMGd,emg
40,0,1R2acquisition,F4,eeg
40,0,1R2acquisition,FC2,eeg
40,0,1R2acquisition,FC4,eeg
40,0,1R2acquisition,FC6,eeg
40,0,1R2acquisition,CP2,eeg
40,0,1R2acquisition,CP4,eeg
40,0,1R2acquisition,CP6,eeg
40,0,1R2acquisition,P4,eeg
40,0,1R2acquisition,F3,eeg
40,0,1R2acquisition,FC1,eeg
40,0,1R2acquisition,FC3,eeg
40,0,1R2acquisition,FC5,eeg
40,0,1R2acquisition,CP1,eeg
40,0,1R2acquisition,CP3,eeg
40,0,1R2acquisition,CP5,eeg
40,0,1R2acquisition,P3,eeg
40,0,2R3online,Fz,eeg
40,0,2R3online,FCz,eeg
40,0,2R3online,Cz,eeg
40,0,2R3online,CPz,eeg
40,0,2R3online,Pz,eeg
40,0,2R3online,C1,eeg
40,0,2R3online,C3,eeg
40,0,2R3online,C5,eeg
40,0,2R3online,C2,eeg
40,0,2R3online,C4,eeg
40,0,2R3online,C6,eeg
40,0,2R3online,EOG1,eog
40,0,2R3online,EOG2,eog
40,0,2R3online,EOG3,eog
40,0,2R3online,EMGg,emg
40,0,2R3online,EMGd,emg
40,0,2R3online,F4,eeg
40,0,2R3online,FC2,eeg
40,0,2R3online,FC4,eeg
40,0,2R3online,FC6,eeg
40,0,2R3online,CP2,eeg
40,0,2R3online,CP4,eeg
40,0,2R3online,CP6,eeg
40,0,2R3online,P4,eeg
40,0,2R3online,F3,eeg
40,0,2R3online,FC1,eeg
40,0,2R3online,FC3,eeg
40,0,2R3online,FC5,eeg
40,0,2R3online,CP1,eeg
40,0,2R3online,CP3,eeg
40,0,2R3online,CP5,eeg
40,0,2R3online,P3,eeg
40,0,3R4online,Fz,eeg
40,0,3R4online,FCz,eeg
40,0,3R4online,Cz,eeg
40,0,3R4online,CPz,eeg
40,0,3R4online,Pz,eeg
40,0,3R4online,C1,eeg
40,0,3R4online,C3,eeg
40,0,3R4online,C5,eeg
40,0,3R4online,C2,eeg
40,0,3R4online,C4,eeg
40,0,3R4online,C6,eeg
40,0,3R4online,EOG1,eog
40,0,3R4online,EOG2,eog
40,0,3R4online,EOG3,eog
40,0,3R4online,EMGg,emg
40,0,3R4online,EMGd,emg
40,0,3R4online,F4,eeg
40,0,3R4online,FC2,eeg
40,0,3R4online,FC4,eeg
40,0,3R4online,FC6,eeg
40,0,3R4online,CP2,eeg
40,0,3R4online,CP4,eeg
40,0,3R4online,CP6,eeg
40,0,3R4online,P4,eeg
40,0,3R4online,F3,eeg
40,0,3R4online,FC1,eeg
40,0,3R4online,FC3,eeg
40,0,3R4online,FC5,eeg
40,0,3R4online,CP1,eeg
40,0,3R4online,CP3,eeg
40,0,3R4online,CP5,eeg
40,0,3R4online,P3,eeg
40,0,4R5online,Fz,eeg
40,0,4R5online,FCz,eeg
40,0,4R5online,Cz,eeg
40,0,4R5online,CPz,eeg
40,0,4R5online,Pz,eeg
40,0,4R5online,C1,eeg
40,0,4R5online,C3,eeg
40,0,4R5online,C5,eeg
40,0,4R5online,C2,eeg
40,0,4R5online,C4,eeg
40,0,4R5online,C6,eeg
40,0,4R5online,EOG1,eog
40,0,4R5online,EOG2,eog
40,0,4R5online,EOG3,eog
40,0,4R5online,EMGg,emg
40,0,4R5online,EMGd,emg
40,0,4R5online,F4,eeg
40,0,4R5online,FC2,eeg
40,0,4R5online,FC4,eeg
40,0,4R5online,FC6,eeg
40,0,4R5online,CP2,eeg
40,0,4R5online,CP4,eeg
40,0,4R5online,CP6,eeg
40,0,4R5online,P4,eeg
40,0,4R5online,F3,eeg
40,0,4R5online,FC1,eeg
40,0,4R5online,FC3,eeg
40,0,4R5online,FC5,eeg
40,0,4R5online,CP1,eeg
40,0,4R5online,CP3,eeg
40,0,4R5online,CP5,eeg
40,0,4R5online,P3,eeg
40,0,5R6online,Fz,eeg
40,0,5R6online,FCz,eeg
40,0,5R6online,Cz,eeg
40,0,5R6online,CPz,eeg
40,0,5R6online,Pz,eeg
40,0,5R6online,C1,eeg
40,0,5R6online,C3,eeg
40,0,5R6online,C5,eeg
40,0,5R6online,C2,eeg
40,0,5R6online,C4,eeg
40,0,5R6online,C6,eeg
40,0,5R6online,EOG1,eog
40,0,5R6online,EOG2,eog
40,0,5R6online,EOG3,eog
40,0,5R6online,EMGg,emg
40,0,5R6online,EMGd,emg
40,0,5R6online,F4,eeg
40,0,5R6online,FC2,eeg
40,0,5R6online,FC4,eeg
40,0,5R6online,FC6,eeg
40,0,5R6online,CP2,eeg
40,0,5R6online,CP4,eeg
40,0,5R6online,CP6,eeg
40,0,5R6online,P4,eeg
40,0,5R6online,F3,eeg
40,0,5R6online,FC1,eeg
40,0,5R6online,FC3,eeg
40,0,5R6online,FC5,eeg
40,0,5R6online,CP1,eeg
40,0,5R6online,CP3,eeg
40,0,5R6online,CP5,eeg
40,0,5R6online,P3,eeg
41,0,0R1acquisition,Fz,eeg
41,0,0R1acquisition,FCz,eeg
41,0,0R1acquisition,Cz,eeg
41,0,0R1acquisition,CPz,eeg
41,0,0R1acquisition,Pz,eeg
41,0,0R1acquisition,C1,eeg
41,0,0R1acquisition,C3,eeg
41,0,0R1acquisition,C5,eeg
41,0,0R1acquisition,C2,eeg
41,0,0R1acquisition,C4,eeg
41,0,0R1acquisition,C6,eeg
41,0,0R1acquisition,EOG1,eog
41,0,0R1acquisition,EOG2,eog
41,0,0R1acquisition,EOG3,eog
41,0,0R1acquisition,EMGg,emg
41,0,0R1acquisition,EMGd,emg
41,0,0R1acquisition,F4,eeg
41,0,0R1acquisition,FC2,eeg
41,0,0R1acquisition,FC4,eeg
41,0,0R1acquisition,FC6,eeg
41,0,0R1acquisition,CP2,eeg
41,0,0R1acquisition,CP4,eeg
41,0,0R1acquisition,CP6,eeg
41,0,0R1acquisition,P4,eeg
41,0,0R1acquisition,F3,eeg
41,0,0R1acquisition,FC1,eeg
41,0,0R1acquisition,FC3,eeg
41,0,0R1acquisition,FC5,eeg
41,0,0R1acquisition,CP1,eeg
41,0,0R1acquisition,CP3,eeg
41,0,0R1acquisition,CP5,eeg
41,0,0R1acquisition,P3,eeg
41,0,1R2acquisition,Fz,eeg
41,0,1R2acquisition,FCz,eeg
41,0,1R2acquisition,Cz,eeg
41,0,1R2acquisition,CPz,eeg
41,0,1R2acquisition,Pz,eeg
41,0,1R2acquisition,C1,eeg
41,0,1R2acquisition,C3,eeg
41,0,1R2acquisition,C5,eeg
41,0,1R2acquisition,C2,eeg
41,0,1R2acquisition,C4,eeg
41,0,1R2acquisition,C6,eeg
41,0,1R2acquisition,EOG1,eog
41,0,1R2acquisition,EOG2,eog
41,0,1R2acquisition,EOG3,eog
41,0,1R2acquisition,EMGg,emg
41,0,1R2acquisition,EMGd,emg
41,0,1R2acquisition,F4,eeg
41,0,1R2acquisition,FC2,eeg
41,0,1R2acquisition,FC4,eeg
41,0,1R2acquisition,FC6,eeg
41,0,1R2acquisition,CP2,eeg
41,0,1R2acquisition,CP4,eeg
41,0,1R2acquisition,CP6,eeg
41,0,1R2acquisition,P4,eeg
41,0,1R2acquisition,F3,eeg
41,0,1R2acquisition,FC1,eeg
41,0,1R2acquisition,FC3,eeg
41,0,1R2acquisition,FC5,eeg
41,0,1R2acquisition,CP1,eeg
41,0,1R2acquisition,CP3,eeg
41,0,1R2acquisition,CP5,eeg
41,0,1R2acquisition,P3,eeg
41,0,2R3online,Fz,eeg
41,0,2R3online,FCz,eeg
41,0,2R3online,Cz,eeg
41,0,2R3online,CPz,eeg
41,0,2R3online,Pz,eeg
41,0,2R3online,C1,eeg
41,0,2R3online,C3,eeg
41,0,2R3online,C5,eeg
41,0,2R3online,C2,eeg
41,0,2R3online,C4,eeg
41,0,2R3online,C6,eeg
41,0,2R3online,EOG1,eog
41,0,2R3online,EOG2,eog
41,0,2R3online,EOG3,eog
41,0,2R3online,EMGg,emg
41,0,2R3online,EMGd,emg
41,0,2R3online,F4,eeg
41,0,2R3online,FC2,eeg
41,0,2R3online,FC4,eeg
41,0,2R3online,FC6,eeg
41,0,2R3online,CP2,eeg
41,0,2R3online,CP4,eeg
41,0,2R3online,CP6,eeg
41,0,2R3online,P4,eeg
41,0,2R3online,F3,eeg
41,0,2R3online,FC1,eeg
41,0,2R3online,FC3,eeg
41,0,2R3online,FC5,eeg
41,0,2R3online,CP1,eeg
41,0,2R3online,CP3,eeg
41,0,2R3online,CP5,eeg
41,0,2R3online,P3,eeg
41,0,3R4online,Fz,eeg
41,0,3R4online,FCz,eeg
41,0,3R4online,Cz,eeg
41,0,3R4online,CPz,eeg
41,0,3R4online,Pz,eeg
41,0,3R4online,C1,eeg
41,0,3R4online,C3,eeg
41,0,3R4online,C5,eeg
41,0,3R4online,C2,eeg
41,0,3R4online,C4,eeg
41,0,3R4online,C6,eeg
41,0,3R4online,EOG1,eog
41,0,3R4online,EOG2,eog
41,0,3R4online,EOG3,eog
41,0,3R4online,EMGg,emg
41,0,3R4online,EMGd,emg
41,0,3R4online,F4,eeg
41,0,3R4online,FC2,eeg
41,0,3R4online,FC4,eeg
41,0,3R4online,FC6,eeg
41,0,3R4online,CP2,eeg
41,0,3R4online,CP4,eeg
41,0,3R4online,CP6,eeg
41,0,3R4online,P4,eeg
41,0,3R4online,F3,eeg
41,0,3R4online,FC1,eeg
41,0,3R4online,FC3,eeg
41,0,3R4online,FC5,eeg
41,0,3R4online,CP1,eeg
41,0,3R4online,CP3,eeg
41,0,3R4online,CP5,eeg
41,0,3R4online,P3,eeg
41,0,4R5online,Fz,eeg
41,0,4R5online,FCz,eeg
41,0,4R5online,Cz,eeg
41,0,4R5online,CPz,eeg
41,0,4R5online,Pz,eeg
41,0,4R5online,C1,eeg
41,0,4R5online,C3,eeg
41,0,4R5online,C5,eeg
41,0,4R5online,C2,eeg
41,0,4R5online,C4,eeg
41,0,4R5online,C6,eeg
41,0,4R5online,EOG1,eog
41,0,4R5online,EOG2,eog
41,0,4R5online,EOG3,eog
41,0,4R5online,EMGg,emg
41,0,4R5online,EMGd,emg
41,0,4R5online,F4,eeg
41,0,4R5online,FC2,eeg
41,0,4R5online,FC4,eeg
41,0,4R5online,FC6,eeg
41,0,4R5online,CP2,eeg
41,0,4R5online,CP4,eeg
41,0,4R5online,CP6,eeg
41,0,4R5online,P4,eeg
41,0,4R5online,F3,eeg
41,0,4R5online,FC1,eeg
41,0,4R5online,FC3,eeg
41,0,4R5online,FC5,eeg
41,0,4R5online,CP1,eeg
41,0,4R5online,CP3,eeg
41,0,4R5online,CP5,eeg
41,0,4R5online,P3,eeg
41,0,5R6online,Fz,eeg
41,0,5R6online,FCz,eeg
41,0,5R6online,Cz,eeg
41,0,5R6online,CPz,eeg
41,0,5R6online,Pz,eeg
41,0,5R6online,C1,eeg
41,0,5R6online,C3,eeg
41,0,5R6online,C5,eeg
41,0,5R6online,C2,eeg
41,0,5R6online,C4,eeg
41,0,5R6online,C6,eeg
41,0,5R6online,EOG1,eog
41,0,5R6online,EOG2,eog
41,0,5R6online,EOG3,eog
41,0,5R6online,EMGg,emg
41,0,5R6online,EMGd,emg
41,0,5R6online,F4,eeg
41,0,5R6online,FC2,eeg
41,0,5R6online,FC4,eeg
41,0,5R6online,FC6,eeg
41,0,5R6online,CP2,eeg
41,0,5R6online,CP4,eeg
41,0,5R6online,CP6,eeg
41,0,5R6online,P4,eeg
41,0,5R6online,F3,eeg
41,0,5R6online,FC1,eeg
41,0,5R6online,FC3,eeg
41,0,5R6online,FC5,eeg
41,0,5R6online,CP1,eeg
41,0,5R6online,CP3,eeg
41,0,5R6online,CP5,eeg
41,0,5R6online,P3,eeg
42,0,0R1acquisition,Fz,eeg
42,0,0R1acquisition,FCz,eeg
42,0,0R1acquisition,Cz,eeg
42,0,0R1acquisition,CPz,eeg
42,0,0R1acquisition,Pz,eeg
42,0,0R1acquisition,C1,eeg
42,0,0R1acquisition,C3,eeg
42,0,0R1acquisition,C5,eeg
42,0,0R1acquisition,C2,eeg
42,0,0R1acquisition,C4,eeg
42,0,0R1acquisition,C6,eeg
42,0,0R1acquisition,EOG1,eog
42,0,0R1acquisition,EOG2,eog
42,0,0R1acquisition,EOG3,eog
42,0,0R1acquisition,EMGg,emg
42,0,0R1acquisition,EMGd,emg
42,0,0R1acquisition,F4,eeg
42,0,0R1acquisition,FC2,eeg
42,0,0R1acquisition,FC4,eeg
42,0,0R1acquisition,FC6,eeg
42,0,0R1acquisition,CP2,eeg
42,0,0R1acquisition,CP4,eeg
42,0,0R1acquisition,CP6,eeg
42,0,0R1acquisition,P4,eeg
42,0,0R1acquisition,F3,eeg
42,0,0R1acquisition,FC1,eeg
42,0,0R1acquisition,FC3,eeg
42,0,0R1acquisition,FC5,eeg
42,0,0R1acquisition,CP1,eeg
42,0,0R1acquisition,CP3,eeg
42,0,0R1acquisition,CP5,eeg
42,0,0R1acquisition,P3,eeg
42,0,1R2acquisition,Fz,eeg
42,0,1R2acquisition,FCz,eeg
42,0,1R2acquisition,Cz,eeg
42,0,1R2acquisition,CPz,eeg
42,0,1R2acquisition,Pz,eeg
42,0,1R2acquisition,C1,eeg
42,0,1R2acquisition,C3,eeg
42,0,1R2acquisition,C5,eeg
42,0,1R2acquisition,C2,eeg
42,0,1R2acquisition,C4,eeg
42,0,1R2acquisition,C6,eeg
42,0,1R2acquisition,EOG1,eog
42,0,1R2acquisition,EOG2,eog
42,0,1R2acquisition,EOG3,eog
42,0,1R2acquisition,EMGg,emg
42,0,1R2acquisition,EMGd,emg
42,0,1R2acquisition,F4,eeg
42,0,1R2acquisition,FC2,eeg
42,0,1R2acquisition,FC4,eeg
42,0,1R2acquisition,FC6,eeg
42,0,1R2acquisition,CP2,eeg
42,0,1R2acquisition,CP4,eeg
42,0,1R2acquisition,CP6,eeg
42,0,1R2acquisition,P4,eeg
42,0,1R2acquisition,F3,eeg
42,0,1R2acquisition,FC1,eeg
42,0,1R2acquisition,FC3,eeg
42,0,1R2acquisition,FC5,eeg
42,0,1R2acquisition,CP1,eeg
42,0,1R2acquisition,CP3,eeg
42,0,1R2acquisition,CP5,eeg
42,0,1R2acquisition,P3,eeg
42,0,2R3online,Fz,eeg
42,0,2R3online,FCz,eeg
42,0,2R3online,Cz,eeg
42,0,2R3online,CPz,eeg
42,0,2R3online,Pz,eeg
42,0,2R3online,C1,eeg
42,0,2R3online,C3,eeg
42,0,2R3online,C5,eeg
42,0,2R3online,C2,eeg
42,0,2R3online,C4,eeg
42,0,2R3online,C6,eeg
42,0,2R3online,EOG1,eog
42,0,2R3online,EOG2,eog
42,0,2R3online,EOG3,eog
42,0,2R3online,EMGg,emg
42,0,2R3online,EMGd,emg
42,0,2R3online,F4,eeg
42,0,2R3online,FC2,eeg
42,0,2R3online,FC4,eeg
42,0,2R3online,FC6,eeg
42,0,2R3online,CP2,eeg
42,0,2R3online,CP4,eeg
42,0,2R3online,CP6,eeg
42,0,2R3online,P4,eeg
42,0,2R3online,F3,eeg
42,0,2R3online,FC1,eeg
42,0,2R3online,FC3,eeg
42,0,2R3online,FC5,eeg
42,0,2R3online,CP1,eeg
42,0,2R3online,CP3,eeg
42,0,2R3online,CP5,eeg
42,0,2R3online,P3,eeg
42,0,3R4online,Fz,eeg
42,0,3R4online,FCz,eeg
42,0,3R4online,Cz,eeg
42,0,3R4online,CPz,eeg
42,0,3R4online,Pz,eeg
42,0,3R4online,C1,eeg
42,0,3R4online,C3,eeg
42,0,3R4online,C5,eeg
42,0,3R4online,C2,eeg
42,0,3R4online,C4,eeg
42,0,3R4online,C6,eeg
42,0,3R4online,EOG1,eog
42,0,3R4online,EOG2,eog
42,0,3R4online,EOG3,eog
42,0,3R4online,EMGg,emg
42,0,3R4online,EMGd,emg
42,0,3R4online,F4,eeg
42,0,3R4online,FC2,eeg
42,0,3R4online,FC4,eeg
42,0,3R4online,FC6,eeg
42,0,3R4online,CP2,eeg
42,0,3R4online,CP4,eeg
42,0,3R4online,CP6,eeg
42,0,3R4online,P4,eeg
42,0,3R4online,F3,eeg
42,0,3R4online,FC1,eeg
42,0,3R4online,FC3,eeg
42,0,3R4online,FC5,eeg
42,0,3R4online,CP1,eeg
42,0,3R4online,CP3,eeg
42,0,3R4online,CP5,eeg
42,0,3R4online,P3,eeg
42,0,4R5online,Fz,eeg
42,0,4R5online,FCz,eeg
42,0,4R5online,Cz,eeg
42,0,4R5online,CPz,eeg
42,0,4R5online,Pz,eeg
42,0,4R5online,C1,eeg
42,0,4R5online,C3,eeg
42,0,4R5online,C5,eeg
42,0,4R5online,C2,eeg
42,0,4R5online,C4,eeg
42,0,4R5online,C6,eeg
42,0,4R5online,EOG1,eog
42,0,4R5online,EOG2,eog
42,0,4R5online,EOG3,eog
42,0,4R5online,EMGg,emg
42,0,4R5online,EMGd,emg
42,0,4R5online,F4,eeg
42,0,4R5online,FC2,eeg
42,0,4R5online,FC4,eeg
42,0,4R5online,FC6,eeg
42,0,4R5online,CP2,eeg
42,0,4R5online,CP4,eeg
42,0,4R5online,CP6,eeg
42,0,4R5online,P4,eeg
42,0,4R5online,F3,eeg
42,0,4R5online,FC1,eeg
42,0,4R5online,FC3,eeg
42,0,4R5online,FC5,eeg
42,0,4R5online,CP1,eeg
42,0,4R5online,CP3,eeg
42,0,4R5online,CP5,eeg
42,0,4R5online,P3,eeg
42,0,5R6online,Fz,eeg
42,0,5R6online,FCz,eeg
42,0,5R6online,Cz,eeg
42,0,5R6online,CPz,eeg
42,0,5R6online,Pz,eeg
42,0,5R6online,C1,eeg
42,0,5R6online,C3,eeg
42,0,5R6online,C5,eeg
42,0,5R6online,C2,eeg
42,0,5R6online,C4,eeg
42,0,5R6online,C6,eeg
42,0,5R6online,EOG1,eog
42,0,5R6online,EOG2,eog
42,0,5R6online,EOG3,eog
42,0,5R6online,EMGg,emg
42,0,5R6online,EMGd,emg
42,0,5R6online,F4,eeg
42,0,5R6online,FC2,eeg
42,0,5R6online,FC4,eeg
42,0,5R6online,FC6,eeg
42,0,5R6online,CP2,eeg
42,0,5R6online,CP4,eeg
42,0,5R6online,CP6,eeg
42,0,5R6online,P4,eeg
42,0,5R6online,F3,eeg
42,0,5R6online,FC1,eeg
42,0,5R6online,FC3,eeg
42,0,5R6online,FC5,eeg
42,0,5R6online,CP1,eeg
42,0,5R6online,CP3,eeg
42,0,5R6online,CP5,eeg
42,0,5R6online,P3,eeg
43,0,0R1acquisition,Fz,eeg
43,0,0R1acquisition,FCz,eeg
43,0,0R1acquisition,Cz,eeg
43,0,0R1acquisition,CPz,eeg
43,0,0R1acquisition,Pz,eeg
43,0,0R1acquisition,C1,eeg
43,0,0R1acquisition,C3,eeg
43,0,0R1acquisition,C5,eeg
43,0,0R1acquisition,C2,eeg
43,0,0R1acquisition,C4,eeg
43,0,0R1acquisition,C6,eeg
43,0,0R1acquisition,EOG1,eog
43,0,0R1acquisition,EOG2,eog
43,0,0R1acquisition,EOG3,eog
43,0,0R1acquisition,EMGg,emg
43,0,0R1acquisition,EMGd,emg
43,0,0R1acquisition,F4,eeg
43,0,0R1acquisition,FC2,eeg
43,0,0R1acquisition,FC4,eeg
43,0,0R1acquisition,FC6,eeg
43,0,0R1acquisition,CP2,eeg
43,0,0R1acquisition,CP4,eeg
43,0,0R1acquisition,CP6,eeg
43,0,0R1acquisition,P4,eeg
43,0,0R1acquisition,F3,eeg
43,0,0R1acquisition,FC1,eeg
43,0,0R1acquisition,FC3,eeg
43,0,0R1acquisition,FC5,eeg
43,0,0R1acquisition,CP1,eeg
43,0,0R1acquisition,CP3,eeg
43,0,0R1acquisition,CP5,eeg
43,0,0R1acquisition,P3,eeg
43,0,1R2acquisition,Fz,eeg
43,0,1R2acquisition,FCz,eeg
43,0,1R2acquisition,Cz,eeg
43,0,1R2acquisition,CPz,eeg
43,0,1R2acquisition,Pz,eeg
43,0,1R2acquisition,C1,eeg
43,0,1R2acquisition,C3,eeg
43,0,1R2acquisition,C5,eeg
43,0,1R2acquisition,C2,eeg
43,0,1R2acquisition,C4,eeg
43,0,1R2acquisition,C6,eeg
43,0,1R2acquisition,EOG1,eog
43,0,1R2acquisition,EOG2,eog
43,0,1R2acquisition,EOG3,eog
43,0,1R2acquisition,EMGg,emg
43,0,1R2acquisition,EMGd,emg
43,0,1R2acquisition,F4,eeg
43,0,1R2acquisition,FC2,eeg
43,0,1R2acquisition,FC4,eeg
43,0,1R2acquisition,FC6,eeg
43,0,1R2acquisition,CP2,eeg
43,0,1R2acquisition,CP4,eeg
43,0,1R2acquisition,CP6,eeg
43,0,1R2acquisition,P4,eeg
43,0,1R2acquisition,F3,eeg
43,0,1R2acquisition,FC1,eeg
43,0,1R2acquisition,FC3,eeg
43,0,1R2acquisition,FC5,eeg
43,0,1R2acquisition,CP1,eeg
43,0,1R2acquisition,CP3,eeg
43,0,1R2acquisition,CP5,eeg
43,0,1R2acquisition,P3,eeg
43,0,2R3online,Fz,eeg
43,0,2R3online,FCz,eeg
43,0,2R3online,Cz,eeg
43,0,2R3online,CPz,eeg
43,0,2R3online,Pz,eeg
43,0,2R3online,C1,eeg
43,0,2R3online,C3,eeg
43,0,2R3online,C5,eeg
43,0,2R3online,C2,eeg
43,0,2R3online,C4,eeg
43,0,2R3online,C6,eeg
43,0,2R3online,EOG1,eog
43,0,2R3online,EOG2,eog
43,0,2R3online,EOG3,eog
43,0,2R3online,EMGg,emg
43,0,2R3online,EMGd,emg
43,0,2R3online,F4,eeg
43,0,2R3online,FC2,eeg
43,0,2R3online,FC4,eeg
43,0,2R3online,FC6,eeg
43,0,2R3online,CP2,eeg
43,0,2R3online,CP4,eeg
43,0,2R3online,CP6,eeg
43,0,2R3online,P4,eeg
43,0,2R3online,F3,eeg
43,0,2R3online,FC1,eeg
43,0,2R3online,FC3,eeg
43,0,2R3online,FC5,eeg
43,0,2R3online,CP1,eeg
43,0,2R3online,CP3,eeg
43,0,2R3online,CP5,eeg
43,0,2R3online,P3,eeg
43,0,3R4online,Fz,eeg
43,0,3R4online,FCz,eeg
43,0,3R4online,Cz,eeg
43,0,3R4online,CPz,eeg
43,0,3R4online,Pz,eeg
43,0,3R4online,C1,eeg
43,0,3R4online,C3,eeg
43,0,3R4online,C5,eeg
43,0,3R4online,C2,eeg
43,0,3R4online,C4,eeg
43,0,3R4online,C6,eeg
43,0,3R4online,EOG1,eog
43,0,3R4online,EOG2,eog
43,0,3R4online,EOG3,eog
43,0,3R4online,EMGg,emg
43,0,3R4online,EMGd,emg
43,0,3R4online,F4,eeg
43,0,3R4online,FC2,eeg
43,0,3R4online,FC4,eeg
43,0,3R4online,FC6,eeg
43,0,3R4online,CP2,eeg
43,0,3R4online,CP4,eeg
43,0,3R4online,CP6,eeg
43,0,3R4online,P4,eeg
43,0,3R4online,F3,eeg
43,0,3R4online,FC1,eeg
43,0,3R4online,FC3,eeg
43,0,3R4online,FC5,eeg
43,0,3R4online,CP1,eeg
43,0,3R4online,CP3,eeg
43,0,3R4online,CP5,eeg
43,0,3R4online,P3,eeg
43,0,4R5online,Fz,eeg
43,0,4R5online,FCz,eeg
43,0,4R5online,Cz,eeg
43,0,4R5online,CPz,eeg
43,0,4R5online,Pz,eeg
43,0,4R5online,C1,eeg
43,0,4R5online,C3,eeg
43,0,4R5online,C5,eeg
43,0,4R5online,C2,eeg
43,0,4R5online,C4,eeg
43,0,4R5online,C6,eeg
43,0,4R5online,EOG1,eog
43,0,4R5online,EOG2,eog
43,0,4R5online,EOG3,eog
43,0,4R5online,EMGg,emg
43,0,4R5online,EMGd,emg
43,0,4R5online,F4,eeg
43,0,4R5online,FC2,eeg
43,0,4R5online,FC4,eeg
43,0,4R5online,FC6,eeg
43,0,4R5online,CP2,eeg
43,0,4R5online,CP4,eeg
43,0,4R5online,CP6,eeg
43,0,4R5online,P4,eeg
43,0,4R5online,F3,eeg
43,0,4R5online,FC1,eeg
43,0,4R5online,FC3,eeg
43,0,4R5online,FC5,eeg
43,0,4R5online,CP1,eeg
43,0,4R5online,CP3,eeg
43,0,4R5online,CP5,eeg
43,0,4R5online,P3,eeg
43,0,5R6online,Fz,eeg
43,0,5R6online,FCz,eeg
43,0,5R6online,Cz,eeg
43,0,5R6online,CPz,eeg
43,0,5R6online,Pz,eeg
43,0,5R6online,C1,eeg
43,0,5R6online,C3,eeg
43,0,5R6online,C5,eeg
43,0,5R6online,C2,eeg
43,0,5R6online,C4,eeg
43,0,5R6online,C6,eeg
43,0,5R6online,EOG1,eog
43,0,5R6online,EOG2,eog
43,0,5R6online,EOG3,eog
43,0,5R6online,EMGg,emg
43,0,5R6online,EMGd,emg
43,0,5R6online,F4,eeg
43,0,5R6online,FC2,eeg
43,0,5R6online,FC4,eeg
43,0,5R6online,FC6,eeg
43,0,5R6online,CP2,eeg
43,0,5R6online,CP4,eeg
43,0,5R6online,CP6,eeg
43,0,5R6online,P4,eeg
43,0,5R6online,F3,eeg
43,0,5R6online,FC1,eeg
43,0,5R6online,FC3,eeg
43,0,5R6online,FC5,eeg
43,0,5R6online,CP1,eeg
43,0,5R6online,CP3,eeg
43,0,5R6online,CP5,eeg
43,0,5R6online,P3,eeg
44,0,0R1acquisition,Fz,eeg
44,0,0R1acquisition,FCz,eeg
44,0,0R1acquisition,Cz,eeg
44,0,0R1acquisition,CPz,eeg
44,0,0R1acquisition,Pz,eeg
44,0,0R1acquisition,C1,eeg
44,0,0R1acquisition,C3,eeg
44,0,0R1acquisition,C5,eeg
44,0,0R1acquisition,C2,eeg
44,0,0R1acquisition,C4,eeg
44,0,0R1acquisition,C6,eeg
44,0,0R1acquisition,EOG1,eog
44,0,0R1acquisition,EOG2,eog
44,0,0R1acquisition,EOG3,eog
44,0,0R1acquisition,EMGg,emg
44,0,0R1acquisition,EMGd,emg
44,0,0R1acquisition,F4,eeg
44,0,0R1acquisition,FC2,eeg
44,0,0R1acquisition,FC4,eeg
44,0,0R1acquisition,FC6,eeg
44,0,0R1acquisition,CP2,eeg
44,0,0R1acquisition,CP4,eeg
44,0,0R1acquisition,CP6,eeg
44,0,0R1acquisition,P4,eeg
44,0,0R1acquisition,F3,eeg
44,0,0R1acquisition,FC1,eeg
44,0,0R1acquisition,FC3,eeg
44,0,0R1acquisition,FC5,eeg
44,0,0R1acquisition,CP1,eeg
44,0,0R1acquisition,CP3,eeg
44,0,0R1acquisition,CP5,eeg
44,0,0R1acquisition,P3,eeg
44,0,1R2acquisition,Fz,eeg
44,0,1R2acquisition,FCz,eeg
44,0,1R2acquisition,Cz,eeg
44,0,1R2acquisition,CPz,eeg
44,0,1R2acquisition,Pz,eeg
44,0,1R2acquisition,C1,eeg
44,0,1R2acquisition,C3,eeg
44,0,1R2acquisition,C5,eeg
44,0,1R2acquisition,C2,eeg
44,0,1R2acquisition,C4,eeg
44,0,1R2acquisition,C6,eeg
44,0,1R2acquisition,EOG1,eog
44,0,1R2acquisition,EOG2,eog
44,0,1R2acquisition,EOG3,eog
44,0,1R2acquisition,EMGg,emg
44,0,1R2acquisition,EMGd,emg
44,0,1R2acquisition,F4,eeg
44,0,1R2acquisition,FC2,eeg
44,0,1R2acquisition,FC4,eeg
44,0,1R2acquisition,FC6,eeg
44,0,1R2acquisition,CP2,eeg
44,0,1R2acquisition,CP4,eeg
44,0,1R2acquisition,CP6,eeg
44,0,1R2acquisition,P4,eeg
44,0,1R2acquisition,F3,eeg
44,0,1R2acquisition,FC1,eeg
44,0,1R2acquisition,FC3,eeg
44,0,1R2acquisition,FC5,eeg
44,0,1R2acquisition,CP1,eeg
44,0,1R2acquisition,CP3,eeg
44,0,1R2acquisition,CP5,eeg
44,0,1R2acquisition,P3,eeg
44,0,2R3online,Fz,eeg
44,0,2R3online,FCz,eeg
44,0,2R3online,Cz,eeg
44,0,2R3online,CPz,eeg
44,0,2R3online,Pz,eeg
44,0,2R3online,C1,eeg
44,0,2R3online,C3,eeg
44,0,2R3online,C5,eeg
44,0,2R3online,C2,eeg
44,0,2R3online,C4,eeg
44,0,2R3online,C6,eeg
44,0,2R3online,EOG1,eog
44,0,2R3online,EOG2,eog
44,0,2R3online,EOG3,eog
44,0,2R3online,EMGg,emg
44,0,2R3online,EMGd,emg
44,0,2R3online,F4,eeg
44,0,2R3online,FC2,eeg
44,0,2R3online,FC4,eeg
44,0,2R3online,FC6,eeg
44,0,2R3online,CP2,eeg
44,0,2R3online,CP4,eeg
44,0,2R3online,CP6,eeg
44,0,2R3online,P4,eeg
44,0,2R3online,F3,eeg
44,0,2R3online,FC1,eeg
44,0,2R3online,FC3,eeg
44,0,2R3online,FC5,eeg
44,0,2R3online,CP1,eeg
44,0,2R3online,CP3,eeg
44,0,2R3online,CP5,eeg
44,0,2R3online,P3,eeg
44,0,3R4online,Fz,eeg
44,0,3R4online,FCz,eeg
44,0,3R4online,Cz,eeg
44,0,3R4online,CPz,eeg
44,0,3R4online,Pz,eeg
44,0,3R4online,C1,eeg
44,0,3R4online,C3,eeg
44,0,3R4online,C5,eeg
44,0,3R4online,C2,eeg
44,0,3R4online,C4,eeg
44,0,3R4online,C6,eeg
44,0,3R4online,EOG1,eog
44,0,3R4online,EOG2,eog
44,0,3R4online,EOG3,eog
44,0,3R4online,EMGg,emg
44,0,3R4online,EMGd,emg
44,0,3R4online,F4,eeg
44,0,3R4online,FC2,eeg
44,0,3R4online,FC4,eeg
44,0,3R4online,FC6,eeg
44,0,3R4online,CP2,eeg
44,0,3R4online,CP4,eeg
44,0,3R4online,CP6,eeg
44,0,3R4online,P4,eeg
44,0,3R4online,F3,eeg
44,0,3R4online,FC1,eeg
44,0,3R4online,FC3,eeg
44,0,3R4online,FC5,eeg
44,0,3R4online,CP1,eeg
44,0,3R4online,CP3,eeg
44,0,3R4online,CP5,eeg
44,0,3R4online,P3,eeg
44,0,4R5online,Fz,eeg
44,0,4R5online,FCz,eeg
44,0,4R5online,Cz,eeg
44,0,4R5online,CPz,eeg
44,0,4R5online,Pz,eeg
44,0,4R5online,C1,eeg
44,0,4R5online,C3,eeg
44,0,4R5online,C5,eeg
44,0,4R5online,C2,eeg
44,0,4R5online,C4,eeg
44,0,4R5online,C6,eeg
44,0,4R5online,EOG1,eog
44,0,4R5online,EOG2,eog
44,0,4R5online,EOG3,eog
44,0,4R5online,EMGg,emg
44,0,4R5online,EMGd,emg
44,0,4R5online,F4,eeg
44,0,4R5online,FC2,eeg
44,0,4R5online,FC4,eeg
44,0,4R5online,FC6,eeg
44,0,4R5online,CP2,eeg
44,0,4R5online,CP4,eeg
44,0,4R5online,CP6,eeg
44,0,4R5online,P4,eeg
44,0,4R5online,F3,eeg
44,0,4R5online,FC1,eeg
44,0,4R5online,FC3,eeg
44,0,4R5online,FC5,eeg
44,0,4R5online,CP1,eeg
44,0,4R5online,CP3,eeg
44,0,4R5online,CP5,eeg
44,0,4R5online,P3,eeg
44,0,5R6online,Fz,eeg
44,0,5R6online,FCz,eeg
44,0,5R6online,Cz,eeg
44,0,5R6online,CPz,eeg
44,0,5R6online,Pz,eeg
44,0,5R6online,C1,eeg
44,0,5R6online,C3,eeg
44,0,5R6online,C5,eeg
44,0,5R6online,C2,eeg
44,0,5R6online,C4,eeg
44,0,5R6online,C6,eeg
44,0,5R6online,EOG1,eog
44,0,5R6online,EOG2,eog
44,0,5R6online,EOG3,eog
44,0,5R6online,EMGg,emg
44,0,5R6online,EMGd,emg
44,0,5R6online,F4,eeg
44,0,5R6online,FC2,eeg
44,0,5R6online,FC4,eeg
44,0,5R6online,FC6,eeg
44,0,5R6online,CP2,eeg
44,0,5R6online,CP4,eeg
44,0,5R6online,CP6,eeg
44,0,5R6online,P4,eeg
44,0,5R6online,F3,eeg
44,0,5R6online,FC1,eeg
44,0,5R6online,FC3,eeg
44,0,5R6online,FC5,eeg
44,0,5R6online,CP1,eeg
44,0,5R6online,CP3,eeg
44,0,5R6online,CP5,eeg
44,0,5R6online,P3,eeg
45,0,0R1acquisition,Fz,eeg
45,0,0R1acquisition,FCz,eeg
45,0,0R1acquisition,Cz,eeg
45,0,0R1acquisition,CPz,eeg
45,0,0R1acquisition,Pz,eeg
45,0,0R1acquisition,C1,eeg
45,0,0R1acquisition,C3,eeg
45,0,0R1acquisition,C5,eeg
45,0,0R1acquisition,C2,eeg
45,0,0R1acquisition,C4,eeg
45,0,0R1acquisition,C6,eeg
45,0,0R1acquisition,EOG1,eog
45,0,0R1acquisition,EOG2,eog
45,0,0R1acquisition,EOG3,eog
45,0,0R1acquisition,EMGg,emg
45,0,0R1acquisition,EMGd,emg
45,0,0R1acquisition,F4,eeg
45,0,0R1acquisition,FC2,eeg
45,0,0R1acquisition,FC4,eeg
45,0,0R1acquisition,FC6,eeg
45,0,0R1acquisition,CP2,eeg
45,0,0R1acquisition,CP4,eeg
45,0,0R1acquisition,CP6,eeg
45,0,0R1acquisition,P4,eeg
45,0,0R1acquisition,F3,eeg
45,0,0R1acquisition,FC1,eeg
45,0,0R1acquisition,FC3,eeg
45,0,0R1acquisition,FC5,eeg
45,0,0R1acquisition,CP1,eeg
45,0,0R1acquisition,CP3,eeg
45,0,0R1acquisition,CP5,eeg
45,0,0R1acquisition,P3,eeg
45,0,1R2acquisition,Fz,eeg
45,0,1R2acquisition,FCz,eeg
45,0,1R2acquisition,Cz,eeg
45,0,1R2acquisition,CPz,eeg
45,0,1R2acquisition,Pz,eeg
45,0,1R2acquisition,C1,eeg
45,0,1R2acquisition,C3,eeg
45,0,1R2acquisition,C5,eeg
45,0,1R2acquisition,C2,eeg
45,0,1R2acquisition,C4,eeg
45,0,1R2acquisition,C6,eeg
45,0,1R2acquisition,EOG1,eog
45,0,1R2acquisition,EOG2,eog
45,0,1R2acquisition,EOG3,eog
45,0,1R2acquisition,EMGg,emg
45,0,1R2acquisition,EMGd,emg
45,0,1R2acquisition,F4,eeg
45,0,1R2acquisition,FC2,eeg
45,0,1R2acquisition,FC4,eeg
45,0,1R2acquisition,FC6,eeg
45,0,1R2acquisition,CP2,eeg
45,0,1R2acquisition,CP4,eeg
45,0,1R2acquisition,CP6,eeg
45,0,1R2acquisition,P4,eeg
45,0,1R2acquisition,F3,eeg
45,0,1R2acquisition,FC1,eeg
45,0,1R2acquisition,FC3,eeg
45,0,1R2acquisition,FC5,eeg
45,0,1R2acquisition,CP1,eeg
45,0,1R2acquisition,CP3,eeg
45,0,1R2acquisition,CP5,eeg
45,0,1R2acquisition,P3,eeg
45,0,2R3online,Fz,eeg
45,0,2R3online,FCz,eeg
45,0,2R3online,Cz,eeg
45,0,2R3online,CPz,eeg
45,0,2R3online,Pz,eeg
45,0,2R3online,C1,eeg
45,0,2R3online,C3,eeg
45,0,2R3online,C5,eeg
45,0,2R3online,C2,eeg
45,0,2R3online,C4,eeg
45,0,2R3online,C6,eeg
45,0,2R3online,EOG1,eog
45,0,2R3online,EOG2,eog
45,0,2R3online,EOG3,eog
45,0,2R3online,EMGg,emg
45,0,2R3online,EMGd,emg
45,0,2R3online,F4,eeg
45,0,2R3online,FC2,eeg
45,0,2R3online,FC4,eeg
45,0,2R3online,FC6,eeg
45,0,2R3online,CP2,eeg
45,0,2R3online,CP4,eeg
45,0,2R3online,CP6,eeg
45,0,2R3online,P4,eeg
45,0,2R3online,F3,eeg
45,0,2R3online,FC1,eeg
45,0,2R3online,FC3,eeg
45,0,2R3online,FC5,eeg
45,0,2R3online,CP1,eeg
45,0,2R3online,CP3,eeg
45,0,2R3online,CP5,eeg
45,0,2R3online,P3,eeg
45,0,3R4online,Fz,eeg
45,0,3R4online,FCz,eeg
45,0,3R4online,Cz,eeg
45,0,3R4online,CPz,eeg
45,0,3R4online,Pz,eeg
45,0,3R4online,C1,eeg
45,0,3R4online,C3,eeg
45,0,3R4online,C5,eeg
45,0,3R4online,C2,eeg
45,0,3R4online,C4,eeg
45,0,3R4online,C6,eeg
45,0,3R4online,EOG1,eog
45,0,3R4online,EOG2,eog
45,0,3R4online,EOG3,eog
45,0,3R4online,EMGg,emg
45,0,3R4online,EMGd,emg
45,0,3R4online,F4,eeg
45,0,3R4online,FC2,eeg
45,0,3R4online,FC4,eeg
45,0,3R4online,FC6,eeg
45,0,3R4online,CP2,eeg
45,0,3R4online,CP4,eeg
45,0,3R4online,CP6,eeg
45,0,3R4online,P4,eeg
45,0,3R4online,F3,eeg
45,0,3R4online,FC1,eeg
45,0,3R4online,FC3,eeg
45,0,3R4online,FC5,eeg
45,0,3R4online,CP1,eeg
45,0,3R4online,CP3,eeg
45,0,3R4online,CP5,eeg
45,0,3R4online,P3,eeg
45,0,4R5online,Fz,eeg
45,0,4R5online,FCz,eeg
45,0,4R5online,Cz,eeg
45,0,4R5online,CPz,eeg
45,0,4R5online,Pz,eeg
45,0,4R5online,C1,eeg
45,0,4R5online,C3,eeg
45,0,4R5online,C5,eeg
45,0,4R5online,C2,eeg
45,0,4R5online,C4,eeg
45,0,4R5online,C6,eeg
45,0,4R5online,EOG1,eog
45,0,4R5online,EOG2,eog
45,0,4R5online,EOG3,eog
45,0,4R5online,EMGg,emg
45,0,4R5online,EMGd,emg
45,0,4R5online,F4,eeg
45,0,4R5online,FC2,eeg
45,0,4R5online,FC4,eeg
45,0,4R5online,FC6,eeg
45,0,4R5online,CP2,eeg
45,0,4R5online,CP4,eeg
45,0,4R5online,CP6,eeg
45,0,4R5online,P4,eeg
45,0,4R5online,F3,eeg
45,0,4R5online,FC1,eeg
45,0,4R5online,FC3,eeg
45,0,4R5online,FC5,eeg
45,0,4R5online,CP1,eeg
45,0,4R5online,CP3,eeg
45,0,4R5online,CP5,eeg
45,0,4R5online,P3,eeg
45,0,5R6online,Fz,eeg
45,0,5R6online,FCz,eeg
45,0,5R6online,Cz,eeg
45,0,5R6online,CPz,eeg
45,0,5R6online,Pz,eeg
45,0,5R6online,C1,eeg
45,0,5R6online,C3,eeg
45,0,5R6online,C5,eeg
45,0,5R6online,C2,eeg
45,0,5R6online,C4,eeg
45,0,5R6online,C6,eeg
45,0,5R6online,EOG1,eog
45,0,5R6online,EOG2,eog
45,0,5R6online,EOG3,eog
45,0,5R6online,EMGg,emg
45,0,5R6online,EMGd,emg
45,0,5R6online,F4,eeg
45,0,5R6online,FC2,eeg
45,0,5R6online,FC4,eeg
45,0,5R6online,FC6,eeg
45,0,5R6online,CP2,eeg
45,0,5R6online,CP4,eeg
45,0,5R6online,CP6,eeg
45,0,5R6online,P4,eeg
45,0,5R6online,F3,eeg
45,0,5R6online,FC1,eeg
45,0,5R6online,FC3,eeg
45,0,5R6online,FC5,eeg
45,0,5R6online,CP1,eeg
45,0,5R6online,CP3,eeg
45,0,5R6online,CP5,eeg
45,0,5R6online,P3,eeg
46,0,0R1acquisition,Fz,eeg
46,0,0R1acquisition,FCz,eeg
46,0,0R1acquisition,Cz,eeg
46,0,0R1acquisition,CPz,eeg
46,0,0R1acquisition,Pz,eeg
46,0,0R1acquisition,C1,eeg
46,0,0R1acquisition,C3,eeg
46,0,0R1acquisition,C5,eeg
46,0,0R1acquisition,C2,eeg
46,0,0R1acquisition,C4,eeg
46,0,0R1acquisition,C6,eeg
46,0,0R1acquisition,EOG1,eog
46,0,0R1acquisition,EOG2,eog
46,0,0R1acquisition,EOG3,eog
46,0,0R1acquisition,EMGg,emg
46,0,0R1acquisition,EMGd,emg
46,0,0R1acquisition,F4,eeg
46,0,0R1acquisition,FC2,eeg
46,0,0R1acquisition,FC4,eeg
46,0,0R1acquisition,FC6,eeg
46,0,0R1acquisition,CP2,eeg
46,0,0R1acquisition,CP4,eeg
46,0,0R1acquisition,CP6,eeg
46,0,0R1acquisition,P4,eeg
46,0,0R1acquisition,F3,eeg
46,0,0R1acquisition,FC1,eeg
46,0,0R1acquisition,FC3,eeg
46,0,0R1acquisition,FC5,eeg
46,0,0R1acquisition,CP1,eeg
46,0,0R1acquisition,CP3,eeg
46,0,0R1acquisition,CP5,eeg
46,0,0R1acquisition,P3,eeg
46,0,1R2acquisition,Fz,eeg
46,0,1R2acquisition,FCz,eeg
46,0,1R2acquisition,Cz,eeg
46,0,1R2acquisition,CPz,eeg
46,0,1R2acquisition,Pz,eeg
46,0,1R2acquisition,C1,eeg
46,0,1R2acquisition,C3,eeg
46,0,1R2acquisition,C5,eeg
46,0,1R2acquisition,C2,eeg
46,0,1R2acquisition,C4,eeg
46,0,1R2acquisition,C6,eeg
46,0,1R2acquisition,EOG1,eog
46,0,1R2acquisition,EOG2,eog
46,0,1R2acquisition,EOG3,eog
46,0,1R2acquisition,EMGg,emg
46,0,1R2acquisition,EMGd,emg
46,0,1R2acquisition,F4,eeg
46,0,1R2acquisition,FC2,eeg
46,0,1R2acquisition,FC4,eeg
46,0,1R2acquisition,FC6,eeg
46,0,1R2acquisition,CP2,eeg
46,0,1R2acquisition,CP4,eeg
46,0,1R2acquisition,CP6,eeg
46,0,1R2acquisition,P4,eeg
46,0,1R2acquisition,F3,eeg
46,0,1R2acquisition,FC1,eeg
46,0,1R2acquisition,FC3,eeg
46,0,1R2acquisition,FC5,eeg
46,0,1R2acquisition,CP1,eeg
46,0,1R2acquisition,CP3,eeg
46,0,1R2acquisition,CP5,eeg
46,0,1R2acquisition,P3,eeg
46,0,2R3online,Fz,eeg
46,0,2R3online,FCz,eeg
46,0,2R3online,Cz,eeg
46,0,2R3online,CPz,eeg
46,0,2R3online,Pz,eeg
46,0,2R3online,C1,eeg
46,0,2R3online,C3,eeg
46,0,2R3online,C5,eeg
46,0,2R3online,C2,eeg
46,0,2R3online,C4,eeg
46,0,2R3online,C6,eeg
46,0,2R3online,EOG1,eog
46,0,2R3online,EOG2,eog
46,0,2R3online,EOG3,eog
46,0,2R3online,EMGg,emg
46,0,2R3online,EMGd,emg
46,0,2R3online,F4,eeg
46,0,2R3online,FC2,eeg
46,0,2R3online,FC4,eeg
46,0,2R3online,FC6,eeg
46,0,2R3online,CP2,eeg
46,0,2R3online,CP4,eeg
46,0,2R3online,CP6,eeg
46,0,2R3online,P4,eeg
46,0,2R3online,F3,eeg
46,0,2R3online,FC1,eeg
46,0,2R3online,FC3,eeg
46,0,2R3online,FC5,eeg
46,0,2R3online,CP1,eeg
46,0,2R3online,CP3,eeg
46,0,2R3online,CP5,eeg
46,0,2R3online,P3,eeg
46,0,3R4online,Fz,eeg
46,0,3R4online,FCz,eeg
46,0,3R4online,Cz,eeg
46,0,3R4online,CPz,eeg
46,0,3R4online,Pz,eeg
46,0,3R4online,C1,eeg
46,0,3R4online,C3,eeg
46,0,3R4online,C5,eeg
46,0,3R4online,C2,eeg
46,0,3R4online,C4,eeg
46,0,3R4online,C6,eeg
46,0,3R4online,EOG1,eog
46,0,3R4online,EOG2,eog
46,0,3R4online,EOG3,eog
46,0,3R4online,EMGg,emg
46,0,3R4online,EMGd,emg
46,0,3R4online,F4,eeg
46,0,3R4online,FC2,eeg
46,0,3R4online,FC4,eeg
46,0,3R4online,FC6,eeg
46,0,3R4online,CP2,eeg
46,0,3R4online,CP4,eeg
46,0,3R4online,CP6,eeg
46,0,3R4online,P4,eeg
46,0,3R4online,F3,eeg
46,0,3R4online,FC1,eeg
46,0,3R4online,FC3,eeg
46,0,3R4online,FC5,eeg
46,0,3R4online,CP1,eeg
46,0,3R4online,CP3,eeg
46,0,3R4online,CP5,eeg
46,0,3R4online,P3,eeg
46,0,4R5online,Fz,eeg
46,0,4R5online,FCz,eeg
46,0,4R5online,Cz,eeg
46,0,4R5online,CPz,eeg
46,0,4R5online,Pz,eeg
46,0,4R5online,C1,eeg
46,0,4R5online,C3,eeg
46,0,4R5online,C5,eeg
46,0,4R5online,C2,eeg
46,0,4R5online,C4,eeg
46,0,4R5online,C6,eeg
46,0,4R5online,EOG1,eog
46,0,4R5online,EOG2,eog
46,0,4R5online,EOG3,eog
46,0,4R5online,EMGg,emg
46,0,4R5online,EMGd,emg
46,0,4R5online,F4,eeg
46,0,4R5online,FC2,eeg
46,0,4R5online,FC4,eeg
46,0,4R5online,FC6,eeg
46,0,4R5online,CP2,eeg
46,0,4R5online,CP4,eeg
46,0,4R5online,CP6,eeg
46,0,4R5online,P4,eeg
46,0,4R5online,F3,eeg
46,0,4R5online,FC1,eeg
46,0,4R5online,FC3,eeg
46,0,4R5online,FC5,eeg
46,0,4R5online,CP1,eeg
46,0,4R5online,CP3,eeg
46,0,4R5online,CP5,eeg
46,0,4R5online,P3,eeg
46,0,5R6online,Fz,eeg
46,0,5R6online,FCz,eeg
46,0,5R6online,Cz,eeg
46,0,5R6online,CPz,eeg
46,0,5R6online,Pz,eeg
46,0,5R6online,C1,eeg
46,0,5R6online,C3,eeg
46,0,5R6online,C5,eeg
46,0,5R6online,C2,eeg
46,0,5R6online,C4,eeg
46,0,5R6online,C6,eeg
46,0,5R6online,EOG1,eog
46,0,5R6online,EOG2,eog
46,0,5R6online,EOG3,eog
46,0,5R6online,EMGg,emg
46,0,5R6online,EMGd,emg
46,0,5R6online,F4,eeg
46,0,5R6online,FC2,eeg
46,0,5R6online,FC4,eeg
46,0,5R6online,FC6,eeg
46,0,5R6online,CP2,eeg
46,0,5R6online,CP4,eeg
46,0,5R6online,CP6,eeg
46,0,5R6online,P4,eeg
46,0,5R6online,F3,eeg
46,0,5R6online,FC1,eeg
46,0,5R6online,FC3,eeg
46,0,5R6online,FC5,eeg
46,0,5R6online,CP1,eeg
46,0,5R6online,CP3,eeg
46,0,5R6online,CP5,eeg
46,0,5R6online,P3,eeg
47,0,0R1acquisition,Fz,eeg
47,0,0R1acquisition,FCz,eeg
47,0,0R1acquisition,Cz,eeg
47,0,0R1acquisition,CPz,eeg
47,0,0R1acquisition,Pz,eeg
47,0,0R1acquisition,C1,eeg
47,0,0R1acquisition,C3,eeg
47,0,0R1acquisition,C5,eeg
47,0,0R1acquisition,C2,eeg
47,0,0R1acquisition,C4,eeg
47,0,0R1acquisition,C6,eeg
47,0,0R1acquisition,EOG1,eog
47,0,0R1acquisition,EOG2,eog
47,0,0R1acquisition,EOG3,eog
47,0,0R1acquisition,EMGg,emg
47,0,0R1acquisition,EMGd,emg
47,0,0R1acquisition,F4,eeg
47,0,0R1acquisition,FC2,eeg
47,0,0R1acquisition,FC4,eeg
47,0,0R1acquisition,FC6,eeg
47,0,0R1acquisition,CP2,eeg
47,0,0R1acquisition,CP4,eeg
47,0,0R1acquisition,CP6,eeg
47,0,0R1acquisition,P4,eeg
47,0,0R1acquisition,F3,eeg
47,0,0R1acquisition,FC1,eeg
47,0,0R1acquisition,FC3,eeg
47,0,0R1acquisition,FC5,eeg
47,0,0R1acquisition,CP1,eeg
47,0,0R1acquisition,CP3,eeg
47,0,0R1acquisition,CP5,eeg
47,0,0R1acquisition,P3,eeg
47,0,1R2acquisition,Fz,eeg
47,0,1R2acquisition,FCz,eeg
47,0,1R2acquisition,Cz,eeg
47,0,1R2acquisition,CPz,eeg
47,0,1R2acquisition,Pz,eeg
47,0,1R2acquisition,C1,eeg
47,0,1R2acquisition,C3,eeg
47,0,1R2acquisition,C5,eeg
47,0,1R2acquisition,C2,eeg
47,0,1R2acquisition,C4,eeg
47,0,1R2acquisition,C6,eeg
47,0,1R2acquisition,EOG1,eog
47,0,1R2acquisition,EOG2,eog
47,0,1R2acquisition,EOG3,eog
47,0,1R2acquisition,EMGg,emg
47,0,1R2acquisition,EMGd,emg
47,0,1R2acquisition,F4,eeg
47,0,1R2acquisition,FC2,eeg
47,0,1R2acquisition,FC4,eeg
47,0,1R2acquisition,FC6,eeg
47,0,1R2acquisition,CP2,eeg
47,0,1R2acquisition,CP4,eeg
47,0,1R2acquisition,CP6,eeg
47,0,1R2acquisition,P4,eeg
47,0,1R2acquisition,F3,eeg
47,0,1R2acquisition,FC1,eeg
47,0,1R2acquisition,FC3,eeg
47,0,1R2acquisition,FC5,eeg
47,0,1R2acquisition,CP1,eeg
47,0,1R2acquisition,CP3,eeg
47,0,1R2acquisition,CP5,eeg
47,0,1R2acquisition,P3,eeg
47,0,2R3online,Fz,eeg
47,0,2R3online,FCz,eeg
47,0,2R3online,Cz,eeg
47,0,2R3online,CPz,eeg
47,0,2R3online,Pz,eeg
47,0,2R3online,C1,eeg
47,0,2R3online,C3,eeg
47,0,2R3online,C5,eeg
47,0,2R3online,C2,eeg
47,0,2R3online,C4,eeg
47,0,2R3online,C6,eeg
47,0,2R3online,EOG1,eog
47,0,2R3online,EOG2,eog
47,0,2R3online,EOG3,eog
47,0,2R3online,EMGg,emg
47,0,2R3online,EMGd,emg
47,0,2R3online,F4,eeg
47,0,2R3online,FC2,eeg
47,0,2R3online,FC4,eeg
47,0,2R3online,FC6,eeg
47,0,2R3online,CP2,eeg
47,0,2R3online,CP4,eeg
47,0,2R3online,CP6,eeg
47,0,2R3online,P4,eeg
47,0,2R3online,F3,eeg
47,0,2R3online,FC1,eeg
47,0,2R3online,FC3,eeg
47,0,2R3online,FC5,eeg
47,0,2R3online,CP1,eeg
47,0,2R3online,CP3,eeg
47,0,2R3online,CP5,eeg
47,0,2R3online,P3,eeg
47,0,3R4online,Fz,eeg
47,0,3R4online,FCz,eeg
47,0,3R4online,Cz,eeg
47,0,3R4online,CPz,eeg
47,0,3R4online,Pz,eeg
47,0,3R4online,C1,eeg
47,0,3R4online,C3,eeg
47,0,3R4online,C5,eeg
47,0,3R4online,C2,eeg
47,0,3R4online,C4,eeg
47,0,3R4online,C6,eeg
47,0,3R4online,EOG1,eog
47,0,3R4online,EOG2,eog
47,0,3R4online,EOG3,eog
47,0,3R4online,EMGg,emg
47,0,3R4online,EMGd,emg
47,0,3R4online,F4,eeg
47,0,3R4online,FC2,eeg
47,0,3R4online,FC4,eeg
47,0,3R4online,FC6,eeg
47,0,3R4online,CP2,eeg
47,0,3R4online,CP4,eeg
47,0,3R4online,CP6,eeg
47,0,3R4online,P4,eeg
47,0,3R4online,F3,eeg
47,0,3R4online,FC1,eeg
47,0,3R4online,FC3,eeg
47,0,3R4online,FC5,eeg
47,0,3R4online,CP1,eeg
47,0,3R4online,CP3,eeg
47,0,3R4online,CP5,eeg
47,0,3R4online,P3,eeg
47,0,4R5online,Fz,eeg
47,0,4R5online,FCz,eeg
47,0,4R5online,Cz,eeg
47,0,4R5online,CPz,eeg
47,0,4R5online,Pz,eeg
47,0,4R5online,C1,eeg
47,0,4R5online,C3,eeg
47,0,4R5online,C5,eeg
47,0,4R5online,C2,eeg
47,0,4R5online,C4,eeg
47,0,4R5online,C6,eeg
47,0,4R5online,EOG1,eog
47,0,4R5online,EOG2,eog
47,0,4R5online,EOG3,eog
47,0,4R5online,EMGg,emg
47,0,4R5online,EMGd,emg
47,0,4R5online,F4,eeg
47,0,4R5online,FC2,eeg
47,0,4R5online,FC4,eeg
47,0,4R5online,FC6,eeg
47,0,4R5online,CP2,eeg
47,0,4R5online,CP4,eeg
47,0,4R5online,CP6,eeg
47,0,4R5online,P4,eeg
47,0,4R5online,F3,eeg
47,0,4R5online,FC1,eeg
47,0,4R5online,FC3,eeg
47,0,4R5online,FC5,eeg
47,0,4R5online,CP1,eeg
47,0,4R5online,CP3,eeg
47,0,4R5online,CP5,eeg
47,0,4R5online,P3,eeg
47,0,5R6online,Fz,eeg
47,0,5R6online,FCz,eeg
47,0,5R6online,Cz,eeg
47,0,5R6online,CPz,eeg
47,0,5R6online,Pz,eeg
47,0,5R6online,C1,eeg
47,0,5R6online,C3,eeg
47,0,5R6online,C5,eeg
47,0,5R6online,C2,eeg
47,0,5R6online,C4,eeg
47,0,5R6online,C6,eeg
47,0,5R6online,EOG1,eog
47,0,5R6online,EOG2,eog
47,0,5R6online,EOG3,eog
47,0,5R6online,EMGg,emg
47,0,5R6online,EMGd,emg
47,0,5R6online,F4,eeg
47,0,5R6online,FC2,eeg
47,0,5R6online,FC4,eeg
47,0,5R6online,FC6,eeg
47,0,5R6online,CP2,eeg
47,0,5R6online,CP4,eeg
47,0,5R6online,CP6,eeg
47,0,5R6online,P4,eeg
47,0,5R6online,F3,eeg
47,0,5R6online,FC1,eeg
47,0,5R6online,FC3,eeg
47,0,5R6online,FC5,eeg
47,0,5R6online,CP1,eeg
47,0,5R6online,CP3,eeg
47,0,5R6online,CP5,eeg
47,0,5R6online,P3,eeg
48,0,0R1acquisition,Fz,eeg
48,0,0R1acquisition,FCz,eeg
48,0,0R1acquisition,Cz,eeg
48,0,0R1acquisition,CPz,eeg
48,0,0R1acquisition,Pz,eeg
48,0,0R1acquisition,C1,eeg
48,0,0R1acquisition,C3,eeg
48,0,0R1acquisition,C5,eeg
48,0,0R1acquisition,C2,eeg
48,0,0R1acquisition,C4,eeg
48,0,0R1acquisition,C6,eeg
48,0,0R1acquisition,EOG1,eog
48,0,0R1acquisition,EOG2,eog
48,0,0R1acquisition,EOG3,eog
48,0,0R1acquisition,EMGg,emg
48,0,0R1acquisition,EMGd,emg
48,0,0R1acquisition,F4,eeg
48,0,0R1acquisition,FC2,eeg
48,0,0R1acquisition,FC4,eeg
48,0,0R1acquisition,FC6,eeg
48,0,0R1acquisition,CP2,eeg
48,0,0R1acquisition,CP4,eeg
48,0,0R1acquisition,CP6,eeg
48,0,0R1acquisition,P4,eeg
48,0,0R1acquisition,F3,eeg
48,0,0R1acquisition,FC1,eeg
48,0,0R1acquisition,FC3,eeg
48,0,0R1acquisition,FC5,eeg
48,0,0R1acquisition,CP1,eeg
48,0,0R1acquisition,CP3,eeg
48,0,0R1acquisition,CP5,eeg
48,0,0R1acquisition,P3,eeg
48,0,1R2acquisition,Fz,eeg
48,0,1R2acquisition,FCz,eeg
48,0,1R2acquisition,Cz,eeg
48,0,1R2acquisition,CPz,eeg
48,0,1R2acquisition,Pz,eeg
48,0,1R2acquisition,C1,eeg
48,0,1R2acquisition,C3,eeg
48,0,1R2acquisition,C5,eeg
48,0,1R2acquisition,C2,eeg
48,0,1R2acquisition,C4,eeg
48,0,1R2acquisition,C6,eeg
48,0,1R2acquisition,EOG1,eog
48,0,1R2acquisition,EOG2,eog
48,0,1R2acquisition,EOG3,eog
48,0,1R2acquisition,EMGg,emg
48,0,1R2acquisition,EMGd,emg
48,0,1R2acquisition,F4,eeg
48,0,1R2acquisition,FC2,eeg
48,0,1R2acquisition,FC4,eeg
48,0,1R2acquisition,FC6,eeg
48,0,1R2acquisition,CP2,eeg
48,0,1R2acquisition,CP4,eeg
48,0,1R2acquisition,CP6,eeg
48,0,1R2acquisition,P4,eeg
48,0,1R2acquisition,F3,eeg
48,0,1R2acquisition,FC1,eeg
48,0,1R2acquisition,FC3,eeg
48,0,1R2acquisition,FC5,eeg
48,0,1R2acquisition,CP1,eeg
48,0,1R2acquisition,CP3,eeg
48,0,1R2acquisition,CP5,eeg
48,0,1R2acquisition,P3,eeg
48,0,2R3online,Fz,eeg
48,0,2R3online,FCz,eeg
48,0,2R3online,Cz,eeg
48,0,2R3online,CPz,eeg
48,0,2R3online,Pz,eeg
48,0,2R3online,C1,eeg
48,0,2R3online,C3,eeg
48,0,2R3online,C5,eeg
48,0,2R3online,C2,eeg
48,0,2R3online,C4,eeg
48,0,2R3online,C6,eeg
48,0,2R3online,EOG1,eog
48,0,2R3online,EOG2,eog
48,0,2R3online,EOG3,eog
48,0,2R3online,EMGg,emg
48,0,2R3online,EMGd,emg
48,0,2R3online,F4,eeg
48,0,2R3online,FC2,eeg
48,0,2R3online,FC4,eeg
48,0,2R3online,FC6,eeg
48,0,2R3online,CP2,eeg
48,0,2R3online,CP4,eeg
48,0,2R3online,CP6,eeg
48,0,2R3online,P4,eeg
48,0,2R3online,F3,eeg
48,0,2R3online,FC1,eeg
48,0,2R3online,FC3,eeg
48,0,2R3online,FC5,eeg
48,0,2R3online,CP1,eeg
48,0,2R3online,CP3,eeg
48,0,2R3online,CP5,eeg
48,0,2R3online,P3,eeg
48,0,3R4online,Fz,eeg
48,0,3R4online,FCz,eeg
48,0,3R4online,Cz,eeg
48,0,3R4online,CPz,eeg
48,0,3R4online,Pz,eeg
48,0,3R4online,C1,eeg
48,0,3R4online,C3,eeg
48,0,3R4online,C5,eeg
48,0,3R4online,C2,eeg
48,0,3R4online,C4,eeg
48,0,3R4online,C6,eeg
48,0,3R4online,EOG1,eog
48,0,3R4online,EOG2,eog
48,0,3R4online,EOG3,eog
48,0,3R4online,EMGg,emg
48,0,3R4online,EMGd,emg
48,0,3R4online,F4,eeg
48,0,3R4online,FC2,eeg
48,0,3R4online,FC4,eeg
48,0,3R4online,FC6,eeg
48,0,3R4online,CP2,eeg
48,0,3R4online,CP4,eeg
48,0,3R4online,CP6,eeg
48,0,3R4online,P4,eeg
48,0,3R4online,F3,eeg
48,0,3R4online,FC1,eeg
48,0,3R4online,FC3,eeg
48,0,3R4online,FC5,eeg
48,0,3R4online,CP1,eeg
48,0,3R4online,CP3,eeg
48,0,3R4online,CP5,eeg
48,0,3R4online,P3,eeg
48,0,4R5online,Fz,eeg
48,0,4R5online,FCz,eeg
48,0,4R5online,Cz,eeg
48,0,4R5online,CPz,eeg
48,0,4R5online,Pz,eeg
48,0,4R5online,C1,eeg
48,0,4R5online,C3,eeg
48,0,4R5online,C5,eeg
48,0,4R5online,C2,eeg
48,0,4R5online,C4,eeg
48,0,4R5online,C6,eeg
48,0,4R5online,EOG1,eog
48,0,4R5online,EOG2,eog
48,0,4R5online,EOG3,eog
48,0,4R5online,EMGg,emg
48,0,4R5online,EMGd,emg
48,0,4R5online,F4,eeg
48,0,4R5online,FC2,eeg
48,0,4R5online,FC4,eeg
48,0,4R5online,FC6,eeg
48,0,4R5online,CP2,eeg
48,0,4R5online,CP4,eeg
48,0,4R5online,CP6,eeg
48,0,4R5online,P4,eeg
48,0,4R5online,F3,eeg
48,0,4R5online,FC1,eeg
48,0,4R5online,FC3,eeg
48,0,4R5online,FC5,eeg
48,0,4R5online,CP1,eeg
48,0,4R5online,CP3,eeg
48,0,4R5online,CP5,eeg
48,0,4R5online,P3,eeg
48,0,5R6online,Fz,eeg
48,0,5R6online,FCz,eeg
48,0,5R6online,Cz,eeg
48,0,5R6online,CPz,eeg
48,0,5R6online,Pz,eeg
48,0,5R6online,C1,eeg
48,0,5R6online,C3,eeg
48,0,5R6online,C5,eeg
48,0,5R6online,C2,eeg
48,0,5R6online,C4,eeg
48,0,5R6online,C6,eeg
48,0,5R6online,EOG1,eog
48,0,5R6online,EOG2,eog
48,0,5R6online,EOG3,eog
48,0,5R6online,EMGg,emg
48,0,5R6online,EMGd,emg
48,0,5R6online,F4,eeg
48,0,5R6online,FC2,eeg
48,0,5R6online,FC4,eeg
48,0,5R6online,FC6,eeg
48,0,5R6online,CP2,eeg
48,0,5R6online,CP4,eeg
48,0,5R6online,CP6,eeg
48,0,5R6online,P4,eeg
48,0,5R6online,F3,eeg
48,0,5R6online,FC1,eeg
48,0,5R6online,FC3,eeg
48,0,5R6online,FC5,eeg
48,0,5R6online,CP1,eeg
48,0,5R6online,CP3,eeg
48,0,5R6online,CP5,eeg
48,0,5R6online,P3,eeg
49,0,0R1acquisition,Fz,eeg
49,0,0R1acquisition,FCz,eeg
49,0,0R1acquisition,Cz,eeg
49,0,0R1acquisition,CPz,eeg
49,0,0R1acquisition,Pz,eeg
49,0,0R1acquisition,C1,eeg
49,0,0R1acquisition,C3,eeg
49,0,0R1acquisition,C5,eeg
49,0,0R1acquisition,C2,eeg
49,0,0R1acquisition,C4,eeg
49,0,0R1acquisition,C6,eeg
49,0,0R1acquisition,EOG1,eog
49,0,0R1acquisition,EOG2,eog
49,0,0R1acquisition,EOG3,eog
49,0,0R1acquisition,EMGg,emg
49,0,0R1acquisition,EMGd,emg
49,0,0R1acquisition,F4,eeg
49,0,0R1acquisition,FC2,eeg
49,0,0R1acquisition,FC4,eeg
49,0,0R1acquisition,FC6,eeg
49,0,0R1acquisition,CP2,eeg
49,0,0R1acquisition,CP4,eeg
49,0,0R1acquisition,CP6,eeg
49,0,0R1acquisition,P4,eeg
49,0,0R1acquisition,F3,eeg
49,0,0R1acquisition,FC1,eeg
49,0,0R1acquisition,FC3,eeg
49,0,0R1acquisition,FC5,eeg
49,0,0R1acquisition,CP1,eeg
49,0,0R1acquisition,CP3,eeg
49,0,0R1acquisition,CP5,eeg
49,0,0R1acquisition,P3,eeg
49,0,1R2acquisition,Fz,eeg
49,0,1R2acquisition,FCz,eeg
49,0,1R2acquisition,Cz,eeg
49,0,1R2acquisition,CPz,eeg
49,0,1R2acquisition,Pz,eeg
49,0,1R2acquisition,C1,eeg
49,0,1R2acquisition,C3,eeg
49,0,1R2acquisition,C5,eeg
49,0,1R2acquisition,C2,eeg
49,0,1R2acquisition,C4,eeg
49,0,1R2acquisition,C6,eeg
49,0,1R2acquisition,EOG1,eog
49,0,1R2acquisition,EOG2,eog
49,0,1R2acquisition,EOG3,eog
49,0,1R2acquisition,EMGg,emg
49,0,1R2acquisition,EMGd,emg
49,0,1R2acquisition,F4,eeg
49,0,1R2acquisition,FC2,eeg
49,0,1R2acquisition,FC4,eeg
49,0,1R2acquisition,FC6,eeg
49,0,1R2acquisition,CP2,eeg
49,0,1R2acquisition,CP4,eeg
49,0,1R2acquisition,CP6,eeg
49,0,1R2acquisition,P4,eeg
49,0,1R2acquisition,F3,eeg
49,0,1R2acquisition,FC1,eeg
49,0,1R2acquisition,FC3,eeg
49,0,1R2acquisition,FC5,eeg
49,0,1R2acquisition,CP1,eeg
49,0,1R2acquisition,CP3,eeg
49,0,1R2acquisition,CP5,eeg
49,0,1R2acquisition,P3,eeg
49,0,2R3online,Fz,eeg
49,0,2R3online,FCz,eeg
49,0,2R3online,Cz,eeg
49,0,2R3online,CPz,eeg
49,0,2R3online,Pz,eeg
49,0,2R3online,C1,eeg
49,0,2R3online,C3,eeg
49,0,2R3online,C5,eeg
49,0,2R3online,C2,eeg
49,0,2R3online,C4,eeg
49,0,2R3online,C6,eeg
49,0,2R3online,EOG1,eog
49,0,2R3online,EOG2,eog
49,0,2R3online,EOG3,eog
49,0,2R3online,EMGg,emg
49,0,2R3online,EMGd,emg
49,0,2R3online,F4,eeg
49,0,2R3online,FC2,eeg
49,0,2R3online,FC4,eeg
49,0,2R3online,FC6,eeg
49,0,2R3online,CP2,eeg
49,0,2R3online,CP4,eeg
49,0,2R3online,CP6,eeg
49,0,2R3online,P4,eeg
49,0,2R3online,F3,eeg
49,0,2R3online,FC1,eeg
49,0,2R3online,FC3,eeg
49,0,2R3online,FC5,eeg
49,0,2R3online,CP1,eeg
49,0,2R3online,CP3,eeg
49,0,2R3online,CP5,eeg
49,0,2R3online,P3,eeg
49,0,3R4online,Fz,eeg
49,0,3R4online,FCz,eeg
49,0,3R4online,Cz,eeg
49,0,3R4online,CPz,eeg
49,0,3R4online,Pz,eeg
49,0,3R4online,C1,eeg
49,0,3R4online,C3,eeg
49,0,3R4online,C5,eeg
49,0,3R4online,C2,eeg
49,0,3R4online,C4,eeg
49,0,3R4online,C6,eeg
49,0,3R4online,EOG1,eog
49,0,3R4online,EOG2,eog
49,0,3R4online,EOG3,eog
49,0,3R4online,EMGg,emg
49,0,3R4online,EMGd,emg
49,0,3R4online,F4,eeg
49,0,3R4online,FC2,eeg
49,0,3R4online,FC4,eeg
49,0,3R4online,FC6,eeg
49,0,3R4online,CP2,eeg
49,0,3R4online,CP4,eeg
49,0,3R4online,CP6,eeg
49,0,3R4online,P4,eeg
49,0,3R4online,F3,eeg
49,0,3R4online,FC1,eeg
49,0,3R4online,FC3,eeg
49,0,3R4online,FC5,eeg
49,0,3R4online,CP1,eeg
49,0,3R4online,CP3,eeg
49,0,3R4online,CP5,eeg
49,0,3R4online,P3,eeg
49,0,4R5online,Fz,eeg
49,0,4R5online,FCz,eeg
49,0,4R5online,Cz,eeg
49,0,4R5online,CPz,eeg
49,0,4R5online,Pz,eeg
49,0,4R5online,C1,eeg
49,0,4R5online,C3,eeg
49,0,4R5online,C5,eeg
49,0,4R5online,C2,eeg
49,0,4R5online,C4,eeg
49,0,4R5online,C6,eeg
49,0,4R5online,EOG1,eog
49,0,4R5online,EOG2,eog
49,0,4R5online,EOG3,eog
49,0,4R5online,EMGg,emg
49,0,4R5online,EMGd,emg
49,0,4R5online,F4,eeg
49,0,4R5online,FC2,eeg
49,0,4R5online,FC4,eeg
49,0,4R5online,FC6,eeg
49,0,4R5online,CP2,eeg
49,0,4R5online,CP4,eeg
49,0,4R5online,CP6,eeg
49,0,4R5online,P4,eeg
49,0,4R5online,F3,eeg
49,0,4R5online,FC1,eeg
49,0,4R5online,FC3,eeg
49,0,4R5online,FC5,eeg
49,0,4R5online,CP1,eeg
49,0,4R5online,CP3,eeg
49,0,4R5online,CP5,eeg
49,0,4R5online,P3,eeg
49,0,5R6online,Fz,eeg
49,0,5R6online,FCz,eeg
49,0,5R6online,Cz,eeg
49,0,5R6online,CPz,eeg
49,0,5R6online,Pz,eeg
49,0,5R6online,C1,eeg
49,0,5R6online,C3,eeg
49,0,5R6online,C5,eeg
49,0,5R6online,C2,eeg
49,0,5R6online,C4,eeg
49,0,5R6online,C6,eeg
49,0,5R6online,EOG1,eog
49,0,5R6online,EOG2,eog
49,0,5R6online,EOG3,eog
49,0,5R6online,EMGg,emg
49,0,5R6online,EMGd,emg
49,0,5R6online,F4,eeg
49,0,5R6online,FC2,eeg
49,0,5R6online,FC4,eeg
49,0,5R6online,FC6,eeg
49,0,5R6online,CP2,eeg
49,0,5R6online,CP4,eeg
49,0,5R6online,CP6,eeg
49,0,5R6online,P4,eeg
49,0,5R6online,F3,eeg
49,0,5R6online,FC1,eeg
49,0,5R6online,FC3,eeg
49,0,5R6online,FC5,eeg
49,0,5R6online,CP1,eeg
49,0,5R6online,CP3,eeg
49,0,5R6online,CP5,eeg
49,0,5R6online,P3,eeg
50,0,0R1acquisition,Fz,eeg
50,0,0R1acquisition,FCz,eeg
50,0,0R1acquisition,Cz,eeg
50,0,0R1acquisition,CPz,eeg
50,0,0R1acquisition,Pz,eeg
50,0,0R1acquisition,C1,eeg
50,0,0R1acquisition,C3,eeg
50,0,0R1acquisition,C5,eeg
50,0,0R1acquisition,C2,eeg
50,0,0R1acquisition,C4,eeg
50,0,0R1acquisition,C6,eeg
50,0,0R1acquisition,EOG1,eog
50,0,0R1acquisition,EOG2,eog
50,0,0R1acquisition,EOG3,eog
50,0,0R1acquisition,EMGg,emg
50,0,0R1acquisition,EMGd,emg
50,0,0R1acquisition,F4,eeg
50,0,0R1acquisition,FC2,eeg
50,0,0R1acquisition,FC4,eeg
50,0,0R1acquisition,FC6,eeg
50,0,0R1acquisition,CP2,eeg
50,0,0R1acquisition,CP4,eeg
50,0,0R1acquisition,CP6,eeg
50,0,0R1acquisition,P4,eeg
50,0,0R1acquisition,F3,eeg
50,0,0R1acquisition,FC1,eeg
50,0,0R1acquisition,FC3,eeg
50,0,0R1acquisition,FC5,eeg
50,0,0R1acquisition,CP1,eeg
50,0,0R1acquisition,CP3,eeg
50,0,0R1acquisition,CP5,eeg
50,0,0R1acquisition,P3,eeg
50,0,1R2acquisition,Fz,eeg
50,0,1R2acquisition,FCz,eeg
50,0,1R2acquisition,Cz,eeg
50,0,1R2acquisition,CPz,eeg
50,0,1R2acquisition,Pz,eeg
50,0,1R2acquisition,C1,eeg
50,0,1R2acquisition,C3,eeg
50,0,1R2acquisition,C5,eeg
50,0,1R2acquisition,C2,eeg
50,0,1R2acquisition,C4,eeg
50,0,1R2acquisition,C6,eeg
50,0,1R2acquisition,EOG1,eog
50,0,1R2acquisition,EOG2,eog
50,0,1R2acquisition,EOG3,eog
50,0,1R2acquisition,EMGg,emg
50,0,1R2acquisition,EMGd,emg
50,0,1R2acquisition,F4,eeg
50,0,1R2acquisition,FC2,eeg
50,0,1R2acquisition,FC4,eeg
50,0,1R2acquisition,FC6,eeg
50,0,1R2acquisition,CP2,eeg
50,0,1R2acquisition,CP4,eeg
50,0,1R2acquisition,CP6,eeg
50,0,1R2acquisition,P4,eeg
50,0,1R2acquisition,F3,eeg
50,0,1R2acquisition,FC1,eeg
50,0,1R2acquisition,FC3,eeg
50,0,1R2acquisition,FC5,eeg
50,0,1R2acquisition,CP1,eeg
50,0,1R2acquisition,CP3,eeg
50,0,1R2acquisition,CP5,eeg
50,0,1R2acquisition,P3,eeg
50,0,2R3online,Fz,eeg
50,0,2R3online,FCz,eeg
50,0,2R3online,Cz,eeg
50,0,2R3online,CPz,eeg
50,0,2R3online,Pz,eeg
50,0,2R3online,C1,eeg
50,0,2R3online,C3,eeg
50,0,2R3online,C5,eeg
50,0,2R3online,C2,eeg
50,0,2R3online,C4,eeg
50,0,2R3online,C6,eeg
50,0,2R3online,EOG1,eog
50,0,2R3online,EOG2,eog
50,0,2R3online,EOG3,eog
50,0,2R3online,EMGg,emg
50,0,2R3online,EMGd,emg
50,0,2R3online,F4,eeg
50,0,2R3online,FC2,eeg
50,0,2R3online,FC4,eeg
50,0,2R3online,FC6,eeg
50,0,2R3online,CP2,eeg
50,0,2R3online,CP4,eeg
50,0,2R3online,CP6,eeg
50,0,2R3online,P4,eeg
50,0,2R3online,F3,eeg
50,0,2R3online,FC1,eeg
50,0,2R3online,FC3,eeg
50,0,2R3online,FC5,eeg
50,0,2R3online,CP1,eeg
50,0,2R3online,CP3,eeg
50,0,2R3online,CP5,eeg
50,0,2R3online,P3,eeg
50,0,3R4online,Fz,eeg
50,0,3R4online,FCz,eeg
50,0,3R4online,Cz,eeg
50,0,3R4online,CPz,eeg
50,0,3R4online,Pz,eeg
50,0,3R4online,C1,eeg
50,0,3R4online,C3,eeg
50,0,3R4online,C5,eeg
50,0,3R4online,C2,eeg
50,0,3R4online,C4,eeg
50,0,3R4online,C6,eeg
50,0,3R4online,EOG1,eog
50,0,3R4online,EOG2,eog
50,0,3R4online,EOG3,eog
50,0,3R4online,EMGg,emg
50,0,3R4online,EMGd,emg
50,0,3R4online,F4,eeg
50,0,3R4online,FC2,eeg
50,0,3R4online,FC4,eeg
50,0,3R4online,FC6,eeg
50,0,3R4online,CP2,eeg
50,0,3R4online,CP4,eeg
50,0,3R4online,CP6,eeg
50,0,3R4online,P4,eeg
50,0,3R4online,F3,eeg
50,0,3R4online,FC1,eeg
50,0,3R4online,FC3,eeg
50,0,3R4online,FC5,eeg
50,0,3R4online,CP1,eeg
50,0,3R4online,CP3,eeg
50,0,3R4online,CP5,eeg
50,0,3R4online,P3,eeg
50,0,4R5online,Fz,eeg
50,0,4R5online,FCz,eeg
50,0,4R5online,Cz,eeg
50,0,4R5online,CPz,eeg
50,0,4R5online,Pz,eeg
50,0,4R5online,C1,eeg
50,0,4R5online,C3,eeg
50,0,4R5online,C5,eeg
50,0,4R5online,C2,eeg
50,0,4R5online,C4,eeg
50,0,4R5online,C6,eeg
50,0,4R5online,EOG1,eog
50,0,4R5online,EOG2,eog
50,0,4R5online,EOG3,eog
50,0,4R5online,EMGg,emg
50,0,4R5online,EMGd,emg
50,0,4R5online,F4,eeg
50,0,4R5online,FC2,eeg
50,0,4R5online,FC4,eeg
50,0,4R5online,FC6,eeg
50,0,4R5online,CP2,eeg
50,0,4R5online,CP4,eeg
50,0,4R5online,CP6,eeg
50,0,4R5online,P4,eeg
50,0,4R5online,F3,eeg
50,0,4R5online,FC1,eeg
50,0,4R5online,FC3,eeg
50,0,4R5online,FC5,eeg
50,0,4R5online,CP1,eeg
50,0,4R5online,CP3,eeg
50,0,4R5online,CP5,eeg
50,0,4R5online,P3,eeg
50,0,5R6online,Fz,eeg
50,0,5R6online,FCz,eeg
50,0,5R6online,Cz,eeg
50,0,5R6online,CPz,eeg
50,0,5R6online,Pz,eeg
50,0,5R6online,C1,eeg
50,0,5R6online,C3,eeg
50,0,5R6online,C5,eeg
50,0,5R6online,C2,eeg
50,0,5R6online,C4,eeg
50,0,5R6online,C6,eeg
50,0,5R6online,EOG1,eog
50,0,5R6online,EOG2,eog
50,0,5R6online,EOG3,eog
50,0,5R6online,EMGg,emg
50,0,5R6online,EMGd,emg
50,0,5R6online,F4,eeg
50,0,5R6online,FC2,eeg
50,0,5R6online,FC4,eeg
50,0,5R6online,FC6,eeg
50,0,5R6online,CP2,eeg
50,0,5R6online,CP4,eeg
50,0,5R6online,CP6,eeg
50,0,5R6online,P4,eeg
50,0,5R6online,F3,eeg
50,0,5R6online,FC1,eeg
50,0,5R6online,FC3,eeg
50,0,5R6online,FC5,eeg
50,0,5R6online,CP1,eeg
50,0,5R6online,CP3,eeg
50,0,5R6online,CP5,eeg
50,0,5R6online,P3,eeg
51,0,0R1acquisition,Fz,eeg
51,0,0R1acquisition,FCz,eeg
51,0,0R1acquisition,Cz,eeg
51,0,0R1acquisition,CPz,eeg
51,0,0R1acquisition,Pz,eeg
51,0,0R1acquisition,C1,eeg
51,0,0R1acquisition,C3,eeg
51,0,0R1acquisition,C5,eeg
51,0,0R1acquisition,C2,eeg
51,0,0R1acquisition,C4,eeg
51,0,0R1acquisition,C6,eeg
51,0,0R1acquisition,EOG1,eog
51,0,0R1acquisition,EOG2,eog
51,0,0R1acquisition,EOG3,eog
51,0,0R1acquisition,EMGg,emg
51,0,0R1acquisition,EMGd,emg
51,0,0R1acquisition,F4,eeg
51,0,0R1acquisition,FC2,eeg
51,0,0R1acquisition,FC4,eeg
51,0,0R1acquisition,FC6,eeg
51,0,0R1acquisition,CP2,eeg
51,0,0R1acquisition,CP4,eeg
51,0,0R1acquisition,CP6,eeg
51,0,0R1acquisition,P4,eeg
51,0,0R1acquisition,F3,eeg
51,0,0R1acquisition,FC1,eeg
51,0,0R1acquisition,FC3,eeg
51,0,0R1acquisition,FC5,eeg
51,0,0R1acquisition,CP1,eeg
51,0,0R1acquisition,CP3,eeg
51,0,0R1acquisition,CP5,eeg
51,0,0R1acquisition,P3,eeg
51,0,1R2acquisition,Fz,eeg
51,0,1R2acquisition,FCz,eeg
51,0,1R2acquisition,Cz,eeg
51,0,1R2acquisition,CPz,eeg
51,0,1R2acquisition,Pz,eeg
51,0,1R2acquisition,C1,eeg
51,0,1R2acquisition,C3,eeg
51,0,1R2acquisition,C5,eeg
51,0,1R2acquisition,C2,eeg
51,0,1R2acquisition,C4,eeg
51,0,1R2acquisition,C6,eeg
51,0,1R2acquisition,EOG1,eog
51,0,1R2acquisition,EOG2,eog
51,0,1R2acquisition,EOG3,eog
51,0,1R2acquisition,EMGg,emg
51,0,1R2acquisition,EMGd,emg
51,0,1R2acquisition,F4,eeg
51,0,1R2acquisition,FC2,eeg
51,0,1R2acquisition,FC4,eeg
51,0,1R2acquisition,FC6,eeg
51,0,1R2acquisition,CP2,eeg
51,0,1R2acquisition,CP4,eeg
51,0,1R2acquisition,CP6,eeg
51,0,1R2acquisition,P4,eeg
51,0,1R2acquisition,F3,eeg
51,0,1R2acquisition,FC1,eeg
51,0,1R2acquisition,FC3,eeg
51,0,1R2acquisition,FC5,eeg
51,0,1R2acquisition,CP1,eeg
51,0,1R2acquisition,CP3,eeg
51,0,1R2acquisition,CP5,eeg
51,0,1R2acquisition,P3,eeg
51,0,2R3online,Fz,eeg
51,0,2R3online,FCz,eeg
51,0,2R3online,Cz,eeg
51,0,2R3online,CPz,eeg
51,0,2R3online,Pz,eeg
51,0,2R3online,C1,eeg
51,0,2R3online,C3,eeg
51,0,2R3online,C5,eeg
51,0,2R3online,C2,eeg
51,0,2R3online,C4,eeg
51,0,2R3online,C6,eeg
51,0,2R3online,EOG1,eog
51,0,2R3online,EOG2,eog
51,0,2R3online,EOG3,eog
51,0,2R3online,EMGg,emg
51,0,2R3online,EMGd,emg
51,0,2R3online,F4,eeg
51,0,2R3online,FC2,eeg
51,0,2R3online,FC4,eeg
51,0,2R3online,FC6,eeg
51,0,2R3online,CP2,eeg
51,0,2R3online,CP4,eeg
51,0,2R3online,CP6,eeg
51,0,2R3online,P4,eeg
51,0,2R3online,F3,eeg
51,0,2R3online,FC1,eeg
51,0,2R3online,FC3,eeg
51,0,2R3online,FC5,eeg
51,0,2R3online,CP1,eeg
51,0,2R3online,CP3,eeg
51,0,2R3online,CP5,eeg
51,0,2R3online,P3,eeg
51,0,3R4online,Fz,eeg
51,0,3R4online,FCz,eeg
51,0,3R4online,Cz,eeg
51,0,3R4online,CPz,eeg
51,0,3R4online,Pz,eeg
51,0,3R4online,C1,eeg
51,0,3R4online,C3,eeg
51,0,3R4online,C5,eeg
51,0,3R4online,C2,eeg
51,0,3R4online,C4,eeg
51,0,3R4online,C6,eeg
51,0,3R4online,EOG1,eog
51,0,3R4online,EOG2,eog
51,0,3R4online,EOG3,eog
51,0,3R4online,EMGg,emg
51,0,3R4online,EMGd,emg
51,0,3R4online,F4,eeg
51,0,3R4online,FC2,eeg
51,0,3R4online,FC4,eeg
51,0,3R4online,FC6,eeg
51,0,3R4online,CP2,eeg
51,0,3R4online,CP4,eeg
51,0,3R4online,CP6,eeg
51,0,3R4online,P4,eeg
51,0,3R4online,F3,eeg
51,0,3R4online,FC1,eeg
51,0,3R4online,FC3,eeg
51,0,3R4online,FC5,eeg
51,0,3R4online,CP1,eeg
51,0,3R4online,CP3,eeg
51,0,3R4online,CP5,eeg
51,0,3R4online,P3,eeg
51,0,4R5online,Fz,eeg
51,0,4R5online,FCz,eeg
51,0,4R5online,Cz,eeg
51,0,4R5online,CPz,eeg
51,0,4R5online,Pz,eeg
51,0,4R5online,C1,eeg
51,0,4R5online,C3,eeg
51,0,4R5online,C5,eeg
51,0,4R5online,C2,eeg
51,0,4R5online,C4,eeg
51,0,4R5online,C6,eeg
51,0,4R5online,EOG1,eog
51,0,4R5online,EOG2,eog
51,0,4R5online,EOG3,eog
51,0,4R5online,EMGg,emg
51,0,4R5online,EMGd,emg
51,0,4R5online,F4,eeg
51,0,4R5online,FC2,eeg
51,0,4R5online,FC4,eeg
51,0,4R5online,FC6,eeg
51,0,4R5online,CP2,eeg
51,0,4R5online,CP4,eeg
51,0,4R5online,CP6,eeg
51,0,4R5online,P4,eeg
51,0,4R5online,F3,eeg
51,0,4R5online,FC1,eeg
51,0,4R5online,FC3,eeg
51,0,4R5online,FC5,eeg
51,0,4R5online,CP1,eeg
51,0,4R5online,CP3,eeg
51,0,4R5online,CP5,eeg
51,0,4R5online,P3,eeg
51,0,5R6online,Fz,eeg
51,0,5R6online,FCz,eeg
51,0,5R6online,Cz,eeg
51,0,5R6online,CPz,eeg
51,0,5R6online,Pz,eeg
51,0,5R6online,C1,eeg
51,0,5R6online,C3,eeg
51,0,5R6online,C5,eeg
51,0,5R6online,C2,eeg
51,0,5R6online,C4,eeg
51,0,5R6online,C6,eeg
51,0,5R6online,EOG1,eog
51,0,5R6online,EOG2,eog
51,0,5R6online,EOG3,eog
51,0,5R6online,EMGg,emg
51,0,5R6online,EMGd,emg
51,0,5R6online,F4,eeg
51,0,5R6online,FC2,eeg
51,0,5R6online,FC4,eeg
51,0,5R6online,FC6,eeg
51,0,5R6online,CP2,eeg
51,0,5R6online,CP4,eeg
51,0,5R6online,CP6,eeg
51,0,5R6online,P4,eeg
51,0,5R6online,F3,eeg
51,0,5R6online,FC1,eeg
51,0,5R6online,FC3,eeg
51,0,5R6online,FC5,eeg
51,0,5R6online,CP1,eeg
51,0,5R6online,CP3,eeg
51,0,5R6online,CP5,eeg
51,0,5R6online,P3,eeg
52,0,0R1acquisition,Fz,eeg
52,0,0R1acquisition,FCz,eeg
52,0,0R1acquisition,Cz,eeg
52,0,0R1acquisition,CPz,eeg
52,0,0R1acquisition,Pz,eeg
52,0,0R1acquisition,C1,eeg
52,0,0R1acquisition,C3,eeg
52,0,0R1acquisition,C5,eeg
52,0,0R1acquisition,C2,eeg
52,0,0R1acquisition,C4,eeg
52,0,0R1acquisition,C6,eeg
52,0,0R1acquisition,EOG1,eog
52,0,0R1acquisition,EOG2,eog
52,0,0R1acquisition,EOG3,eog
52,0,0R1acquisition,EMGg,emg
52,0,0R1acquisition,EMGd,emg
52,0,0R1acquisition,F4,eeg
52,0,0R1acquisition,FC2,eeg
52,0,0R1acquisition,FC4,eeg
52,0,0R1acquisition,FC6,eeg
52,0,0R1acquisition,CP2,eeg
52,0,0R1acquisition,CP4,eeg
52,0,0R1acquisition,CP6,eeg
52,0,0R1acquisition,P4,eeg
52,0,0R1acquisition,F3,eeg
52,0,0R1acquisition,FC1,eeg
52,0,0R1acquisition,FC3,eeg
52,0,0R1acquisition,FC5,eeg
52,0,0R1acquisition,CP1,eeg
52,0,0R1acquisition,CP3,eeg
52,0,0R1acquisition,CP5,eeg
52,0,0R1acquisition,P3,eeg
52,0,1R2acquisition,Fz,eeg
52,0,1R2acquisition,FCz,eeg
52,0,1R2acquisition,Cz,eeg
52,0,1R2acquisition,CPz,eeg
52,0,1R2acquisition,Pz,eeg
52,0,1R2acquisition,C1,eeg
52,0,1R2acquisition,C3,eeg
52,0,1R2acquisition,C5,eeg
52,0,1R2acquisition,C2,eeg
52,0,1R2acquisition,C4,eeg
52,0,1R2acquisition,C6,eeg
52,0,1R2acquisition,EOG1,eog
52,0,1R2acquisition,EOG2,eog
52,0,1R2acquisition,EOG3,eog
52,0,1R2acquisition,EMGg,emg
52,0,1R2acquisition,EMGd,emg
52,0,1R2acquisition,F4,eeg
52,0,1R2acquisition,FC2,eeg
52,0,1R2acquisition,FC4,eeg
52,0,1R2acquisition,FC6,eeg
52,0,1R2acquisition,CP2,eeg
52,0,1R2acquisition,CP4,eeg
52,0,1R2acquisition,CP6,eeg
52,0,1R2acquisition,P4,eeg
52,0,1R2acquisition,F3,eeg
52,0,1R2acquisition,FC1,eeg
52,0,1R2acquisition,FC3,eeg
52,0,1R2acquisition,FC5,eeg
52,0,1R2acquisition,CP1,eeg
52,0,1R2acquisition,CP3,eeg
52,0,1R2acquisition,CP5,eeg
52,0,1R2acquisition,P3,eeg
52,0,2R3online,Fz,eeg
52,0,2R3online,FCz,eeg
52,0,2R3online,Cz,eeg
52,0,2R3online,CPz,eeg
52,0,2R3online,Pz,eeg
52,0,2R3online,C1,eeg
52,0,2R3online,C3,eeg
52,0,2R3online,C5,eeg
52,0,2R3online,C2,eeg
52,0,2R3online,C4,eeg
52,0,2R3online,C6,eeg
52,0,2R3online,EOG1,eog
52,0,2R3online,EOG2,eog
52,0,2R3online,EOG3,eog
52,0,2R3online,EMGg,emg
52,0,2R3online,EMGd,emg
52,0,2R3online,F4,eeg
52,0,2R3online,FC2,eeg
52,0,2R3online,FC4,eeg
52,0,2R3online,FC6,eeg
52,0,2R3online,CP2,eeg
52,0,2R3online,CP4,eeg
52,0,2R3online,CP6,eeg
52,0,2R3online,P4,eeg
52,0,2R3online,F3,eeg
52,0,2R3online,FC1,eeg
52,0,2R3online,FC3,eeg
52,0,2R3online,FC5,eeg
52,0,2R3online,CP1,eeg
52,0,2R3online,CP3,eeg
52,0,2R3online,CP5,eeg
52,0,2R3online,P3,eeg
52,0,3R4online,Fz,eeg
52,0,3R4online,FCz,eeg
52,0,3R4online,Cz,eeg
52,0,3R4online,CPz,eeg
52,0,3R4online,Pz,eeg
52,0,3R4online,C1,eeg
52,0,3R4online,C3,eeg
52,0,3R4online,C5,eeg
52,0,3R4online,C2,eeg
52,0,3R4online,C4,eeg
52,0,3R4online,C6,eeg
52,0,3R4online,EOG1,eog
52,0,3R4online,EOG2,eog
52,0,3R4online,EOG3,eog
52,0,3R4online,EMGg,emg
52,0,3R4online,EMGd,emg
52,0,3R4online,F4,eeg
52,0,3R4online,FC2,eeg
52,0,3R4online,FC4,eeg
52,0,3R4online,FC6,eeg
52,0,3R4online,CP2,eeg
52,0,3R4online,CP4,eeg
52,0,3R4online,CP6,eeg
52,0,3R4online,P4,eeg
52,0,3R4online,F3,eeg
52,0,3R4online,FC1,eeg
52,0,3R4online,FC3,eeg
52,0,3R4online,FC5,eeg
52,0,3R4online,CP1,eeg
52,0,3R4online,CP3,eeg
52,0,3R4online,CP5,eeg
52,0,3R4online,P3,eeg
52,0,4R5online,Fz,eeg
52,0,4R5online,FCz,eeg
52,0,4R5online,Cz,eeg
52,0,4R5online,CPz,eeg
52,0,4R5online,Pz,eeg
52,0,4R5online,C1,eeg
52,0,4R5online,C3,eeg
52,0,4R5online,C5,eeg
52,0,4R5online,C2,eeg
52,0,4R5online,C4,eeg
52,0,4R5online,C6,eeg
52,0,4R5online,EOG1,eog
52,0,4R5online,EOG2,eog
52,0,4R5online,EOG3,eog
52,0,4R5online,EMGg,emg
52,0,4R5online,EMGd,emg
52,0,4R5online,F4,eeg
52,0,4R5online,FC2,eeg
52,0,4R5online,FC4,eeg
52,0,4R5online,FC6,eeg
52,0,4R5online,CP2,eeg
52,0,4R5online,CP4,eeg
52,0,4R5online,CP6,eeg
52,0,4R5online,P4,eeg
52,0,4R5online,F3,eeg
52,0,4R5online,FC1,eeg
52,0,4R5online,FC3,eeg
52,0,4R5online,FC5,eeg
52,0,4R5online,CP1,eeg
52,0,4R5online,CP3,eeg
52,0,4R5online,CP5,eeg
52,0,4R5online,P3,eeg
52,0,5R6online,Fz,eeg
52,0,5R6online,FCz,eeg
52,0,5R6online,Cz,eeg
52,0,5R6online,CPz,eeg
52,0,5R6online,Pz,eeg
52,0,5R6online,C1,eeg
52,0,5R6online,C3,eeg
52,0,5R6online,C5,eeg
52,0,5R6online,C2,eeg
52,0,5R6online,C4,eeg
52,0,5R6online,C6,eeg
52,0,5R6online,EOG1,eog
52,0,5R6online,EOG2,eog
52,0,5R6online,EOG3,eog
52,0,5R6online,EMGg,emg
52,0,5R6online,EMGd,emg
52,0,5R6online,F4,eeg
52,0,5R6online,FC2,eeg
52,0,5R6online,FC4,eeg
52,0,5R6online,FC6,eeg
52,0,5R6online,CP2,eeg
52,0,5R6online,CP4,eeg
52,0,5R6online,CP6,eeg
52,0,5R6online,P4,eeg
52,0,5R6online,F3,eeg
52,0,5R6online,FC1,eeg
52,0,5R6online,FC3,eeg
52,0,5R6online,FC5,eeg
52,0,5R6online,CP1,eeg
52,0,5R6online,CP3,eeg
52,0,5R6online,CP5,eeg
52,0,5R6online,P3,eeg
53,0,0R1acquisition,Fz,eeg
53,0,0R1acquisition,FCz,eeg
53,0,0R1acquisition,Cz,eeg
53,0,0R1acquisition,CPz,eeg
53,0,0R1acquisition,Pz,eeg
53,0,0R1acquisition,C1,eeg
53,0,0R1acquisition,C3,eeg
53,0,0R1acquisition,C5,eeg
53,0,0R1acquisition,C2,eeg
53,0,0R1acquisition,C4,eeg
53,0,0R1acquisition,C6,eeg
53,0,0R1acquisition,EOG1,eog
53,0,0R1acquisition,EOG2,eog
53,0,0R1acquisition,EOG3,eog
53,0,0R1acquisition,EMGg,emg
53,0,0R1acquisition,EMGd,emg
53,0,0R1acquisition,F4,eeg
53,0,0R1acquisition,FC2,eeg
53,0,0R1acquisition,FC4,eeg
53,0,0R1acquisition,FC6,eeg
53,0,0R1acquisition,CP2,eeg
53,0,0R1acquisition,CP4,eeg
53,0,0R1acquisition,CP6,eeg
53,0,0R1acquisition,P4,eeg
53,0,0R1acquisition,F3,eeg
53,0,0R1acquisition,FC1,eeg
53,0,0R1acquisition,FC3,eeg
53,0,0R1acquisition,FC5,eeg
53,0,0R1acquisition,CP1,eeg
53,0,0R1acquisition,CP3,eeg
53,0,0R1acquisition,CP5,eeg
53,0,0R1acquisition,P3,eeg
53,0,1R2acquisition,Fz,eeg
53,0,1R2acquisition,FCz,eeg
53,0,1R2acquisition,Cz,eeg
53,0,1R2acquisition,CPz,eeg
53,0,1R2acquisition,Pz,eeg
53,0,1R2acquisition,C1,eeg
53,0,1R2acquisition,C3,eeg
53,0,1R2acquisition,C5,eeg
53,0,1R2acquisition,C2,eeg
53,0,1R2acquisition,C4,eeg
53,0,1R2acquisition,C6,eeg
53,0,1R2acquisition,EOG1,eog
53,0,1R2acquisition,EOG2,eog
53,0,1R2acquisition,EOG3,eog
53,0,1R2acquisition,EMGg,emg
53,0,1R2acquisition,EMGd,emg
53,0,1R2acquisition,F4,eeg
53,0,1R2acquisition,FC2,eeg
53,0,1R2acquisition,FC4,eeg
53,0,1R2acquisition,FC6,eeg
53,0,1R2acquisition,CP2,eeg
53,0,1R2acquisition,CP4,eeg
53,0,1R2acquisition,CP6,eeg
53,0,1R2acquisition,P4,eeg
53,0,1R2acquisition,F3,eeg
53,0,1R2acquisition,FC1,eeg
53,0,1R2acquisition,FC3,eeg
53,0,1R2acquisition,FC5,eeg
53,0,1R2acquisition,CP1,eeg
53,0,1R2acquisition,CP3,eeg
53,0,1R2acquisition,CP5,eeg
53,0,1R2acquisition,P3,eeg
53,0,2R3online,Fz,eeg
53,0,2R3online,FCz,eeg
53,0,2R3online,Cz,eeg
53,0,2R3online,CPz,eeg
53,0,2R3online,Pz,eeg
53,0,2R3online,C1,eeg
53,0,2R3online,C3,eeg
53,0,2R3online,C5,eeg
53,0,2R3online,C2,eeg
53,0,2R3online,C4,eeg
53,0,2R3online,C6,eeg
53,0,2R3online,EOG1,eog
53,0,2R3online,EOG2,eog
53,0,2R3online,EOG3,eog
53,0,2R3online,EMGg,emg
53,0,2R3online,EMGd,emg
53,0,2R3online,F4,eeg
53,0,2R3online,FC2,eeg
53,0,2R3online,FC4,eeg
53,0,2R3online,FC6,eeg
53,0,2R3online,CP2,eeg
53,0,2R3online,CP4,eeg
53,0,2R3online,CP6,eeg
53,0,2R3online,P4,eeg
53,0,2R3online,F3,eeg
53,0,2R3online,FC1,eeg
53,0,2R3online,FC3,eeg
53,0,2R3online,FC5,eeg
53,0,2R3online,CP1,eeg
53,0,2R3online,CP3,eeg
53,0,2R3online,CP5,eeg
53,0,2R3online,P3,eeg
53,0,3R4online,Fz,eeg
53,0,3R4online,FCz,eeg
53,0,3R4online,Cz,eeg
53,0,3R4online,CPz,eeg
53,0,3R4online,Pz,eeg
53,0,3R4online,C1,eeg
53,0,3R4online,C3,eeg
53,0,3R4online,C5,eeg
53,0,3R4online,C2,eeg
53,0,3R4online,C4,eeg
53,0,3R4online,C6,eeg
53,0,3R4online,EOG1,eog
53,0,3R4online,EOG2,eog
53,0,3R4online,EOG3,eog
53,0,3R4online,EMGg,emg
53,0,3R4online,EMGd,emg
53,0,3R4online,F4,eeg
53,0,3R4online,FC2,eeg
53,0,3R4online,FC4,eeg
53,0,3R4online,FC6,eeg
53,0,3R4online,CP2,eeg
53,0,3R4online,CP4,eeg
53,0,3R4online,CP6,eeg
53,0,3R4online,P4,eeg
53,0,3R4online,F3,eeg
53,0,3R4online,FC1,eeg
53,0,3R4online,FC3,eeg
53,0,3R4online,FC5,eeg
53,0,3R4online,CP1,eeg
53,0,3R4online,CP3,eeg
53,0,3R4online,CP5,eeg
53,0,3R4online,P3,eeg
53,0,4R5online,Fz,eeg
53,0,4R5online,FCz,eeg
53,0,4R5online,Cz,eeg
53,0,4R5online,CPz,eeg
53,0,4R5online,Pz,eeg
53,0,4R5online,C1,eeg
53,0,4R5online,C3,eeg
53,0,4R5online,C5,eeg
53,0,4R5online,C2,eeg
53,0,4R5online,C4,eeg
53,0,4R5online,C6,eeg
53,0,4R5online,EOG1,eog
53,0,4R5online,EOG2,eog
53,0,4R5online,EOG3,eog
53,0,4R5online,EMGg,emg
53,0,4R5online,EMGd,emg
53,0,4R5online,F4,eeg
53,0,4R5online,FC2,eeg
53,0,4R5online,FC4,eeg
53,0,4R5online,FC6,eeg
53,0,4R5online,CP2,eeg
53,0,4R5online,CP4,eeg
53,0,4R5online,CP6,eeg
53,0,4R5online,P4,eeg
53,0,4R5online,F3,eeg
53,0,4R5online,FC1,eeg
53,0,4R5online,FC3,eeg
53,0,4R5online,FC5,eeg
53,0,4R5online,CP1,eeg
53,0,4R5online,CP3,eeg
53,0,4R5online,CP5,eeg
53,0,4R5online,P3,eeg
53,0,5R6online,Fz,eeg
53,0,5R6online,FCz,eeg
53,0,5R6online,Cz,eeg
53,0,5R6online,CPz,eeg
53,0,5R6online,Pz,eeg
53,0,5R6online,C1,eeg
53,0,5R6online,C3,eeg
53,0,5R6online,C5,eeg
53,0,5R6online,C2,eeg
53,0,5R6online,C4,eeg
53,0,5R6online,C6,eeg
53,0,5R6online,EOG1,eog
53,0,5R6online,EOG2,eog
53,0,5R6online,EOG3,eog
53,0,5R6online,EMGg,emg
53,0,5R6online,EMGd,emg
53,0,5R6online,F4,eeg
53,0,5R6online,FC2,eeg
53,0,5R6online,FC4,eeg
53,0,5R6online,FC6,eeg
53,0,5R6online,CP2,eeg
53,0,5R6online,CP4,eeg
53,0,5R6online,CP6,eeg
53,0,5R6online,P4,eeg
53,0,5R6online,F3,eeg
53,0,5R6online,FC1,eeg
53,0,5R6online,FC3,eeg
53,0,5R6online,FC5,eeg
53,0,5R6online,CP1,eeg
53,0,5R6online,CP3,eeg
53,0,5R6online,CP5,eeg
53,0,5R6online,P3,eeg
54,0,0R1acquisition,Fz,eeg
54,0,0R1acquisition,FCz,eeg
54,0,0R1acquisition,Cz,eeg
54,0,0R1acquisition,CPz,eeg
54,0,0R1acquisition,Pz,eeg
54,0,0R1acquisition,C1,eeg
54,0,0R1acquisition,C3,eeg
54,0,0R1acquisition,C5,eeg
54,0,0R1acquisition,C2,eeg
54,0,0R1acquisition,C4,eeg
54,0,0R1acquisition,C6,eeg
54,0,0R1acquisition,EOG1,eog
54,0,0R1acquisition,EOG2,eog
54,0,0R1acquisition,EOG3,eog
54,0,0R1acquisition,EMGg,emg
54,0,0R1acquisition,EMGd,emg
54,0,0R1acquisition,F4,eeg
54,0,0R1acquisition,FC2,eeg
54,0,0R1acquisition,FC4,eeg
54,0,0R1acquisition,FC6,eeg
54,0,0R1acquisition,CP2,eeg
54,0,0R1acquisition,CP4,eeg
54,0,0R1acquisition,CP6,eeg
54,0,0R1acquisition,P4,eeg
54,0,0R1acquisition,F3,eeg
54,0,0R1acquisition,FC1,eeg
54,0,0R1acquisition,FC3,eeg
54,0,0R1acquisition,FC5,eeg
54,0,0R1acquisition,CP1,eeg
54,0,0R1acquisition,CP3,eeg
54,0,0R1acquisition,CP5,eeg
54,0,0R1acquisition,P3,eeg
54,0,1R2acquisition,Fz,eeg
54,0,1R2acquisition,FCz,eeg
54,0,1R2acquisition,Cz,eeg
54,0,1R2acquisition,CPz,eeg
54,0,1R2acquisition,Pz,eeg
54,0,1R2acquisition,C1,eeg
54,0,1R2acquisition,C3,eeg
54,0,1R2acquisition,C5,eeg
54,0,1R2acquisition,C2,eeg
54,0,1R2acquisition,C4,eeg
54,0,1R2acquisition,C6,eeg
54,0,1R2acquisition,EOG1,eog
54,0,1R2acquisition,EOG2,eog
54,0,1R2acquisition,EOG3,eog
54,0,1R2acquisition,EMGg,emg
54,0,1R2acquisition,EMGd,emg
54,0,1R2acquisition,F4,eeg
54,0,1R2acquisition,FC2,eeg
54,0,1R2acquisition,FC4,eeg
54,0,1R2acquisition,FC6,eeg
54,0,1R2acquisition,CP2,eeg
54,0,1R2acquisition,CP4,eeg
54,0,1R2acquisition,CP6,eeg
54,0,1R2acquisition,P4,eeg
54,0,1R2acquisition,F3,eeg
54,0,1R2acquisition,FC1,eeg
54,0,1R2acquisition,FC3,eeg
54,0,1R2acquisition,FC5,eeg
54,0,1R2acquisition,CP1,eeg
54,0,1R2acquisition,CP3,eeg
54,0,1R2acquisition,CP5,eeg
54,0,1R2acquisition,P3,eeg
54,0,2R3online,Fz,eeg
54,0,2R3online,FCz,eeg
54,0,2R3online,Cz,eeg
54,0,2R3online,CPz,eeg
54,0,2R3online,Pz,eeg
54,0,2R3online,C1,eeg
54,0,2R3online,C3,eeg
54,0,2R3online,C5,eeg
54,0,2R3online,C2,eeg
54,0,2R3online,C4,eeg
54,0,2R3online,C6,eeg
54,0,2R3online,EOG1,eog
54,0,2R3online,EOG2,eog
54,0,2R3online,EOG3,eog
54,0,2R3online,EMGg,emg
54,0,2R3online,EMGd,emg
54,0,2R3online,F4,eeg
54,0,2R3online,FC2,eeg
54,0,2R3online,FC4,eeg
54,0,2R3online,FC6,eeg
54,0,2R3online,CP2,eeg
54,0,2R3online,CP4,eeg
54,0,2R3online,CP6,eeg
54,0,2R3online,P4,eeg
54,0,2R3online,F3,eeg
54,0,2R3online,FC1,eeg
54,0,2R3online,FC3,eeg
54,0,2R3online,FC5,eeg
54,0,2R3online,CP1,eeg
54,0,2R3online,CP3,eeg
54,0,2R3online,CP5,eeg
54,0,2R3online,P3,eeg
54,0,3R4online,Fz,eeg
54,0,3R4online,FCz,eeg
54,0,3R4online,Cz,eeg
54,0,3R4online,CPz,eeg
54,0,3R4online,Pz,eeg
54,0,3R4online,C1,eeg
54,0,3R4online,C3,eeg
54,0,3R4online,C5,eeg
54,0,3R4online,C2,eeg
54,0,3R4online,C4,eeg
54,0,3R4online,C6,eeg
54,0,3R4online,EOG1,eog
54,0,3R4online,EOG2,eog
54,0,3R4online,EOG3,eog
54,0,3R4online,EMGg,emg
54,0,3R4online,EMGd,emg
54,0,3R4online,F4,eeg
54,0,3R4online,FC2,eeg
54,0,3R4online,FC4,eeg
54,0,3R4online,FC6,eeg
54,0,3R4online,CP2,eeg
54,0,3R4online,CP4,eeg
54,0,3R4online,CP6,eeg
54,0,3R4online,P4,eeg
54,0,3R4online,F3,eeg
54,0,3R4online,FC1,eeg
54,0,3R4online,FC3,eeg
54,0,3R4online,FC5,eeg
54,0,3R4online,CP1,eeg
54,0,3R4online,CP3,eeg
54,0,3R4online,CP5,eeg
54,0,3R4online,P3,eeg
54,0,4R5online,Fz,eeg
54,0,4R5online,FCz,eeg
54,0,4R5online,Cz,eeg
54,0,4R5online,CPz,eeg
54,0,4R5online,Pz,eeg
54,0,4R5online,C1,eeg
54,0,4R5online,C3,eeg
54,0,4R5online,C5,eeg
54,0,4R5online,C2,eeg
54,0,4R5online,C4,eeg
54,0,4R5online,C6,eeg
54,0,4R5online,EOG1,eog
54,0,4R5online,EOG2,eog
54,0,4R5online,EOG3,eog
54,0,4R5online,EMGg,emg
54,0,4R5online,EMGd,emg
54,0,4R5online,F4,eeg
54,0,4R5online,FC2,eeg
54,0,4R5online,FC4,eeg
54,0,4R5online,FC6,eeg
54,0,4R5online,CP2,eeg
54,0,4R5online,CP4,eeg
54,0,4R5online,CP6,eeg
54,0,4R5online,P4,eeg
54,0,4R5online,F3,eeg
54,0,4R5online,FC1,eeg
54,0,4R5online,FC3,eeg
54,0,4R5online,FC5,eeg
54,0,4R5online,CP1,eeg
54,0,4R5online,CP3,eeg
54,0,4R5online,CP5,eeg
54,0,4R5online,P3,eeg
54,0,5R6online,Fz,eeg
54,0,5R6online,FCz,eeg
54,0,5R6online,Cz,eeg
54,0,5R6online,CPz,eeg
54,0,5R6online,Pz,eeg
54,0,5R6online,C1,eeg
54,0,5R6online,C3,eeg
54,0,5R6online,C5,eeg
54,0,5R6online,C2,eeg
54,0,5R6online,C4,eeg
54,0,5R6online,C6,eeg
54,0,5R6online,EOG1,eog
54,0,5R6online,EOG2,eog
54,0,5R6online,EOG3,eog
54,0,5R6online,EMGg,emg
54,0,5R6online,EMGd,emg
54,0,5R6online,F4,eeg
54,0,5R6online,FC2,eeg
54,0,5R6online,FC4,eeg
54,0,5R6online,FC6,eeg
54,0,5R6online,CP2,eeg
54,0,5R6online,CP4,eeg
54,0,5R6online,CP6,eeg
54,0,5R6online,P4,eeg
54,0,5R6online,F3,eeg
54,0,5R6online,FC1,eeg
54,0,5R6online,FC3,eeg
54,0,5R6online,FC5,eeg
54,0,5R6online,CP1,eeg
54,0,5R6online,CP3,eeg
54,0,5R6online,CP5,eeg
54,0,5R6online,P3,eeg
55,0,0R1acquisition,Fz,eeg
55,0,0R1acquisition,FCz,eeg
55,0,0R1acquisition,Cz,eeg
55,0,0R1acquisition,CPz,eeg
55,0,0R1acquisition,Pz,eeg
55,0,0R1acquisition,C1,eeg
55,0,0R1acquisition,C3,eeg
55,0,0R1acquisition,C5,eeg
55,0,0R1acquisition,C2,eeg
55,0,0R1acquisition,C4,eeg
55,0,0R1acquisition,C6,eeg
55,0,0R1acquisition,EOG1,eog
55,0,0R1acquisition,EOG2,eog
55,0,0R1acquisition,EOG3,eog
55,0,0R1acquisition,EMGg,emg
55,0,0R1acquisition,EMGd,emg
55,0,0R1acquisition,F4,eeg
55,0,0R1acquisition,FC2,eeg
55,0,0R1acquisition,FC4,eeg
55,0,0R1acquisition,FC6,eeg
55,0,0R1acquisition,CP2,eeg
55,0,0R1acquisition,CP4,eeg
55,0,0R1acquisition,CP6,eeg
55,0,0R1acquisition,P4,eeg
55,0,0R1acquisition,F3,eeg
55,0,0R1acquisition,FC1,eeg
55,0,0R1acquisition,FC3,eeg
55,0,0R1acquisition,FC5,eeg
55,0,0R1acquisition,CP1,eeg
55,0,0R1acquisition,CP3,eeg
55,0,0R1acquisition,CP5,eeg
55,0,0R1acquisition,P3,eeg
55,0,1R2acquisition,Fz,eeg
55,0,1R2acquisition,FCz,eeg
55,0,1R2acquisition,Cz,eeg
55,0,1R2acquisition,CPz,eeg
55,0,1R2acquisition,Pz,eeg
55,0,1R2acquisition,C1,eeg
55,0,1R2acquisition,C3,eeg
55,0,1R2acquisition,C5,eeg
55,0,1R2acquisition,C2,eeg
55,0,1R2acquisition,C4,eeg
55,0,1R2acquisition,C6,eeg
55,0,1R2acquisition,EOG1,eog
55,0,1R2acquisition,EOG2,eog
55,0,1R2acquisition,EOG3,eog
55,0,1R2acquisition,EMGg,emg
55,0,1R2acquisition,EMGd,emg
55,0,1R2acquisition,F4,eeg
55,0,1R2acquisition,FC2,eeg
55,0,1R2acquisition,FC4,eeg
55,0,1R2acquisition,FC6,eeg
55,0,1R2acquisition,CP2,eeg
55,0,1R2acquisition,CP4,eeg
55,0,1R2acquisition,CP6,eeg
55,0,1R2acquisition,P4,eeg
55,0,1R2acquisition,F3,eeg
55,0,1R2acquisition,FC1,eeg
55,0,1R2acquisition,FC3,eeg
55,0,1R2acquisition,FC5,eeg
55,0,1R2acquisition,CP1,eeg
55,0,1R2acquisition,CP3,eeg
55,0,1R2acquisition,CP5,eeg
55,0,1R2acquisition,P3,eeg
55,0,2R3online,Fz,eeg
55,0,2R3online,FCz,eeg
55,0,2R3online,Cz,eeg
55,0,2R3online,CPz,eeg
55,0,2R3online,Pz,eeg
55,0,2R3online,C1,eeg
55,0,2R3online,C3,eeg
55,0,2R3online,C5,eeg
55,0,2R3online,C2,eeg
55,0,2R3online,C4,eeg
55,0,2R3online,C6,eeg
55,0,2R3online,EOG1,eog
55,0,2R3online,EOG2,eog
55,0,2R3online,EOG3,eog
55,0,2R3online,EMGg,emg
55,0,2R3online,EMGd,emg
55,0,2R3online,F4,eeg
55,0,2R3online,FC2,eeg
55,0,2R3online,FC4,eeg
55,0,2R3online,FC6,eeg
55,0,2R3online,CP2,eeg
55,0,2R3online,CP4,eeg
55,0,2R3online,CP6,eeg
55,0,2R3online,P4,eeg
55,0,2R3online,F3,eeg
55,0,2R3online,FC1,eeg
55,0,2R3online,FC3,eeg
55,0,2R3online,FC5,eeg
55,0,2R3online,CP1,eeg
55,0,2R3online,CP3,eeg
55,0,2R3online,CP5,eeg
55,0,2R3online,P3,eeg
55,0,3R4online,Fz,eeg
55,0,3R4online,FCz,eeg
55,0,3R4online,Cz,eeg
55,0,3R4online,CPz,eeg
55,0,3R4online,Pz,eeg
55,0,3R4online,C1,eeg
55,0,3R4online,C3,eeg
55,0,3R4online,C5,eeg
55,0,3R4online,C2,eeg
55,0,3R4online,C4,eeg
55,0,3R4online,C6,eeg
55,0,3R4online,EOG1,eog
55,0,3R4online,EOG2,eog
55,0,3R4online,EOG3,eog
55,0,3R4online,EMGg,emg
55,0,3R4online,EMGd,emg
55,0,3R4online,F4,eeg
55,0,3R4online,FC2,eeg
55,0,3R4online,FC4,eeg
55,0,3R4online,FC6,eeg
55,0,3R4online,CP2,eeg
55,0,3R4online,CP4,eeg
55,0,3R4online,CP6,eeg
55,0,3R4online,P4,eeg
55,0,3R4online,F3,eeg
55,0,3R4online,FC1,eeg
55,0,3R4online,FC3,eeg
55,0,3R4online,FC5,eeg
55,0,3R4online,CP1,eeg
55,0,3R4online,CP3,eeg
55,0,3R4online,CP5,eeg
55,0,3R4online,P3,eeg
55,0,4R5online,Fz,eeg
55,0,4R5online,FCz,eeg
55,0,4R5online,Cz,eeg
55,0,4R5online,CPz,eeg
55,0,4R5online,Pz,eeg
55,0,4R5online,C1,eeg
55,0,4R5online,C3,eeg
55,0,4R5online,C5,eeg
55,0,4R5online,C2,eeg
55,0,4R5online,C4,eeg
55,0,4R5online,C6,eeg
55,0,4R5online,EOG1,eog
55,0,4R5online,EOG2,eog
55,0,4R5online,EOG3,eog
55,0,4R5online,EMGg,emg
55,0,4R5online,EMGd,emg
55,0,4R5online,F4,eeg
55,0,4R5online,FC2,eeg
55,0,4R5online,FC4,eeg
55,0,4R5online,FC6,eeg
55,0,4R5online,CP2,eeg
55,0,4R5online,CP4,eeg
55,0,4R5online,CP6,eeg
55,0,4R5online,P4,eeg
55,0,4R5online,F3,eeg
55,0,4R5online,FC1,eeg
55,0,4R5online,FC3,eeg
55,0,4R5online,FC5,eeg
55,0,4R5online,CP1,eeg
55,0,4R5online,CP3,eeg
55,0,4R5online,CP5,eeg
55,0,4R5online,P3,eeg
55,0,5R6online,Fz,eeg
55,0,5R6online,FCz,eeg
55,0,5R6online,Cz,eeg
55,0,5R6online,CPz,eeg
55,0,5R6online,Pz,eeg
55,0,5R6online,C1,eeg
55,0,5R6online,C3,eeg
55,0,5R6online,C5,eeg
55,0,5R6online,C2,eeg
55,0,5R6online,C4,eeg
55,0,5R6online,C6,eeg
55,0,5R6online,EOG1,eog
55,0,5R6online,EOG2,eog
55,0,5R6online,EOG3,eog
55,0,5R6online,EMGg,emg
55,0,5R6online,EMGd,emg
55,0,5R6online,F4,eeg
55,0,5R6online,FC2,eeg
55,0,5R6online,FC4,eeg
55,0,5R6online,FC6,eeg
55,0,5R6online,CP2,eeg
55,0,5R6online,CP4,eeg
55,0,5R6online,CP6,eeg
55,0,5R6online,P4,eeg
55,0,5R6online,F3,eeg
55,0,5R6online,FC1,eeg
55,0,5R6online,FC3,eeg
55,0,5R6online,FC5,eeg
55,0,5R6online,CP1,eeg
55,0,5R6online,CP3,eeg
55,0,5R6online,CP5,eeg
55,0,5R6online,P3,eeg
56,0,0R1acquisition,Fz,eeg
56,0,0R1acquisition,FCz,eeg
56,0,0R1acquisition,Cz,eeg
56,0,0R1acquisition,CPz,eeg
56,0,0R1acquisition,Pz,eeg
56,0,0R1acquisition,C1,eeg
56,0,0R1acquisition,C3,eeg
56,0,0R1acquisition,C5,eeg
56,0,0R1acquisition,C2,eeg
56,0,0R1acquisition,C4,eeg
56,0,0R1acquisition,C6,eeg
56,0,0R1acquisition,EOG1,eog
56,0,0R1acquisition,EOG2,eog
56,0,0R1acquisition,EOG3,eog
56,0,0R1acquisition,EMGg,emg
56,0,0R1acquisition,EMGd,emg
56,0,0R1acquisition,F4,eeg
56,0,0R1acquisition,FC2,eeg
56,0,0R1acquisition,FC4,eeg
56,0,0R1acquisition,FC6,eeg
56,0,0R1acquisition,CP2,eeg
56,0,0R1acquisition,CP4,eeg
56,0,0R1acquisition,CP6,eeg
56,0,0R1acquisition,P4,eeg
56,0,0R1acquisition,F3,eeg
56,0,0R1acquisition,FC1,eeg
56,0,0R1acquisition,FC3,eeg
56,0,0R1acquisition,FC5,eeg
56,0,0R1acquisition,CP1,eeg
56,0,0R1acquisition,CP3,eeg
56,0,0R1acquisition,CP5,eeg
56,0,0R1acquisition,P3,eeg
56,0,1R2acquisition,Fz,eeg
56,0,1R2acquisition,FCz,eeg
56,0,1R2acquisition,Cz,eeg
56,0,1R2acquisition,CPz,eeg
56,0,1R2acquisition,Pz,eeg
56,0,1R2acquisition,C1,eeg
56,0,1R2acquisition,C3,eeg
56,0,1R2acquisition,C5,eeg
56,0,1R2acquisition,C2,eeg
56,0,1R2acquisition,C4,eeg
56,0,1R2acquisition,C6,eeg
56,0,1R2acquisition,EOG1,eog
56,0,1R2acquisition,EOG2,eog
56,0,1R2acquisition,EOG3,eog
56,0,1R2acquisition,EMGg,emg
56,0,1R2acquisition,EMGd,emg
56,0,1R2acquisition,F4,eeg
56,0,1R2acquisition,FC2,eeg
56,0,1R2acquisition,FC4,eeg
56,0,1R2acquisition,FC6,eeg
56,0,1R2acquisition,CP2,eeg
56,0,1R2acquisition,CP4,eeg
56,0,1R2acquisition,CP6,eeg
56,0,1R2acquisition,P4,eeg
56,0,1R2acquisition,F3,eeg
56,0,1R2acquisition,FC1,eeg
56,0,1R2acquisition,FC3,eeg
56,0,1R2acquisition,FC5,eeg
56,0,1R2acquisition,CP1,eeg
56,0,1R2acquisition,CP3,eeg
56,0,1R2acquisition,CP5,eeg
56,0,1R2acquisition,P3,eeg
56,0,2R3online,Fz,eeg
56,0,2R3online,FCz,eeg
56,0,2R3online,Cz,eeg
56,0,2R3online,CPz,eeg
56,0,2R3online,Pz,eeg
56,0,2R3online,C1,eeg
56,0,2R3online,C3,eeg
56,0,2R3online,C5,eeg
56,0,2R3online,C2,eeg
56,0,2R3online,C4,eeg
56,0,2R3online,C6,eeg
56,0,2R3online,EOG1,eog
56,0,2R3online,EOG2,eog
56,0,2R3online,EOG3,eog
56,0,2R3online,EMGg,emg
56,0,2R3online,EMGd,emg
56,0,2R3online,F4,eeg
56,0,2R3online,FC2,eeg
56,0,2R3online,FC4,eeg
56,0,2R3online,FC6,eeg
56,0,2R3online,CP2,eeg
56,0,2R3online,CP4,eeg
56,0,2R3online,CP6,eeg
56,0,2R3online,P4,eeg
56,0,2R3online,F3,eeg
56,0,2R3online,FC1,eeg
56,0,2R3online,FC3,eeg
56,0,2R3online,FC5,eeg
56,0,2R3online,CP1,eeg
56,0,2R3online,CP3,eeg
56,0,2R3online,CP5,eeg
56,0,2R3online,P3,eeg
56,0,3R4online,Fz,eeg
56,0,3R4online,FCz,eeg
56,0,3R4online,Cz,eeg
56,0,3R4online,CPz,eeg
56,0,3R4online,Pz,eeg
56,0,3R4online,C1,eeg
56,0,3R4online,C3,eeg
56,0,3R4online,C5,eeg
56,0,3R4online,C2,eeg
56,0,3R4online,C4,eeg
56,0,3R4online,C6,eeg
56,0,3R4online,EOG1,eog
56,0,3R4online,EOG2,eog
56,0,3R4online,EOG3,eog
56,0,3R4online,EMGg,emg
56,0,3R4online,EMGd,emg
56,0,3R4online,F4,eeg
56,0,3R4online,FC2,eeg
56,0,3R4online,FC4,eeg
56,0,3R4online,FC6,eeg
56,0,3R4online,CP2,eeg
56,0,3R4online,CP4,eeg
56,0,3R4online,CP6,eeg
56,0,3R4online,P4,eeg
56,0,3R4online,F3,eeg
56,0,3R4online,FC1,eeg
56,0,3R4online,FC3,eeg
56,0,3R4online,FC5,eeg
56,0,3R4online,CP1,eeg
56,0,3R4online,CP3,eeg
56,0,3R4online,CP5,eeg
56,0,3R4online,P3,eeg
56,0,4R5online,Fz,eeg
56,0,4R5online,FCz,eeg
56,0,4R5online,Cz,eeg
56,0,4R5online,CPz,eeg
56,0,4R5online,Pz,eeg
56,0,4R5online,C1,eeg
56,0,4R5online,C3,eeg
56,0,4R5online,C5,eeg
56,0,4R5online,C2,eeg
56,0,4R5online,C4,eeg
56,0,4R5online,C6,eeg
56,0,4R5online,EOG1,eog
56,0,4R5online,EOG2,eog
56,0,4R5online,EOG3,eog
56,0,4R5online,EMGg,emg
56,0,4R5online,EMGd,emg
56,0,4R5online,F4,eeg
56,0,4R5online,FC2,eeg
56,0,4R5online,FC4,eeg
56,0,4R5online,FC6,eeg
56,0,4R5online,CP2,eeg
56,0,4R5online,CP4,eeg
56,0,4R5online,CP6,eeg
56,0,4R5online,P4,eeg
56,0,4R5online,F3,eeg
56,0,4R5online,FC1,eeg
56,0,4R5online,FC3,eeg
56,0,4R5online,FC5,eeg
56,0,4R5online,CP1,eeg
56,0,4R5online,CP3,eeg
56,0,4R5online,CP5,eeg
56,0,4R5online,P3,eeg
56,0,5R6online,Fz,eeg
56,0,5R6online,FCz,eeg
56,0,5R6online,Cz,eeg
56,0,5R6online,CPz,eeg
56,0,5R6online,Pz,eeg
56,0,5R6online,C1,eeg
56,0,5R6online,C3,eeg
56,0,5R6online,C5,eeg
56,0,5R6online,C2,eeg
56,0,5R6online,C4,eeg
56,0,5R6online,C6,eeg
56,0,5R6online,EOG1,eog
56,0,5R6online,EOG2,eog
56,0,5R6online,EOG3,eog
56,0,5R6online,EMGg,emg
56,0,5R6online,EMGd,emg
56,0,5R6online,F4,eeg
56,0,5R6online,FC2,eeg
56,0,5R6online,FC4,eeg
56,0,5R6online,FC6,eeg
56,0,5R6online,CP2,eeg
56,0,5R6online,CP4,eeg
56,0,5R6online,CP6,eeg
56,0,5R6online,P4,eeg
56,0,5R6online,F3,eeg
56,0,5R6online,FC1,eeg
56,0,5R6online,FC3,eeg
56,0,5R6online,FC5,eeg
56,0,5R6online,CP1,eeg
56,0,5R6online,CP3,eeg
56,0,5R6online,CP5,eeg
56,0,5R6online,P3,eeg
57,0,0R1acquisition,Fz,eeg
57,0,0R1acquisition,FCz,eeg
57,0,0R1acquisition,Cz,eeg
57,0,0R1acquisition,CPz,eeg
57,0,0R1acquisition,Pz,eeg
57,0,0R1acquisition,C1,eeg
57,0,0R1acquisition,C3,eeg
57,0,0R1acquisition,C5,eeg
57,0,0R1acquisition,C2,eeg
57,0,0R1acquisition,C4,eeg
57,0,0R1acquisition,C6,eeg
57,0,0R1acquisition,EOG1,eog
57,0,0R1acquisition,EOG2,eog
57,0,0R1acquisition,EOG3,eog
57,0,0R1acquisition,EMGg,emg
57,0,0R1acquisition,EMGd,emg
57,0,0R1acquisition,F4,eeg
57,0,0R1acquisition,FC2,eeg
57,0,0R1acquisition,FC4,eeg
57,0,0R1acquisition,FC6,eeg
57,0,0R1acquisition,CP2,eeg
57,0,0R1acquisition,CP4,eeg
57,0,0R1acquisition,CP6,eeg
57,0,0R1acquisition,P4,eeg
57,0,0R1acquisition,F3,eeg
57,0,0R1acquisition,FC1,eeg
57,0,0R1acquisition,FC3,eeg
57,0,0R1acquisition,FC5,eeg
57,0,0R1acquisition,CP1,eeg
57,0,0R1acquisition,CP3,eeg
57,0,0R1acquisition,CP5,eeg
57,0,0R1acquisition,P3,eeg
57,0,1R2acquisition,Fz,eeg
57,0,1R2acquisition,FCz,eeg
57,0,1R2acquisition,Cz,eeg
57,0,1R2acquisition,CPz,eeg
57,0,1R2acquisition,Pz,eeg
57,0,1R2acquisition,C1,eeg
57,0,1R2acquisition,C3,eeg
57,0,1R2acquisition,C5,eeg
57,0,1R2acquisition,C2,eeg
57,0,1R2acquisition,C4,eeg
57,0,1R2acquisition,C6,eeg
57,0,1R2acquisition,EOG1,eog
57,0,1R2acquisition,EOG2,eog
57,0,1R2acquisition,EOG3,eog
57,0,1R2acquisition,EMGg,emg
57,0,1R2acquisition,EMGd,emg
57,0,1R2acquisition,F4,eeg
57,0,1R2acquisition,FC2,eeg
57,0,1R2acquisition,FC4,eeg
57,0,1R2acquisition,FC6,eeg
57,0,1R2acquisition,CP2,eeg
57,0,1R2acquisition,CP4,eeg
57,0,1R2acquisition,CP6,eeg
57,0,1R2acquisition,P4,eeg
57,0,1R2acquisition,F3,eeg
57,0,1R2acquisition,FC1,eeg
57,0,1R2acquisition,FC3,eeg
57,0,1R2acquisition,FC5,eeg
57,0,1R2acquisition,CP1,eeg
57,0,1R2acquisition,CP3,eeg
57,0,1R2acquisition,CP5,eeg
57,0,1R2acquisition,P3,eeg
57,0,2R3online,Fz,eeg
57,0,2R3online,FCz,eeg
57,0,2R3online,Cz,eeg
57,0,2R3online,CPz,eeg
57,0,2R3online,Pz,eeg
57,0,2R3online,C1,eeg
57,0,2R3online,C3,eeg
57,0,2R3online,C5,eeg
57,0,2R3online,C2,eeg
57,0,2R3online,C4,eeg
57,0,2R3online,C6,eeg
57,0,2R3online,EOG1,eog
57,0,2R3online,EOG2,eog
57,0,2R3online,EOG3,eog
57,0,2R3online,EMGg,emg
57,0,2R3online,EMGd,emg
57,0,2R3online,F4,eeg
57,0,2R3online,FC2,eeg
57,0,2R3online,FC4,eeg
57,0,2R3online,FC6,eeg
57,0,2R3online,CP2,eeg
57,0,2R3online,CP4,eeg
57,0,2R3online,CP6,eeg
57,0,2R3online,P4,eeg
57,0,2R3online,F3,eeg
57,0,2R3online,FC1,eeg
57,0,2R3online,FC3,eeg
57,0,2R3online,FC5,eeg
57,0,2R3online,CP1,eeg
57,0,2R3online,CP3,eeg
57,0,2R3online,CP5,eeg
57,0,2R3online,P3,eeg
57,0,3R4online,Fz,eeg
57,0,3R4online,FCz,eeg
57,0,3R4online,Cz,eeg
57,0,3R4online,CPz,eeg
57,0,3R4online,Pz,eeg
57,0,3R4online,C1,eeg
57,0,3R4online,C3,eeg
57,0,3R4online,C5,eeg
57,0,3R4online,C2,eeg
57,0,3R4online,C4,eeg
57,0,3R4online,C6,eeg
57,0,3R4online,EOG1,eog
57,0,3R4online,EOG2,eog
57,0,3R4online,EOG3,eog
57,0,3R4online,EMGg,emg
57,0,3R4online,EMGd,emg
57,0,3R4online,F4,eeg
57,0,3R4online,FC2,eeg
57,0,3R4online,FC4,eeg
57,0,3R4online,FC6,eeg
57,0,3R4online,CP2,eeg
57,0,3R4online,CP4,eeg
57,0,3R4online,CP6,eeg
57,0,3R4online,P4,eeg
57,0,3R4online,F3,eeg
57,0,3R4online,FC1,eeg
57,0,3R4online,FC3,eeg
57,0,3R4online,FC5,eeg
57,0,3R4online,CP1,eeg
57,0,3R4online,CP3,eeg
57,0,3R4online,CP5,eeg
57,0,3R4online,P3,eeg
57,0,4R5online,Fz,eeg
57,0,4R5online,FCz,eeg
57,0,4R5online,Cz,eeg
57,0,4R5online,CPz,eeg
57,0,4R5online,Pz,eeg
57,0,4R5online,C1,eeg
57,0,4R5online,C3,eeg
57,0,4R5online,C5,eeg
57,0,4R5online,C2,eeg
57,0,4R5online,C4,eeg
57,0,4R5online,C6,eeg
57,0,4R5online,EOG1,eog
57,0,4R5online,EOG2,eog
57,0,4R5online,EOG3,eog
57,0,4R5online,EMGg,emg
57,0,4R5online,EMGd,emg
57,0,4R5online,F4,eeg
57,0,4R5online,FC2,eeg
57,0,4R5online,FC4,eeg
57,0,4R5online,FC6,eeg
57,0,4R5online,CP2,eeg
57,0,4R5online,CP4,eeg
57,0,4R5online,CP6,eeg
57,0,4R5online,P4,eeg
57,0,4R5online,F3,eeg
57,0,4R5online,FC1,eeg
57,0,4R5online,FC3,eeg
57,0,4R5online,FC5,eeg
57,0,4R5online,CP1,eeg
57,0,4R5online,CP3,eeg
57,0,4R5online,CP5,eeg
57,0,4R5online,P3,eeg
57,0,5R6online,Fz,eeg
57,0,5R6online,FCz,eeg
57,0,5R6online,Cz,eeg
57,0,5R6online,CPz,eeg
57,0,5R6online,Pz,eeg
57,0,5R6online,C1,eeg
57,0,5R6online,C3,eeg
57,0,5R6online,C5,eeg
57,0,5R6online,C2,eeg
57,0,5R6online,C4,eeg
57,0,5R6online,C6,eeg
57,0,5R6online,EOG1,eog
57,0,5R6online,EOG2,eog
57,0,5R6online,EOG3,eog
57,0,5R6online,EMGg,emg
57,0,5R6online,EMGd,emg
57,0,5R6online,F4,eeg
57,0,5R6online,FC2,eeg
57,0,5R6online,FC4,eeg
57,0,5R6online,FC6,eeg
57,0,5R6online,CP2,eeg
57,0,5R6online,CP4,eeg
57,0,5R6online,CP6,eeg
57,0,5R6online,P4,eeg
57,0,5R6online,F3,eeg
57,0,5R6online,FC1,eeg
57,0,5R6online,FC3,eeg
57,0,5R6online,FC5,eeg
57,0,5R6online,CP1,eeg
57,0,5R6online,CP3,eeg
57,0,5R6online,CP5,eeg
57,0,5R6online,P3,eeg
58,0,0R1acquisition,Fz,eeg
58,0,0R1acquisition,FCz,eeg
58,0,0R1acquisition,Cz,eeg
58,0,0R1acquisition,CPz,eeg
58,0,0R1acquisition,Pz,eeg
58,0,0R1acquisition,C1,eeg
58,0,0R1acquisition,C3,eeg
58,0,0R1acquisition,C5,eeg
58,0,0R1acquisition,C2,eeg
58,0,0R1acquisition,C4,eeg
58,0,0R1acquisition,C6,eeg
58,0,0R1acquisition,EOG1,eog
58,0,0R1acquisition,EOG2,eog
58,0,0R1acquisition,EOG3,eog
58,0,0R1acquisition,EMGg,emg
58,0,0R1acquisition,EMGd,emg
58,0,0R1acquisition,F4,eeg
58,0,0R1acquisition,FC2,eeg
58,0,0R1acquisition,FC4,eeg
58,0,0R1acquisition,FC6,eeg
58,0,0R1acquisition,CP2,eeg
58,0,0R1acquisition,CP4,eeg
58,0,0R1acquisition,CP6,eeg
58,0,0R1acquisition,P4,eeg
58,0,0R1acquisition,F3,eeg
58,0,0R1acquisition,FC1,eeg
58,0,0R1acquisition,FC3,eeg
58,0,0R1acquisition,FC5,eeg
58,0,0R1acquisition,CP1,eeg
58,0,0R1acquisition,CP3,eeg
58,0,0R1acquisition,CP5,eeg
58,0,0R1acquisition,P3,eeg
58,0,1R2acquisition,Fz,eeg
58,0,1R2acquisition,FCz,eeg
58,0,1R2acquisition,Cz,eeg
58,0,1R2acquisition,CPz,eeg
58,0,1R2acquisition,Pz,eeg
58,0,1R2acquisition,C1,eeg
58,0,1R2acquisition,C3,eeg
58,0,1R2acquisition,C5,eeg
58,0,1R2acquisition,C2,eeg
58,0,1R2acquisition,C4,eeg
58,0,1R2acquisition,C6,eeg
58,0,1R2acquisition,EOG1,eog
58,0,1R2acquisition,EOG2,eog
58,0,1R2acquisition,EOG3,eog
58,0,1R2acquisition,EMGg,emg
58,0,1R2acquisition,EMGd,emg
58,0,1R2acquisition,F4,eeg
58,0,1R2acquisition,FC2,eeg
58,0,1R2acquisition,FC4,eeg
58,0,1R2acquisition,FC6,eeg
58,0,1R2acquisition,CP2,eeg
58,0,1R2acquisition,CP4,eeg
58,0,1R2acquisition,CP6,eeg
58,0,1R2acquisition,P4,eeg
58,0,1R2acquisition,F3,eeg
58,0,1R2acquisition,FC1,eeg
58,0,1R2acquisition,FC3,eeg
58,0,1R2acquisition,FC5,eeg
58,0,1R2acquisition,CP1,eeg
58,0,1R2acquisition,CP3,eeg
58,0,1R2acquisition,CP5,eeg
58,0,1R2acquisition,P3,eeg
58,0,2R3online,Fz,eeg
58,0,2R3online,FCz,eeg
58,0,2R3online,Cz,eeg
58,0,2R3online,CPz,eeg
58,0,2R3online,Pz,eeg
58,0,2R3online,C1,eeg
58,0,2R3online,C3,eeg
58,0,2R3online,C5,eeg
58,0,2R3online,C2,eeg
58,0,2R3online,C4,eeg
58,0,2R3online,C6,eeg
58,0,2R3online,EOG1,eog
58,0,2R3online,EOG2,eog
58,0,2R3online,EOG3,eog
58,0,2R3online,EMGg,emg
58,0,2R3online,EMGd,emg
58,0,2R3online,F4,eeg
58,0,2R3online,FC2,eeg
58,0,2R3online,FC4,eeg
58,0,2R3online,FC6,eeg
58,0,2R3online,CP2,eeg
58,0,2R3online,CP4,eeg
58,0,2R3online,CP6,eeg
58,0,2R3online,P4,eeg
58,0,2R3online,F3,eeg
58,0,2R3online,FC1,eeg
58,0,2R3online,FC3,eeg
58,0,2R3online,FC5,eeg
58,0,2R3online,CP1,eeg
58,0,2R3online,CP3,eeg
58,0,2R3online,CP5,eeg
58,0,2R3online,P3,eeg
58,0,3R4online,Fz,eeg
58,0,3R4online,FCz,eeg
58,0,3R4online,Cz,eeg
58,0,3R4online,CPz,eeg
58,0,3R4online,Pz,eeg
58,0,3R4online,C1,eeg
58,0,3R4online,C3,eeg
58,0,3R4online,C5,eeg
58,0,3R4online,C2,eeg
58,0,3R4online,C4,eeg
58,0,3R4online,C6,eeg
58,0,3R4online,EOG1,eog
58,0,3R4online,EOG2,eog
58,0,3R4online,EOG3,eog
58,0,3R4online,EMGg,emg
58,0,3R4online,EMGd,emg
58,0,3R4online,F4,eeg
58,0,3R4online,FC2,eeg
58,0,3R4online,FC4,eeg
58,0,3R4online,FC6,eeg
58,0,3R4online,CP2,eeg
58,0,3R4online,CP4,eeg
58,0,3R4online,CP6,eeg
58,0,3R4online,P4,eeg
58,0,3R4online,F3,eeg
58,0,3R4online,FC1,eeg
58,0,3R4online,FC3,eeg
58,0,3R4online,FC5,eeg
58,0,3R4online,CP1,eeg
58,0,3R4online,CP3,eeg
58,0,3R4online,CP5,eeg
58,0,3R4online,P3,eeg
58,0,4R5online,Fz,eeg
58,0,4R5online,FCz,eeg
58,0,4R5online,Cz,eeg
58,0,4R5online,CPz,eeg
58,0,4R5online,Pz,eeg
58,0,4R5online,C1,eeg
58,0,4R5online,C3,eeg
58,0,4R5online,C5,eeg
58,0,4R5online,C2,eeg
58,0,4R5online,C4,eeg
58,0,4R5online,C6,eeg
58,0,4R5online,EOG1,eog
58,0,4R5online,EOG2,eog
58,0,4R5online,EOG3,eog
58,0,4R5online,EMGg,emg
58,0,4R5online,EMGd,emg
58,0,4R5online,F4,eeg
58,0,4R5online,FC2,eeg
58,0,4R5online,FC4,eeg
58,0,4R5online,FC6,eeg
58,0,4R5online,CP2,eeg
58,0,4R5online,CP4,eeg
58,0,4R5online,CP6,eeg
58,0,4R5online,P4,eeg
58,0,4R5online,F3,eeg
58,0,4R5online,FC1,eeg
58,0,4R5online,FC3,eeg
58,0,4R5online,FC5,eeg
58,0,4R5online,CP1,eeg
58,0,4R5online,CP3,eeg
58,0,4R5online,CP5,eeg
58,0,4R5online,P3,eeg
58,0,5R6online,Fz,eeg
58,0,5R6online,FCz,eeg
58,0,5R6online,Cz,eeg
58,0,5R6online,CPz,eeg
58,0,5R6online,Pz,eeg
58,0,5R6online,C1,eeg
58,0,5R6online,C3,eeg
58,0,5R6online,C5,eeg
58,0,5R6online,C2,eeg
58,0,5R6online,C4,eeg
58,0,5R6online,C6,eeg
58,0,5R6online,EOG1,eog
58,0,5R6online,EOG2,eog
58,0,5R6online,EOG3,eog
58,0,5R6online,EMGg,emg
58,0,5R6online,EMGd,emg
58,0,5R6online,F4,eeg
58,0,5R6online,FC2,eeg
58,0,5R6online,FC4,eeg
58,0,5R6online,FC6,eeg
58,0,5R6online,CP2,eeg
58,0,5R6online,CP4,eeg
58,0,5R6online,CP6,eeg
58,0,5R6online,P4,eeg
58,0,5R6online,F3,eeg
58,0,5R6online,FC1,eeg
58,0,5R6online,FC3,eeg
58,0,5R6online,FC5,eeg
58,0,5R6online,CP1,eeg
58,0,5R6online,CP3,eeg
58,0,5R6online,CP5,eeg
58,0,5R6online,P3,eeg
59,0,0R1acquisition,Fz,eeg
59,0,0R1acquisition,FCz,eeg
59,0,0R1acquisition,Cz,eeg
59,0,0R1acquisition,CPz,eeg
59,0,0R1acquisition,Pz,eeg
59,0,0R1acquisition,C1,eeg
59,0,0R1acquisition,C3,eeg
59,0,0R1acquisition,C5,eeg
59,0,0R1acquisition,C2,eeg
59,0,0R1acquisition,C4,eeg
59,0,0R1acquisition,C6,eeg
59,0,0R1acquisition,EOG1,eog
59,0,0R1acquisition,EOG2,eog
59,0,0R1acquisition,EOG3,eog
59,0,0R1acquisition,EMGg,emg
59,0,0R1acquisition,EMGd,emg
59,0,0R1acquisition,F4,eeg
59,0,0R1acquisition,FC2,eeg
59,0,0R1acquisition,FC4,eeg
59,0,0R1acquisition,FC6,eeg
59,0,0R1acquisition,CP2,eeg
59,0,0R1acquisition,CP4,eeg
59,0,0R1acquisition,CP6,eeg
59,0,0R1acquisition,P4,eeg
59,0,0R1acquisition,F3,eeg
59,0,0R1acquisition,FC1,eeg
59,0,0R1acquisition,FC3,eeg
59,0,0R1acquisition,FC5,eeg
59,0,0R1acquisition,CP1,eeg
59,0,0R1acquisition,CP3,eeg
59,0,0R1acquisition,CP5,eeg
59,0,0R1acquisition,P3,eeg
59,0,1R2acquisition,Fz,eeg
59,0,1R2acquisition,FCz,eeg
59,0,1R2acquisition,Cz,eeg
59,0,1R2acquisition,CPz,eeg
59,0,1R2acquisition,Pz,eeg
59,0,1R2acquisition,C1,eeg
59,0,1R2acquisition,C3,eeg
59,0,1R2acquisition,C5,eeg
59,0,1R2acquisition,C2,eeg
59,0,1R2acquisition,C4,eeg
59,0,1R2acquisition,C6,eeg
59,0,1R2acquisition,EOG1,eog
59,0,1R2acquisition,EOG2,eog
59,0,1R2acquisition,EOG3,eog
59,0,1R2acquisition,EMGg,emg
59,0,1R2acquisition,EMGd,emg
59,0,1R2acquisition,F4,eeg
59,0,1R2acquisition,FC2,eeg
59,0,1R2acquisition,FC4,eeg
59,0,1R2acquisition,FC6,eeg
59,0,1R2acquisition,CP2,eeg
59,0,1R2acquisition,CP4,eeg
59,0,1R2acquisition,CP6,eeg
59,0,1R2acquisition,P4,eeg
59,0,1R2acquisition,F3,eeg
59,0,1R2acquisition,FC1,eeg
59,0,1R2acquisition,FC3,eeg
59,0,1R2acquisition,FC5,eeg
59,0,1R2acquisition,CP1,eeg
59,0,1R2acquisition,CP3,eeg
59,0,1R2acquisition,CP5,eeg
59,0,1R2acquisition,P3,eeg
59,0,2R3online,Fz,eeg
59,0,2R3online,FCz,eeg
59,0,2R3online,Cz,eeg
59,0,2R3online,CPz,eeg
59,0,2R3online,Pz,eeg
59,0,2R3online,C1,eeg
59,0,2R3online,C3,eeg
59,0,2R3online,C5,eeg
59,0,2R3online,C2,eeg
59,0,2R3online,C4,eeg
59,0,2R3online,C6,eeg
59,0,2R3online,EOG1,eog
59,0,2R3online,EOG2,eog
59,0,2R3online,EOG3,eog
59,0,2R3online,EMGg,emg
59,0,2R3online,EMGd,emg
59,0,2R3online,F4,eeg
59,0,2R3online,FC2,eeg
59,0,2R3online,FC4,eeg
59,0,2R3online,FC6,eeg
59,0,2R3online,CP2,eeg
59,0,2R3online,CP4,eeg
59,0,2R3online,CP6,eeg
59,0,2R3online,P4,eeg
59,0,2R3online,F3,eeg
59,0,2R3online,FC1,eeg
59,0,2R3online,FC3,eeg
59,0,2R3online,FC5,eeg
59,0,2R3online,CP1,eeg
59,0,2R3online,CP3,eeg
59,0,2R3online,CP5,eeg
59,0,2R3online,P3,eeg
59,0,3R4online,Fz,eeg
59,0,3R4online,FCz,eeg
59,0,3R4online,Cz,eeg
59,0,3R4online,CPz,eeg
59,0,3R4online,Pz,eeg
59,0,3R4online,C1,eeg
59,0,3R4online,C3,eeg
59,0,3R4online,C5,eeg
59,0,3R4online,C2,eeg
59,0,3R4online,C4,eeg
59,0,3R4online,C6,eeg
59,0,3R4online,EOG1,eog
59,0,3R4online,EOG2,eog
59,0,3R4online,EOG3,eog
59,0,3R4online,EMGg,emg
59,0,3R4online,EMGd,emg
59,0,3R4online,F4,eeg
59,0,3R4online,FC2,eeg
59,0,3R4online,FC4,eeg
59,0,3R4online,FC6,eeg
59,0,3R4online,CP2,eeg
59,0,3R4online,CP4,eeg
59,0,3R4online,CP6,eeg
59,0,3R4online,P4,eeg
59,0,3R4online,F3,eeg
59,0,3R4online,FC1,eeg
59,0,3R4online,FC3,eeg
59,0,3R4online,FC5,eeg
59,0,3R4online,CP1,eeg
59,0,3R4online,CP3,eeg
59,0,3R4online,CP5,eeg
59,0,3R4online,P3,eeg
60,0,0R1acquisition,Fz,eeg
60,0,0R1acquisition,FCz,eeg
60,0,0R1acquisition,Cz,eeg
60,0,0R1acquisition,CPz,eeg
60,0,0R1acquisition,Pz,eeg
60,0,0R1acquisition,C1,eeg
60,0,0R1acquisition,C3,eeg
60,0,0R1acquisition,C5,eeg
60,0,0R1acquisition,C2,eeg
60,0,0R1acquisition,C4,eeg
60,0,0R1acquisition,C6,eeg
60,0,0R1acquisition,EOG1,eog
60,0,0R1acquisition,EOG2,eog
60,0,0R1acquisition,EOG3,eog
60,0,0R1acquisition,EMGg,emg
60,0,0R1acquisition,EMGd,emg
60,0,0R1acquisition,F4,eeg
60,0,0R1acquisition,FC2,eeg
60,0,0R1acquisition,FC4,eeg
60,0,0R1acquisition,FC6,eeg
60,0,0R1acquisition,CP2,eeg
60,0,0R1acquisition,CP4,eeg
60,0,0R1acquisition,CP6,eeg
60,0,0R1acquisition,P4,eeg
60,0,0R1acquisition,F3,eeg
60,0,0R1acquisition,FC1,eeg
60,0,0R1acquisition,FC3,eeg
60,0,0R1acquisition,FC5,eeg
60,0,0R1acquisition,CP1,eeg
60,0,0R1acquisition,CP3,eeg
60,0,0R1acquisition,CP5,eeg
60,0,0R1acquisition,P3,eeg
60,0,1R2acquisition,Fz,eeg
60,0,1R2acquisition,FCz,eeg
60,0,1R2acquisition,Cz,eeg
60,0,1R2acquisition,CPz,eeg
60,0,1R2acquisition,Pz,eeg
60,0,1R2acquisition,C1,eeg
60,0,1R2acquisition,C3,eeg
60,0,1R2acquisition,C5,eeg
60,0,1R2acquisition,C2,eeg
60,0,1R2acquisition,C4,eeg
60,0,1R2acquisition,C6,eeg
60,0,1R2acquisition,EOG1,eog
60,0,1R2acquisition,EOG2,eog
60,0,1R2acquisition,EOG3,eog
60,0,1R2acquisition,EMGg,emg
60,0,1R2acquisition,EMGd,emg
60,0,1R2acquisition,F4,eeg
60,0,1R2acquisition,FC2,eeg
60,0,1R2acquisition,FC4,eeg
60,0,1R2acquisition,FC6,eeg
60,0,1R2acquisition,CP2,eeg
60,0,1R2acquisition,CP4,eeg
60,0,1R2acquisition,CP6,eeg
60,0,1R2acquisition,P4,eeg
60,0,1R2acquisition,F3,eeg
60,0,1R2acquisition,FC1,eeg
60,0,1R2acquisition,FC3,eeg
60,0,1R2acquisition,FC5,eeg
60,0,1R2acquisition,CP1,eeg
60,0,1R2acquisition,CP3,eeg
60,0,1R2acquisition,CP5,eeg
60,0,1R2acquisition,P3,eeg
60,0,2R3online,Fz,eeg
60,0,2R3online,FCz,eeg
60,0,2R3online,Cz,eeg
60,0,2R3online,CPz,eeg
60,0,2R3online,Pz,eeg
60,0,2R3online,C1,eeg
60,0,2R3online,C3,eeg
60,0,2R3online,C5,eeg
60,0,2R3online,C2,eeg
60,0,2R3online,C4,eeg
60,0,2R3online,C6,eeg
60,0,2R3online,EOG1,eog
60,0,2R3online,EOG2,eog
60,0,2R3online,EOG3,eog
60,0,2R3online,EMGg,emg
60,0,2R3online,EMGd,emg
60,0,2R3online,F4,eeg
60,0,2R3online,FC2,eeg
60,0,2R3online,FC4,eeg
60,0,2R3online,FC6,eeg
60,0,2R3online,CP2,eeg
60,0,2R3online,CP4,eeg
60,0,2R3online,CP6,eeg
60,0,2R3online,P4,eeg
60,0,2R3online,F3,eeg
60,0,2R3online,FC1,eeg
60,0,2R3online,FC3,eeg
60,0,2R3online,FC5,eeg
60,0,2R3online,CP1,eeg
60,0,2R3online,CP3,eeg
60,0,2R3online,CP5,eeg
60,0,2R3online,P3,eeg
60,0,3R4online,Fz,eeg
60,0,3R4online,FCz,eeg
60,0,3R4online,Cz,eeg
60,0,3R4online,CPz,eeg
60,0,3R4online,Pz,eeg
60,0,3R4online,C1,eeg
60,0,3R4online,C3,eeg
60,0,3R4online,C5,eeg
60,0,3R4online,C2,eeg
60,0,3R4online,C4,eeg
60,0,3R4online,C6,eeg
60,0,3R4online,EOG1,eog
60,0,3R4online,EOG2,eog
60,0,3R4online,EOG3,eog
60,0,3R4online,EMGg,emg
60,0,3R4online,EMGd,emg
60,0,3R4online,F4,eeg
60,0,3R4online,FC2,eeg
60,0,3R4online,FC4,eeg
60,0,3R4online,FC6,eeg
60,0,3R4online,CP2,eeg
60,0,3R4online,CP4,eeg
60,0,3R4online,CP6,eeg
60,0,3R4online,P4,eeg
60,0,3R4online,F3,eeg
60,0,3R4online,FC1,eeg
60,0,3R4online,FC3,eeg
60,0,3R4online,FC5,eeg
60,0,3R4online,CP1,eeg
60,0,3R4online,CP3,eeg
60,0,3R4online,CP5,eeg
60,0,3R4online,P3,eeg
60,0,4R5online,Fz,eeg
60,0,4R5online,FCz,eeg
60,0,4R5online,Cz,eeg
60,0,4R5online,CPz,eeg
60,0,4R5online,Pz,eeg
60,0,4R5online,C1,eeg
60,0,4R5online,C3,eeg
60,0,4R5online,C5,eeg
60,0,4R5online,C2,eeg
60,0,4R5online,C4,eeg
60,0,4R5online,C6,eeg
60,0,4R5online,EOG1,eog
60,0,4R5online,EOG2,eog
60,0,4R5online,EOG3,eog
60,0,4R5online,EMGg,emg
60,0,4R5online,EMGd,emg
60,0,4R5online,F4,eeg
60,0,4R5online,FC2,eeg
60,0,4R5online,FC4,eeg
60,0,4R5online,FC6,eeg
60,0,4R5online,CP2,eeg
60,0,4R5online,CP4,eeg
60,0,4R5online,CP6,eeg
60,0,4R5online,P4,eeg
60,0,4R5online,F3,eeg
60,0,4R5online,FC1,eeg
60,0,4R5online,FC3,eeg
60,0,4R5online,FC5,eeg
60,0,4R5online,CP1,eeg
60,0,4R5online,CP3,eeg
60,0,4R5online,CP5,eeg
60,0,4R5online,P3,eeg
60,0,5R6online,Fz,eeg
60,0,5R6online,FCz,eeg
60,0,5R6online,Cz,eeg
60,0,5R6online,CPz,eeg
60,0,5R6online,Pz,eeg
60,0,5R6online,C1,eeg
60,0,5R6online,C3,eeg
60,0,5R6online,C5,eeg
60,0,5R6online,C2,eeg
60,0,5R6online,C4,eeg
60,0,5R6online,C6,eeg
60,0,5R6online,EOG1,eog
60,0,5R6online,EOG2,eog
60,0,5R6online,EOG3,eog
60,0,5R6online,EMGg,emg
60,0,5R6online,EMGd,emg
60,0,5R6online,F4,eeg
60,0,5R6online,FC2,eeg
60,0,5R6online,FC4,eeg
60,0,5R6online,FC6,eeg
60,0,5R6online,CP2,eeg
60,0,5R6online,CP4,eeg
60,0,5R6online,CP6,eeg
60,0,5R6online,P4,eeg
60,0,5R6online,F3,eeg
60,0,5R6online,FC1,eeg
60,0,5R6online,FC3,eeg
60,0,5R6online,FC5,eeg
60,0,5R6online,CP1,eeg
60,0,5R6online,CP3,eeg
60,0,5R6online,CP5,eeg
60,0,5R6online,P3,eeg
61,0,0R1acquisition,Fz,eeg
61,0,0R1acquisition,FCz,eeg
61,0,0R1acquisition,Cz,eeg
61,0,0R1acquisition,CPz,eeg
61,0,0R1acquisition,Pz,eeg
61,0,0R1acquisition,C1,eeg
61,0,0R1acquisition,C3,eeg
61,0,0R1acquisition,C5,eeg
61,0,0R1acquisition,C2,eeg
61,0,0R1acquisition,C4,eeg
61,0,0R1acquisition,C6,eeg
61,0,0R1acquisition,EOG1,eog
61,0,0R1acquisition,EOG2,eog
61,0,0R1acquisition,EOG3,eog
61,0,0R1acquisition,EMGg,emg
61,0,0R1acquisition,EMGd,emg
61,0,0R1acquisition,F4,eeg
61,0,0R1acquisition,FC2,eeg
61,0,0R1acquisition,FC4,eeg
61,0,0R1acquisition,FC6,eeg
61,0,0R1acquisition,CP2,eeg
61,0,0R1acquisition,CP4,eeg
61,0,0R1acquisition,CP6,eeg
61,0,0R1acquisition,P4,eeg
61,0,0R1acquisition,F3,eeg
61,0,0R1acquisition,FC1,eeg
61,0,0R1acquisition,FC3,eeg
61,0,0R1acquisition,FC5,eeg
61,0,0R1acquisition,CP1,eeg
61,0,0R1acquisition,CP3,eeg
61,0,0R1acquisition,CP5,eeg
61,0,0R1acquisition,P3,eeg
61,0,1R2acquisition,Fz,eeg
61,0,1R2acquisition,FCz,eeg
61,0,1R2acquisition,Cz,eeg
61,0,1R2acquisition,CPz,eeg
61,0,1R2acquisition,Pz,eeg
61,0,1R2acquisition,C1,eeg
61,0,1R2acquisition,C3,eeg
61,0,1R2acquisition,C5,eeg
61,0,1R2acquisition,C2,eeg
61,0,1R2acquisition,C4,eeg
61,0,1R2acquisition,C6,eeg
61,0,1R2acquisition,EOG1,eog
61,0,1R2acquisition,EOG2,eog
61,0,1R2acquisition,EOG3,eog
61,0,1R2acquisition,EMGg,emg
61,0,1R2acquisition,EMGd,emg
61,0,1R2acquisition,F4,eeg
61,0,1R2acquisition,FC2,eeg
61,0,1R2acquisition,FC4,eeg
61,0,1R2acquisition,FC6,eeg
61,0,1R2acquisition,CP2,eeg
61,0,1R2acquisition,CP4,eeg
61,0,1R2acquisition,CP6,eeg
61,0,1R2acquisition,P4,eeg
61,0,1R2acquisition,F3,eeg
61,0,1R2acquisition,FC1,eeg
61,0,1R2acquisition,FC3,eeg
61,0,1R2acquisition,FC5,eeg
61,0,1R2acquisition,CP1,eeg
61,0,1R2acquisition,CP3,eeg
61,0,1R2acquisition,CP5,eeg
61,0,1R2acquisition,P3,eeg
61,0,2R3online,Fz,eeg
61,0,2R3online,FCz,eeg
61,0,2R3online,Cz,eeg
61,0,2R3online,CPz,eeg
61,0,2R3online,Pz,eeg
61,0,2R3online,C1,eeg
61,0,2R3online,C3,eeg
61,0,2R3online,C5,eeg
61,0,2R3online,C2,eeg
61,0,2R3online,C4,eeg
61,0,2R3online,C6,eeg
61,0,2R3online,EOG1,eog
61,0,2R3online,EOG2,eog
61,0,2R3online,EOG3,eog
61,0,2R3online,EMGg,emg
61,0,2R3online,EMGd,emg
61,0,2R3online,F4,eeg
61,0,2R3online,FC2,eeg
61,0,2R3online,FC4,eeg
61,0,2R3online,FC6,eeg
61,0,2R3online,CP2,eeg
61,0,2R3online,CP4,eeg
61,0,2R3online,CP6,eeg
61,0,2R3online,P4,eeg
61,0,2R3online,F3,eeg
61,0,2R3online,FC1,eeg
61,0,2R3online,FC3,eeg
61,0,2R3online,FC5,eeg
61,0,2R3online,CP1,eeg
61,0,2R3online,CP3,eeg
61,0,2R3online,CP5,eeg
61,0,2R3online,P3,eeg
61,0,3R4online,Fz,eeg
61,0,3R4online,FCz,eeg
61,0,3R4online,Cz,eeg
61,0,3R4online,CPz,eeg
61,0,3R4online,Pz,eeg
61,0,3R4online,C1,eeg
61,0,3R4online,C3,eeg
61,0,3R4online,C5,eeg
61,0,3R4online,C2,eeg
61,0,3R4online,C4,eeg
61,0,3R4online,C6,eeg
61,0,3R4online,EOG1,eog
61,0,3R4online,EOG2,eog
61,0,3R4online,EOG3,eog
61,0,3R4online,EMGg,emg
61,0,3R4online,EMGd,emg
61,0,3R4online,F4,eeg
61,0,3R4online,FC2,eeg
61,0,3R4online,FC4,eeg
61,0,3R4online,FC6,eeg
61,0,3R4online,CP2,eeg
61,0,3R4online,CP4,eeg
61,0,3R4online,CP6,eeg
61,0,3R4online,P4,eeg
61,0,3R4online,F3,eeg
61,0,3R4online,FC1,eeg
61,0,3R4online,FC3,eeg
61,0,3R4online,FC5,eeg
61,0,3R4online,CP1,eeg
61,0,3R4online,CP3,eeg
61,0,3R4online,CP5,eeg
61,0,3R4online,P3,eeg
61,0,4R5online,Fz,eeg
61,0,4R5online,FCz,eeg
61,0,4R5online,Cz,eeg
61,0,4R5online,CPz,eeg
61,0,4R5online,Pz,eeg
61,0,4R5online,C1,eeg
61,0,4R5online,C3,eeg
61,0,4R5online,C5,eeg
61,0,4R5online,C2,eeg
61,0,4R5online,C4,eeg
61,0,4R5online,C6,eeg
61,0,4R5online,EOG1,eog
61,0,4R5online,EOG2,eog
61,0,4R5online,EOG3,eog
61,0,4R5online,EMGg,emg
61,0,4R5online,EMGd,emg
61,0,4R5online,F4,eeg
61,0,4R5online,FC2,eeg
61,0,4R5online,FC4,eeg
61,0,4R5online,FC6,eeg
61,0,4R5online,CP2,eeg
61,0,4R5online,CP4,eeg
61,0,4R5online,CP6,eeg
61,0,4R5online,P4,eeg
61,0,4R5online,F3,eeg
61,0,4R5online,FC1,eeg
61,0,4R5online,FC3,eeg
61,0,4R5online,FC5,eeg
61,0,4R5online,CP1,eeg
61,0,4R5online,CP3,eeg
61,0,4R5online,CP5,eeg
61,0,4R5online,P3,eeg
61,0,5R6online,Fz,eeg
61,0,5R6online,FCz,eeg
61,0,5R6online,Cz,eeg
61,0,5R6online,CPz,eeg
61,0,5R6online,Pz,eeg
61,0,5R6online,C1,eeg
61,0,5R6online,C3,eeg
61,0,5R6online,C5,eeg
61,0,5R6online,C2,eeg
61,0,5R6online,C4,eeg
61,0,5R6online,C6,eeg
61,0,5R6online,EOG1,eog
61,0,5R6online,EOG2,eog
61,0,5R6online,EOG3,eog
61,0,5R6online,EMGg,emg
61,0,5R6online,EMGd,emg
61,0,5R6online,F4,eeg
61,0,5R6online,FC2,eeg
61,0,5R6online,FC4,eeg
61,0,5R6online,FC6,eeg
61,0,5R6online,CP2,eeg
61,0,5R6online,CP4,eeg
61,0,5R6online,CP6,eeg
61,0,5R6online,P4,eeg
61,0,5R6online,F3,eeg
61,0,5R6online,FC1,eeg
61,0,5R6online,FC3,eeg
61,0,5R6online,FC5,eeg
61,0,5R6online,CP1,eeg
61,0,5R6online,CP3,eeg
61,0,5R6online,CP5,eeg
61,0,5R6online,P3,eeg
62,0,0R1acquisition,Fz,eeg
62,0,0R1acquisition,FCz,eeg
62,0,0R1acquisition,Cz,eeg
62,0,0R1acquisition,CPz,eeg
62,0,0R1acquisition,Pz,eeg
62,0,0R1acquisition,C1,eeg
62,0,0R1acquisition,C3,eeg
62,0,0R1acquisition,C5,eeg
62,0,0R1acquisition,C2,eeg
62,0,0R1acquisition,C4,eeg
62,0,0R1acquisition,C6,eeg
62,0,0R1acquisition,EOG1,eog
62,0,0R1acquisition,EOG2,eog
62,0,0R1acquisition,EOG3,eog
62,0,0R1acquisition,EMGg,emg
62,0,0R1acquisition,EMGd,emg
62,0,0R1acquisition,F4,eeg
62,0,0R1acquisition,FC2,eeg
62,0,0R1acquisition,FC4,eeg
62,0,0R1acquisition,FC6,eeg
62,0,0R1acquisition,CP2,eeg
62,0,0R1acquisition,CP4,eeg
62,0,0R1acquisition,CP6,eeg
62,0,0R1acquisition,P4,eeg
62,0,0R1acquisition,F3,eeg
62,0,0R1acquisition,FC1,eeg
62,0,0R1acquisition,FC3,eeg
62,0,0R1acquisition,FC5,eeg
62,0,0R1acquisition,CP1,eeg
62,0,0R1acquisition,CP3,eeg
62,0,0R1acquisition,CP5,eeg
62,0,0R1acquisition,P3,eeg
62,0,1R2acquisition,Fz,eeg
62,0,1R2acquisition,FCz,eeg
62,0,1R2acquisition,Cz,eeg
62,0,1R2acquisition,CPz,eeg
62,0,1R2acquisition,Pz,eeg
62,0,1R2acquisition,C1,eeg
62,0,1R2acquisition,C3,eeg
62,0,1R2acquisition,C5,eeg
62,0,1R2acquisition,C2,eeg
62,0,1R2acquisition,C4,eeg
62,0,1R2acquisition,C6,eeg
62,0,1R2acquisition,EOG1,eog
62,0,1R2acquisition,EOG2,eog
62,0,1R2acquisition,EOG3,eog
62,0,1R2acquisition,EMGg,emg
62,0,1R2acquisition,EMGd,emg
62,0,1R2acquisition,F4,eeg
62,0,1R2acquisition,FC2,eeg
62,0,1R2acquisition,FC4,eeg
62,0,1R2acquisition,FC6,eeg
62,0,1R2acquisition,CP2,eeg
62,0,1R2acquisition,CP4,eeg
62,0,1R2acquisition,CP6,eeg
62,0,1R2acquisition,P4,eeg
62,0,1R2acquisition,F3,eeg
62,0,1R2acquisition,FC1,eeg
62,0,1R2acquisition,FC3,eeg
62,0,1R2acquisition,FC5,eeg
62,0,1R2acquisition,CP1,eeg
62,0,1R2acquisition,CP3,eeg
62,0,1R2acquisition,CP5,eeg
62,0,1R2acquisition,P3,eeg
62,0,2R3online,Fz,eeg
62,0,2R3online,FCz,eeg
62,0,2R3online,Cz,eeg
62,0,2R3online,CPz,eeg
62,0,2R3online,Pz,eeg
62,0,2R3online,C1,eeg
62,0,2R3online,C3,eeg
62,0,2R3online,C5,eeg
62,0,2R3online,C2,eeg
62,0,2R3online,C4,eeg
62,0,2R3online,C6,eeg
62,0,2R3online,EOG1,eog
62,0,2R3online,EOG2,eog
62,0,2R3online,EOG3,eog
62,0,2R3online,EMGg,emg
62,0,2R3online,EMGd,emg
62,0,2R3online,F4,eeg
62,0,2R3online,FC2,eeg
62,0,2R3online,FC4,eeg
62,0,2R3online,FC6,eeg
62,0,2R3online,CP2,eeg
62,0,2R3online,CP4,eeg
62,0,2R3online,CP6,eeg
62,0,2R3online,P4,eeg
62,0,2R3online,F3,eeg
62,0,2R3online,FC1,eeg
62,0,2R3online,FC3,eeg
62,0,2R3online,FC5,eeg
62,0,2R3online,CP1,eeg
62,0,2R3online,CP3,eeg
62,0,2R3online,CP5,eeg
62,0,2R3online,P3,eeg
62,0,3R4online,Fz,eeg
62,0,3R4online,FCz,eeg
62,0,3R4online,Cz,eeg
62,0,3R4online,CPz,eeg
62,0,3R4online,Pz,eeg
62,0,3R4online,C1,eeg
62,0,3R4online,C3,eeg
62,0,3R4online,C5,eeg
62,0,3R4online,C2,eeg
62,0,3R4online,C4,eeg
62,0,3R4online,C6,eeg
62,0,3R4online,EOG1,eog
62,0,3R4online,EOG2,eog
62,0,3R4online,EOG3,eog
62,0,3R4online,EMGg,emg
62,0,3R4online,EMGd,emg
62,0,3R4online,F4,eeg
62,0,3R4online,FC2,eeg
62,0,3R4online,FC4,eeg
62,0,3R4online,FC6,eeg
62,0,3R4online,CP2,eeg
62,0,3R4online,CP4,eeg
62,0,3R4online,CP6,eeg
62,0,3R4online,P4,eeg
62,0,3R4online,F3,eeg
62,0,3R4online,FC1,eeg
62,0,3R4online,FC3,eeg
62,0,3R4online,FC5,eeg
62,0,3R4online,CP1,eeg
62,0,3R4online,CP3,eeg
62,0,3R4online,CP5,eeg
62,0,3R4online,P3,eeg
62,0,4R5online,Fz,eeg
62,0,4R5online,FCz,eeg
62,0,4R5online,Cz,eeg
62,0,4R5online,CPz,eeg
62,0,4R5online,Pz,eeg
62,0,4R5online,C1,eeg
62,0,4R5online,C3,eeg
62,0,4R5online,C5,eeg
62,0,4R5online,C2,eeg
62,0,4R5online,C4,eeg
62,0,4R5online,C6,eeg
62,0,4R5online,EOG1,eog
62,0,4R5online,EOG2,eog
62,0,4R5online,EOG3,eog
62,0,4R5online,EMGg,emg
62,0,4R5online,EMGd,emg
62,0,4R5online,F4,eeg
62,0,4R5online,FC2,eeg
62,0,4R5online,FC4,eeg
62,0,4R5online,FC6,eeg
62,0,4R5online,CP2,eeg
62,0,4R5online,CP4,eeg
62,0,4R5online,CP6,eeg
62,0,4R5online,P4,eeg
62,0,4R5online,F3,eeg
62,0,4R5online,FC1,eeg
62,0,4R5online,FC3,eeg
62,0,4R5online,FC5,eeg
62,0,4R5online,CP1,eeg
62,0,4R5online,CP3,eeg
62,0,4R5online,CP5,eeg
62,0,4R5online,P3,eeg
62,0,5R6online,Fz,eeg
62,0,5R6online,FCz,eeg
62,0,5R6online,Cz,eeg
62,0,5R6online,CPz,eeg
62,0,5R6online,Pz,eeg
62,0,5R6online,C1,eeg
62,0,5R6online,C3,eeg
62,0,5R6online,C5,eeg
62,0,5R6online,C2,eeg
62,0,5R6online,C4,eeg
62,0,5R6online,C6,eeg
62,0,5R6online,EOG1,eog
62,0,5R6online,EOG2,eog
62,0,5R6online,EOG3,eog
62,0,5R6online,EMGg,emg
62,0,5R6online,EMGd,emg
62,0,5R6online,F4,eeg
62,0,5R6online,FC2,eeg
62,0,5R6online,FC4,eeg
62,0,5R6online,FC6,eeg
62,0,5R6online,CP2,eeg
62,0,5R6online,CP4,eeg
62,0,5R6online,CP6,eeg
62,0,5R6online,P4,eeg
62,0,5R6online,F3,eeg
62,0,5R6online,FC1,eeg
62,0,5R6online,FC3,eeg
62,0,5R6online,FC5,eeg
62,0,5R6online,CP1,eeg
62,0,5R6online,CP3,eeg
62,0,5R6online,CP5,eeg
62,0,5R6online,P3,eeg
63,0,0R1acquisition,Fz,eeg
63,0,0R1acquisition,FCz,eeg
63,0,0R1acquisition,Cz,eeg
63,0,0R1acquisition,CPz,eeg
63,0,0R1acquisition,Pz,eeg
63,0,0R1acquisition,C1,eeg
63,0,0R1acquisition,C3,eeg
63,0,0R1acquisition,C5,eeg
63,0,0R1acquisition,C2,eeg
63,0,0R1acquisition,C4,eeg
63,0,0R1acquisition,C6,eeg
63,0,0R1acquisition,EOG1,eog
63,0,0R1acquisition,EOG2,eog
63,0,0R1acquisition,EOG3,eog
63,0,0R1acquisition,EMGg,emg
63,0,0R1acquisition,EMGd,emg
63,0,0R1acquisition,F4,eeg
63,0,0R1acquisition,FC2,eeg
63,0,0R1acquisition,FC4,eeg
63,0,0R1acquisition,FC6,eeg
63,0,0R1acquisition,CP2,eeg
63,0,0R1acquisition,CP4,eeg
63,0,0R1acquisition,CP6,eeg
63,0,0R1acquisition,P4,eeg
63,0,0R1acquisition,F3,eeg
63,0,0R1acquisition,FC1,eeg
63,0,0R1acquisition,FC3,eeg
63,0,0R1acquisition,FC5,eeg
63,0,0R1acquisition,CP1,eeg
63,0,0R1acquisition,CP3,eeg
63,0,0R1acquisition,CP5,eeg
63,0,0R1acquisition,P3,eeg
63,0,1R2acquisition,Fz,eeg
63,0,1R2acquisition,FCz,eeg
63,0,1R2acquisition,Cz,eeg
63,0,1R2acquisition,CPz,eeg
63,0,1R2acquisition,Pz,eeg
63,0,1R2acquisition,C1,eeg
63,0,1R2acquisition,C3,eeg
63,0,1R2acquisition,C5,eeg
63,0,1R2acquisition,C2,eeg
63,0,1R2acquisition,C4,eeg
63,0,1R2acquisition,C6,eeg
63,0,1R2acquisition,EOG1,eog
63,0,1R2acquisition,EOG2,eog
63,0,1R2acquisition,EOG3,eog
63,0,1R2acquisition,EMGg,emg
63,0,1R2acquisition,EMGd,emg
63,0,1R2acquisition,F4,eeg
63,0,1R2acquisition,FC2,eeg
63,0,1R2acquisition,FC4,eeg
63,0,1R2acquisition,FC6,eeg
63,0,1R2acquisition,CP2,eeg
63,0,1R2acquisition,CP4,eeg
63,0,1R2acquisition,CP6,eeg
63,0,1R2acquisition,P4,eeg
63,0,1R2acquisition,F3,eeg
63,0,1R2acquisition,FC1,eeg
63,0,1R2acquisition,FC3,eeg
63,0,1R2acquisition,FC5,eeg
63,0,1R2acquisition,CP1,eeg
63,0,1R2acquisition,CP3,eeg
63,0,1R2acquisition,CP5,eeg
63,0,1R2acquisition,P3,eeg
63,0,2R3online,Fz,eeg
63,0,2R3online,FCz,eeg
63,0,2R3online,Cz,eeg
63,0,2R3online,CPz,eeg
63,0,2R3online,Pz,eeg
63,0,2R3online,C1,eeg
63,0,2R3online,C3,eeg
63,0,2R3online,C5,eeg
63,0,2R3online,C2,eeg
63,0,2R3online,C4,eeg
63,0,2R3online,C6,eeg
63,0,2R3online,EOG1,eog
63,0,2R3online,EOG2,eog
63,0,2R3online,EOG3,eog
63,0,2R3online,EMGg,emg
63,0,2R3online,EMGd,emg
63,0,2R3online,F4,eeg
63,0,2R3online,FC2,eeg
63,0,2R3online,FC4,eeg
63,0,2R3online,FC6,eeg
63,0,2R3online,CP2,eeg
63,0,2R3online,CP4,eeg
63,0,2R3online,CP6,eeg
63,0,2R3online,P4,eeg
63,0,2R3online,F3,eeg
63,0,2R3online,FC1,eeg
63,0,2R3online,FC3,eeg
63,0,2R3online,FC5,eeg
63,0,2R3online,CP1,eeg
63,0,2R3online,CP3,eeg
63,0,2R3online,CP5,eeg
63,0,2R3online,P3,eeg
63,0,3R4online,Fz,eeg
63,0,3R4online,FCz,eeg
63,0,3R4online,Cz,eeg
63,0,3R4online,CPz,eeg
63,0,3R4online,Pz,eeg
63,0,3R4online,C1,eeg
63,0,3R4online,C3,eeg
63,0,3R4online,C5,eeg
63,0,3R4online,C2,eeg
63,0,3R4online,C4,eeg
63,0,3R4online,C6,eeg
63,0,3R4online,EOG1,eog
63,0,3R4online,EOG2,eog
63,0,3R4online,EOG3,eog
63,0,3R4online,EMGg,emg
63,0,3R4online,EMGd,emg
63,0,3R4online,F4,eeg
63,0,3R4online,FC2,eeg
63,0,3R4online,FC4,eeg
63,0,3R4online,FC6,eeg
63,0,3R4online,CP2,eeg
63,0,3R4online,CP4,eeg
63,0,3R4online,CP6,eeg
63,0,3R4online,P4,eeg
63,0,3R4online,F3,eeg
63,0,3R4online,FC1,eeg
63,0,3R4online,FC3,eeg
63,0,3R4online,FC5,eeg
63,0,3R4online,CP1,eeg
63,0,3R4online,CP3,eeg
63,0,3R4online,CP5,eeg
63,0,3R4online,P3,eeg
63,0,4R5online,Fz,eeg
63,0,4R5online,FCz,eeg
63,0,4R5online,Cz,eeg
63,0,4R5online,CPz,eeg
63,0,4R5online,Pz,eeg
63,0,4R5online,C1,eeg
63,0,4R5online,C3,eeg
63,0,4R5online,C5,eeg
63,0,4R5online,C2,eeg
63,0,4R5online,C4,eeg
63,0,4R5online,C6,eeg
63,0,4R5online,EOG1,eog
63,0,4R5online,EOG2,eog
63,0,4R5online,EOG3,eog
63,0,4R5online,EMGg,emg
63,0,4R5online,EMGd,emg
63,0,4R5online,F4,eeg
63,0,4R5online,FC2,eeg
63,0,4R5online,FC4,eeg
63,0,4R5online,FC6,eeg
63,0,4R5online,CP2,eeg
63,0,4R5online,CP4,eeg
63,0,4R5online,CP6,eeg
63,0,4R5online,P4,eeg
63,0,4R5online,F3,eeg
63,0,4R5online,FC1,eeg
63,0,4R5online,FC3,eeg
63,0,4R5online,FC5,eeg
63,0,4R5online,CP1,eeg
63,0,4R5online,CP3,eeg
63,0,4R5online,CP5,eeg
63,0,4R5online,P3,eeg
63,0,5R6online,Fz,eeg
63,0,5R6online,FCz,eeg
63,0,5R6online,Cz,eeg
63,0,5R6online,CPz,eeg
63,0,5R6online,Pz,eeg
63,0,5R6online,C1,eeg
63,0,5R6online,C3,eeg
63,0,5R6online,C5,eeg
63,0,5R6online,C2,eeg
63,0,5R6online,C4,eeg
63,0,5R6online,C6,eeg
63,0,5R6online,EOG1,eog
63,0,5R6online,EOG2,eog
63,0,5R6online,EOG3,eog
63,0,5R6online,EMGg,emg
63,0,5R6online,EMGd,emg
63,0,5R6online,F4,eeg
63,0,5R6online,FC2,eeg
63,0,5R6online,FC4,eeg
63,0,5R6online,FC6,eeg
63,0,5R6online,CP2,eeg
63,0,5R6online,CP4,eeg
63,0,5R6online,CP6,eeg
63,0,5R6online,P4,eeg
63,0,5R6online,F3,eeg
63,0,5R6online,FC1,eeg
63,0,5R6online,FC3,eeg
63,0,5R6online,FC5,eeg
63,0,5R6online,CP1,eeg
63,0,5R6online,CP3,eeg
63,0,5R6online,CP5,eeg
63,0,5R6online,P3,eeg
64,0,0R1acquisition,Fz,eeg
64,0,0R1acquisition,FCz,eeg
64,0,0R1acquisition,Cz,eeg
64,0,0R1acquisition,CPz,eeg
64,0,0R1acquisition,Pz,eeg
64,0,0R1acquisition,C1,eeg
64,0,0R1acquisition,C3,eeg
64,0,0R1acquisition,C5,eeg
64,0,0R1acquisition,C2,eeg
64,0,0R1acquisition,C4,eeg
64,0,0R1acquisition,C6,eeg
64,0,0R1acquisition,EOG1,eog
64,0,0R1acquisition,EOG2,eog
64,0,0R1acquisition,EOG3,eog
64,0,0R1acquisition,EMGg,emg
64,0,0R1acquisition,EMGd,emg
64,0,0R1acquisition,F4,eeg
64,0,0R1acquisition,FC2,eeg
64,0,0R1acquisition,FC4,eeg
64,0,0R1acquisition,FC6,eeg
64,0,0R1acquisition,CP2,eeg
64,0,0R1acquisition,CP4,eeg
64,0,0R1acquisition,CP6,eeg
64,0,0R1acquisition,P4,eeg
64,0,0R1acquisition,F3,eeg
64,0,0R1acquisition,FC1,eeg
64,0,0R1acquisition,FC3,eeg
64,0,0R1acquisition,FC5,eeg
64,0,0R1acquisition,CP1,eeg
64,0,0R1acquisition,CP3,eeg
64,0,0R1acquisition,CP5,eeg
64,0,0R1acquisition,P3,eeg
64,0,1R2acquisition,Fz,eeg
64,0,1R2acquisition,FCz,eeg
64,0,1R2acquisition,Cz,eeg
64,0,1R2acquisition,CPz,eeg
64,0,1R2acquisition,Pz,eeg
64,0,1R2acquisition,C1,eeg
64,0,1R2acquisition,C3,eeg
64,0,1R2acquisition,C5,eeg
64,0,1R2acquisition,C2,eeg
64,0,1R2acquisition,C4,eeg
64,0,1R2acquisition,C6,eeg
64,0,1R2acquisition,EOG1,eog
64,0,1R2acquisition,EOG2,eog
64,0,1R2acquisition,EOG3,eog
64,0,1R2acquisition,EMGg,emg
64,0,1R2acquisition,EMGd,emg
64,0,1R2acquisition,F4,eeg
64,0,1R2acquisition,FC2,eeg
64,0,1R2acquisition,FC4,eeg
64,0,1R2acquisition,FC6,eeg
64,0,1R2acquisition,CP2,eeg
64,0,1R2acquisition,CP4,eeg
64,0,1R2acquisition,CP6,eeg
64,0,1R2acquisition,P4,eeg
64,0,1R2acquisition,F3,eeg
64,0,1R2acquisition,FC1,eeg
64,0,1R2acquisition,FC3,eeg
64,0,1R2acquisition,FC5,eeg
64,0,1R2acquisition,CP1,eeg
64,0,1R2acquisition,CP3,eeg
64,0,1R2acquisition,CP5,eeg
64,0,1R2acquisition,P3,eeg
64,0,2R3online,Fz,eeg
64,0,2R3online,FCz,eeg
64,0,2R3online,Cz,eeg
64,0,2R3online,CPz,eeg
64,0,2R3online,Pz,eeg
64,0,2R3online,C1,eeg
64,0,2R3online,C3,eeg
64,0,2R3online,C5,eeg
64,0,2R3online,C2,eeg
64,0,2R3online,C4,eeg
64,0,2R3online,C6,eeg
64,0,2R3online,EOG1,eog
64,0,2R3online,EOG2,eog
64,0,2R3online,EOG3,eog
64,0,2R3online,EMGg,emg
64,0,2R3online,EMGd,emg
64,0,2R3online,F4,eeg
64,0,2R3online,FC2,eeg
64,0,2R3online,FC4,eeg
64,0,2R3online,FC6,eeg
64,0,2R3online,CP2,eeg
64,0,2R3online,CP4,eeg
64,0,2R3online,CP6,eeg
64,0,2R3online,P4,eeg
64,0,2R3online,F3,eeg
64,0,2R3online,FC1,eeg
64,0,2R3online,FC3,eeg
64,0,2R3online,FC5,eeg
64,0,2R3online,CP1,eeg
64,0,2R3online,CP3,eeg
64,0,2R3online,CP5,eeg
64,0,2R3online,P3,eeg
64,0,3R4online,Fz,eeg
64,0,3R4online,FCz,eeg
64,0,3R4online,Cz,eeg
64,0,3R4online,CPz,eeg
64,0,3R4online,Pz,eeg
64,0,3R4online,C1,eeg
64,0,3R4online,C3,eeg
64,0,3R4online,C5,eeg
64,0,3R4online,C2,eeg
64,0,3R4online,C4,eeg
64,0,3R4online,C6,eeg
64,0,3R4online,EOG1,eog
64,0,3R4online,EOG2,eog
64,0,3R4online,EOG3,eog
64,0,3R4online,EMGg,emg
64,0,3R4online,EMGd,emg
64,0,3R4online,F4,eeg
64,0,3R4online,FC2,eeg
64,0,3R4online,FC4,eeg
64,0,3R4online,FC6,eeg
64,0,3R4online,CP2,eeg
64,0,3R4online,CP4,eeg
64,0,3R4online,CP6,eeg
64,0,3R4online,P4,eeg
64,0,3R4online,F3,eeg
64,0,3R4online,FC1,eeg
64,0,3R4online,FC3,eeg
64,0,3R4online,FC5,eeg
64,0,3R4online,CP1,eeg
64,0,3R4online,CP3,eeg
64,0,3R4online,CP5,eeg
64,0,3R4online,P3,eeg
64,0,4R5online,Fz,eeg
64,0,4R5online,FCz,eeg
64,0,4R5online,Cz,eeg
64,0,4R5online,CPz,eeg
64,0,4R5online,Pz,eeg
64,0,4R5online,C1,eeg
64,0,4R5online,C3,eeg
64,0,4R5online,C5,eeg
64,0,4R5online,C2,eeg
64,0,4R5online,C4,eeg
64,0,4R5online,C6,eeg
64,0,4R5online,EOG1,eog
64,0,4R5online,EOG2,eog
64,0,4R5online,EOG3,eog
64,0,4R5online,EMGg,emg
64,0,4R5online,EMGd,emg
64,0,4R5online,F4,eeg
64,0,4R5online,FC2,eeg
64,0,4R5online,FC4,eeg
64,0,4R5online,FC6,eeg
64,0,4R5online,CP2,eeg
64,0,4R5online,CP4,eeg
64,0,4R5online,CP6,eeg
64,0,4R5online,P4,eeg
64,0,4R5online,F3,eeg
64,0,4R5online,FC1,eeg
64,0,4R5online,FC3,eeg
64,0,4R5online,FC5,eeg
64,0,4R5online,CP1,eeg
64,0,4R5online,CP3,eeg
64,0,4R5online,CP5,eeg
64,0,4R5online,P3,eeg
64,0,5R6online,Fz,eeg
64,0,5R6online,FCz,eeg
64,0,5R6online,Cz,eeg
64,0,5R6online,CPz,eeg
64,0,5R6online,Pz,eeg
64,0,5R6online,C1,eeg
64,0,5R6online,C3,eeg
64,0,5R6online,C5,eeg
64,0,5R6online,C2,eeg
64,0,5R6online,C4,eeg
64,0,5R6online,C6,eeg
64,0,5R6online,EOG1,eog
64,0,5R6online,EOG2,eog
64,0,5R6online,EOG3,eog
64,0,5R6online,EMGg,emg
64,0,5R6online,EMGd,emg
64,0,5R6online,F4,eeg
64,0,5R6online,FC2,eeg
64,0,5R6online,FC4,eeg
64,0,5R6online,FC6,eeg
64,0,5R6online,CP2,eeg
64,0,5R6online,CP4,eeg
64,0,5R6online,CP6,eeg
64,0,5R6online,P4,eeg
64,0,5R6online,F3,eeg
64,0,5R6online,FC1,eeg
64,0,5R6online,FC3,eeg
64,0,5R6online,FC5,eeg
64,0,5R6online,CP1,eeg
64,0,5R6online,CP3,eeg
64,0,5R6online,CP5,eeg
64,0,5R6online,P3,eeg
65,0,0R1acquisition,Fz,eeg
65,0,0R1acquisition,FCz,eeg
65,0,0R1acquisition,Cz,eeg
65,0,0R1acquisition,CPz,eeg
65,0,0R1acquisition,Pz,eeg
65,0,0R1acquisition,C1,eeg
65,0,0R1acquisition,C3,eeg
65,0,0R1acquisition,C5,eeg
65,0,0R1acquisition,C2,eeg
65,0,0R1acquisition,C4,eeg
65,0,0R1acquisition,C6,eeg
65,0,0R1acquisition,EOG1,eog
65,0,0R1acquisition,EOG2,eog
65,0,0R1acquisition,EOG3,eog
65,0,0R1acquisition,EMGg,emg
65,0,0R1acquisition,EMGd,emg
65,0,0R1acquisition,F4,eeg
65,0,0R1acquisition,FC2,eeg
65,0,0R1acquisition,FC4,eeg
65,0,0R1acquisition,FC6,eeg
65,0,0R1acquisition,CP2,eeg
65,0,0R1acquisition,CP4,eeg
65,0,0R1acquisition,CP6,eeg
65,0,0R1acquisition,P4,eeg
65,0,0R1acquisition,F3,eeg
65,0,0R1acquisition,FC1,eeg
65,0,0R1acquisition,FC3,eeg
65,0,0R1acquisition,FC5,eeg
65,0,0R1acquisition,CP1,eeg
65,0,0R1acquisition,CP3,eeg
65,0,0R1acquisition,CP5,eeg
65,0,0R1acquisition,P3,eeg
65,0,1R2acquisition,Fz,eeg
65,0,1R2acquisition,FCz,eeg
65,0,1R2acquisition,Cz,eeg
65,0,1R2acquisition,CPz,eeg
65,0,1R2acquisition,Pz,eeg
65,0,1R2acquisition,C1,eeg
65,0,1R2acquisition,C3,eeg
65,0,1R2acquisition,C5,eeg
65,0,1R2acquisition,C2,eeg
65,0,1R2acquisition,C4,eeg
65,0,1R2acquisition,C6,eeg
65,0,1R2acquisition,EOG1,eog
65,0,1R2acquisition,EOG2,eog
65,0,1R2acquisition,EOG3,eog
65,0,1R2acquisition,EMGg,emg
65,0,1R2acquisition,EMGd,emg
65,0,1R2acquisition,F4,eeg
65,0,1R2acquisition,FC2,eeg
65,0,1R2acquisition,FC4,eeg
65,0,1R2acquisition,FC6,eeg
65,0,1R2acquisition,CP2,eeg
65,0,1R2acquisition,CP4,eeg
65,0,1R2acquisition,CP6,eeg
65,0,1R2acquisition,P4,eeg
65,0,1R2acquisition,F3,eeg
65,0,1R2acquisition,FC1,eeg
65,0,1R2acquisition,FC3,eeg
65,0,1R2acquisition,FC5,eeg
65,0,1R2acquisition,CP1,eeg
65,0,1R2acquisition,CP3,eeg
65,0,1R2acquisition,CP5,eeg
65,0,1R2acquisition,P3,eeg
65,0,2R3online,Fz,eeg
65,0,2R3online,FCz,eeg
65,0,2R3online,Cz,eeg
65,0,2R3online,CPz,eeg
65,0,2R3online,Pz,eeg
65,0,2R3online,C1,eeg
65,0,2R3online,C3,eeg
65,0,2R3online,C5,eeg
65,0,2R3online,C2,eeg
65,0,2R3online,C4,eeg
65,0,2R3online,C6,eeg
65,0,2R3online,EOG1,eog
65,0,2R3online,EOG2,eog
65,0,2R3online,EOG3,eog
65,0,2R3online,EMGg,emg
65,0,2R3online,EMGd,emg
65,0,2R3online,F4,eeg
65,0,2R3online,FC2,eeg
65,0,2R3online,FC4,eeg
65,0,2R3online,FC6,eeg
65,0,2R3online,CP2,eeg
65,0,2R3online,CP4,eeg
65,0,2R3online,CP6,eeg
65,0,2R3online,P4,eeg
65,0,2R3online,F3,eeg
65,0,2R3online,FC1,eeg
65,0,2R3online,FC3,eeg
65,0,2R3online,FC5,eeg
65,0,2R3online,CP1,eeg
65,0,2R3online,CP3,eeg
65,0,2R3online,CP5,eeg
65,0,2R3online,P3,eeg
65,0,3R4online,Fz,eeg
65,0,3R4online,FCz,eeg
65,0,3R4online,Cz,eeg
65,0,3R4online,CPz,eeg
65,0,3R4online,Pz,eeg
65,0,3R4online,C1,eeg
65,0,3R4online,C3,eeg
65,0,3R4online,C5,eeg
65,0,3R4online,C2,eeg
65,0,3R4online,C4,eeg
65,0,3R4online,C6,eeg
65,0,3R4online,EOG1,eog
65,0,3R4online,EOG2,eog
65,0,3R4online,EOG3,eog
65,0,3R4online,EMGg,emg
65,0,3R4online,EMGd,emg
65,0,3R4online,F4,eeg
65,0,3R4online,FC2,eeg
65,0,3R4online,FC4,eeg
65,0,3R4online,FC6,eeg
65,0,3R4online,CP2,eeg
65,0,3R4online,CP4,eeg
65,0,3R4online,CP6,eeg
65,0,3R4online,P4,eeg
65,0,3R4online,F3,eeg
65,0,3R4online,FC1,eeg
65,0,3R4online,FC3,eeg
65,0,3R4online,FC5,eeg
65,0,3R4online,CP1,eeg
65,0,3R4online,CP3,eeg
65,0,3R4online,CP5,eeg
65,0,3R4online,P3,eeg
65,0,4R5online,Fz,eeg
65,0,4R5online,FCz,eeg
65,0,4R5online,Cz,eeg
65,0,4R5online,CPz,eeg
65,0,4R5online,Pz,eeg
65,0,4R5online,C1,eeg
65,0,4R5online,C3,eeg
65,0,4R5online,C5,eeg
65,0,4R5online,C2,eeg
65,0,4R5online,C4,eeg
65,0,4R5online,C6,eeg
65,0,4R5online,EOG1,eog
65,0,4R5online,EOG2,eog
65,0,4R5online,EOG3,eog
65,0,4R5online,EMGg,emg
65,0,4R5online,EMGd,emg
65,0,4R5online,F4,eeg
65,0,4R5online,FC2,eeg
65,0,4R5online,FC4,eeg
65,0,4R5online,FC6,eeg
65,0,4R5online,CP2,eeg
65,0,4R5online,CP4,eeg
65,0,4R5online,CP6,eeg
65,0,4R5online,P4,eeg
65,0,4R5online,F3,eeg
65,0,4R5online,FC1,eeg
65,0,4R5online,FC3,eeg
65,0,4R5online,FC5,eeg
65,0,4R5online,CP1,eeg
65,0,4R5online,CP3,eeg
65,0,4R5online,CP5,eeg
65,0,4R5online,P3,eeg
65,0,5R6online,Fz,eeg
65,0,5R6online,FCz,eeg
65,0,5R6online,Cz,eeg
65,0,5R6online,CPz,eeg
65,0,5R6online,Pz,eeg
65,0,5R6online,C1,eeg
65,0,5R6online,C3,eeg
65,0,5R6online,C5,eeg
65,0,5R6online,C2,eeg
65,0,5R6online,C4,eeg
65,0,5R6online,C6,eeg
65,0,5R6online,EOG1,eog
65,0,5R6online,EOG2,eog
65,0,5R6online,EOG3,eog
65,0,5R6online,EMGg,emg
65,0,5R6online,EMGd,emg
65,0,5R6online,F4,eeg
65,0,5R6online,FC2,eeg
65,0,5R6online,FC4,eeg
65,0,5R6online,FC6,eeg
65,0,5R6online,CP2,eeg
65,0,5R6online,CP4,eeg
65,0,5R6online,CP6,eeg
65,0,5R6online,P4,eeg
65,0,5R6online,F3,eeg
65,0,5R6online,FC1,eeg
65,0,5R6online,FC3,eeg
65,0,5R6online,FC5,eeg
65,0,5R6online,CP1,eeg
65,0,5R6online,CP3,eeg
65,0,5R6online,CP5,eeg
65,0,5R6online,P3,eeg
66,0,0R1acquisition,Fz,eeg
66,0,0R1acquisition,FCz,eeg
66,0,0R1acquisition,Cz,eeg
66,0,0R1acquisition,CPz,eeg
66,0,0R1acquisition,Pz,eeg
66,0,0R1acquisition,C1,eeg
66,0,0R1acquisition,C3,eeg
66,0,0R1acquisition,C5,eeg
66,0,0R1acquisition,C2,eeg
66,0,0R1acquisition,C4,eeg
66,0,0R1acquisition,C6,eeg
66,0,0R1acquisition,EOG1,eog
66,0,0R1acquisition,EOG2,eog
66,0,0R1acquisition,EOG3,eog
66,0,0R1acquisition,EMGg,emg
66,0,0R1acquisition,EMGd,emg
66,0,0R1acquisition,F4,eeg
66,0,0R1acquisition,FC2,eeg
66,0,0R1acquisition,FC4,eeg
66,0,0R1acquisition,FC6,eeg
66,0,0R1acquisition,CP2,eeg
66,0,0R1acquisition,CP4,eeg
66,0,0R1acquisition,CP6,eeg
66,0,0R1acquisition,P4,eeg
66,0,0R1acquisition,F3,eeg
66,0,0R1acquisition,FC1,eeg
66,0,0R1acquisition,FC3,eeg
66,0,0R1acquisition,FC5,eeg
66,0,0R1acquisition,CP1,eeg
66,0,0R1acquisition,CP3,eeg
66,0,0R1acquisition,CP5,eeg
66,0,0R1acquisition,P3,eeg
66,0,1R2acquisition,Fz,eeg
66,0,1R2acquisition,FCz,eeg
66,0,1R2acquisition,Cz,eeg
66,0,1R2acquisition,CPz,eeg
66,0,1R2acquisition,Pz,eeg
66,0,1R2acquisition,C1,eeg
66,0,1R2acquisition,C3,eeg
66,0,1R2acquisition,C5,eeg
66,0,1R2acquisition,C2,eeg
66,0,1R2acquisition,C4,eeg
66,0,1R2acquisition,C6,eeg
66,0,1R2acquisition,EOG1,eog
66,0,1R2acquisition,EOG2,eog
66,0,1R2acquisition,EOG3,eog
66,0,1R2acquisition,EMGg,emg
66,0,1R2acquisition,EMGd,emg
66,0,1R2acquisition,F4,eeg
66,0,1R2acquisition,FC2,eeg
66,0,1R2acquisition,FC4,eeg
66,0,1R2acquisition,FC6,eeg
66,0,1R2acquisition,CP2,eeg
66,0,1R2acquisition,CP4,eeg
66,0,1R2acquisition,CP6,eeg
66,0,1R2acquisition,P4,eeg
66,0,1R2acquisition,F3,eeg
66,0,1R2acquisition,FC1,eeg
66,0,1R2acquisition,FC3,eeg
66,0,1R2acquisition,FC5,eeg
66,0,1R2acquisition,CP1,eeg
66,0,1R2acquisition,CP3,eeg
66,0,1R2acquisition,CP5,eeg
66,0,1R2acquisition,P3,eeg
66,0,2R3online,Fz,eeg
66,0,2R3online,FCz,eeg
66,0,2R3online,Cz,eeg
66,0,2R3online,CPz,eeg
66,0,2R3online,Pz,eeg
66,0,2R3online,C1,eeg
66,0,2R3online,C3,eeg
66,0,2R3online,C5,eeg
66,0,2R3online,C2,eeg
66,0,2R3online,C4,eeg
66,0,2R3online,C6,eeg
66,0,2R3online,EOG1,eog
66,0,2R3online,EOG2,eog
66,0,2R3online,EOG3,eog
66,0,2R3online,EMGg,emg
66,0,2R3online,EMGd,emg
66,0,2R3online,F4,eeg
66,0,2R3online,FC2,eeg
66,0,2R3online,FC4,eeg
66,0,2R3online,FC6,eeg
66,0,2R3online,CP2,eeg
66,0,2R3online,CP4,eeg
66,0,2R3online,CP6,eeg
66,0,2R3online,P4,eeg
66,0,2R3online,F3,eeg
66,0,2R3online,FC1,eeg
66,0,2R3online,FC3,eeg
66,0,2R3online,FC5,eeg
66,0,2R3online,CP1,eeg
66,0,2R3online,CP3,eeg
66,0,2R3online,CP5,eeg
66,0,2R3online,P3,eeg
66,0,3R4online,Fz,eeg
66,0,3R4online,FCz,eeg
66,0,3R4online,Cz,eeg
66,0,3R4online,CPz,eeg
66,0,3R4online,Pz,eeg
66,0,3R4online,C1,eeg
66,0,3R4online,C3,eeg
66,0,3R4online,C5,eeg
66,0,3R4online,C2,eeg
66,0,3R4online,C4,eeg
66,0,3R4online,C6,eeg
66,0,3R4online,EOG1,eog
66,0,3R4online,EOG2,eog
66,0,3R4online,EOG3,eog
66,0,3R4online,EMGg,emg
66,0,3R4online,EMGd,emg
66,0,3R4online,F4,eeg
66,0,3R4online,FC2,eeg
66,0,3R4online,FC4,eeg
66,0,3R4online,FC6,eeg
66,0,3R4online,CP2,eeg
66,0,3R4online,CP4,eeg
66,0,3R4online,CP6,eeg
66,0,3R4online,P4,eeg
66,0,3R4online,F3,eeg
66,0,3R4online,FC1,eeg
66,0,3R4online,FC3,eeg
66,0,3R4online,FC5,eeg
66,0,3R4online,CP1,eeg
66,0,3R4online,CP3,eeg
66,0,3R4online,CP5,eeg
66,0,3R4online,P3,eeg
66,0,4R5online,Fz,eeg
66,0,4R5online,FCz,eeg
66,0,4R5online,Cz,eeg
66,0,4R5online,CPz,eeg
66,0,4R5online,Pz,eeg
66,0,4R5online,C1,eeg
66,0,4R5online,C3,eeg
66,0,4R5online,C5,eeg
66,0,4R5online,C2,eeg
66,0,4R5online,C4,eeg
66,0,4R5online,C6,eeg
66,0,4R5online,EOG1,eog
66,0,4R5online,EOG2,eog
66,0,4R5online,EOG3,eog
66,0,4R5online,EMGg,emg
66,0,4R5online,EMGd,emg
66,0,4R5online,F4,eeg
66,0,4R5online,FC2,eeg
66,0,4R5online,FC4,eeg
66,0,4R5online,FC6,eeg
66,0,4R5online,CP2,eeg
66,0,4R5online,CP4,eeg
66,0,4R5online,CP6,eeg
66,0,4R5online,P4,eeg
66,0,4R5online,F3,eeg
66,0,4R5online,FC1,eeg
66,0,4R5online,FC3,eeg
66,0,4R5online,FC5,eeg
66,0,4R5online,CP1,eeg
66,0,4R5online,CP3,eeg
66,0,4R5online,CP5,eeg
66,0,4R5online,P3,eeg
66,0,5R6online,Fz,eeg
66,0,5R6online,FCz,eeg
66,0,5R6online,Cz,eeg
66,0,5R6online,CPz,eeg
66,0,5R6online,Pz,eeg
66,0,5R6online,C1,eeg
66,0,5R6online,C3,eeg
66,0,5R6online,C5,eeg
66,0,5R6online,C2,eeg
66,0,5R6online,C4,eeg
66,0,5R6online,C6,eeg
66,0,5R6online,EOG1,eog
66,0,5R6online,EOG2,eog
66,0,5R6online,EOG3,eog
66,0,5R6online,EMGg,emg
66,0,5R6online,EMGd,emg
66,0,5R6online,F4,eeg
66,0,5R6online,FC2,eeg
66,0,5R6online,FC4,eeg
66,0,5R6online,FC6,eeg
66,0,5R6online,CP2,eeg
66,0,5R6online,CP4,eeg
66,0,5R6online,CP6,eeg
66,0,5R6online,P4,eeg
66,0,5R6online,F3,eeg
66,0,5R6online,FC1,eeg
66,0,5R6online,FC3,eeg
66,0,5R6online,FC5,eeg
66,0,5R6online,CP1,eeg
66,0,5R6online,CP3,eeg
66,0,5R6online,CP5,eeg
66,0,5R6online,P3,eeg
67,0,0R1acquisition,Fz,eeg
67,0,0R1acquisition,FCz,eeg
67,0,0R1acquisition,Cz,eeg
67,0,0R1acquisition,CPz,eeg
67,0,0R1acquisition,Pz,eeg
67,0,0R1acquisition,C1,eeg
67,0,0R1acquisition,C3,eeg
67,0,0R1acquisition,C5,eeg
67,0,0R1acquisition,C2,eeg
67,0,0R1acquisition,C4,eeg
67,0,0R1acquisition,C6,eeg
67,0,0R1acquisition,EOG1,eog
67,0,0R1acquisition,EOG2,eog
67,0,0R1acquisition,EOG3,eog
67,0,0R1acquisition,EMGg,emg
67,0,0R1acquisition,EMGd,emg
67,0,0R1acquisition,F4,eeg
67,0,0R1acquisition,FC2,eeg
67,0,0R1acquisition,FC4,eeg
67,0,0R1acquisition,FC6,eeg
67,0,0R1acquisition,CP2,eeg
67,0,0R1acquisition,CP4,eeg
67,0,0R1acquisition,CP6,eeg
67,0,0R1acquisition,P4,eeg
67,0,0R1acquisition,F3,eeg
67,0,0R1acquisition,FC1,eeg
67,0,0R1acquisition,FC3,eeg
67,0,0R1acquisition,FC5,eeg
67,0,0R1acquisition,CP1,eeg
67,0,0R1acquisition,CP3,eeg
67,0,0R1acquisition,CP5,eeg
67,0,0R1acquisition,P3,eeg
67,0,1R2acquisition,Fz,eeg
67,0,1R2acquisition,FCz,eeg
67,0,1R2acquisition,Cz,eeg
67,0,1R2acquisition,CPz,eeg
67,0,1R2acquisition,Pz,eeg
67,0,1R2acquisition,C1,eeg
67,0,1R2acquisition,C3,eeg
67,0,1R2acquisition,C5,eeg
67,0,1R2acquisition,C2,eeg
67,0,1R2acquisition,C4,eeg
67,0,1R2acquisition,C6,eeg
67,0,1R2acquisition,EOG1,eog
67,0,1R2acquisition,EOG2,eog
67,0,1R2acquisition,EOG3,eog
67,0,1R2acquisition,EMGg,emg
67,0,1R2acquisition,EMGd,emg
67,0,1R2acquisition,F4,eeg
67,0,1R2acquisition,FC2,eeg
67,0,1R2acquisition,FC4,eeg
67,0,1R2acquisition,FC6,eeg
67,0,1R2acquisition,CP2,eeg
67,0,1R2acquisition,CP4,eeg
67,0,1R2acquisition,CP6,eeg
67,0,1R2acquisition,P4,eeg
67,0,1R2acquisition,F3,eeg
67,0,1R2acquisition,FC1,eeg
67,0,1R2acquisition,FC3,eeg
67,0,1R2acquisition,FC5,eeg
67,0,1R2acquisition,CP1,eeg
67,0,1R2acquisition,CP3,eeg
67,0,1R2acquisition,CP5,eeg
67,0,1R2acquisition,P3,eeg
67,0,2R3online,Fz,eeg
67,0,2R3online,FCz,eeg
67,0,2R3online,Cz,eeg
67,0,2R3online,CPz,eeg
67,0,2R3online,Pz,eeg
67,0,2R3online,C1,eeg
67,0,2R3online,C3,eeg
67,0,2R3online,C5,eeg
67,0,2R3online,C2,eeg
67,0,2R3online,C4,eeg
67,0,2R3online,C6,eeg
67,0,2R3online,EOG1,eog
67,0,2R3online,EOG2,eog
67,0,2R3online,EOG3,eog
67,0,2R3online,EMGg,emg
67,0,2R3online,EMGd,emg
67,0,2R3online,F4,eeg
67,0,2R3online,FC2,eeg
67,0,2R3online,FC4,eeg
67,0,2R3online,FC6,eeg
67,0,2R3online,CP2,eeg
67,0,2R3online,CP4,eeg
67,0,2R3online,CP6,eeg
67,0,2R3online,P4,eeg
67,0,2R3online,F3,eeg
67,0,2R3online,FC1,eeg
67,0,2R3online,FC3,eeg
67,0,2R3online,FC5,eeg
67,0,2R3online,CP1,eeg
67,0,2R3online,CP3,eeg
67,0,2R3online,CP5,eeg
67,0,2R3online,P3,eeg
67,0,3R4online,Fz,eeg
67,0,3R4online,FCz,eeg
67,0,3R4online,Cz,eeg
67,0,3R4online,CPz,eeg
67,0,3R4online,Pz,eeg
67,0,3R4online,C1,eeg
67,0,3R4online,C3,eeg
67,0,3R4online,C5,eeg
67,0,3R4online,C2,eeg
67,0,3R4online,C4,eeg
67,0,3R4online,C6,eeg
67,0,3R4online,EOG1,eog
67,0,3R4online,EOG2,eog
67,0,3R4online,EOG3,eog
67,0,3R4online,EMGg,emg
67,0,3R4online,EMGd,emg
67,0,3R4online,F4,eeg
67,0,3R4online,FC2,eeg
67,0,3R4online,FC4,eeg
67,0,3R4online,FC6,eeg
67,0,3R4online,CP2,eeg
67,0,3R4online,CP4,eeg
67,0,3R4online,CP6,eeg
67,0,3R4online,P4,eeg
67,0,3R4online,F3,eeg
67,0,3R4online,FC1,eeg
67,0,3R4online,FC3,eeg
67,0,3R4online,FC5,eeg
67,0,3R4online,CP1,eeg
67,0,3R4online,CP3,eeg
67,0,3R4online,CP5,eeg
67,0,3R4online,P3,eeg
67,0,4R5online,Fz,eeg
67,0,4R5online,FCz,eeg
67,0,4R5online,Cz,eeg
67,0,4R5online,CPz,eeg
67,0,4R5online,Pz,eeg
67,0,4R5online,C1,eeg
67,0,4R5online,C3,eeg
67,0,4R5online,C5,eeg
67,0,4R5online,C2,eeg
67,0,4R5online,C4,eeg
67,0,4R5online,C6,eeg
67,0,4R5online,EOG1,eog
67,0,4R5online,EOG2,eog
67,0,4R5online,EOG3,eog
67,0,4R5online,EMGg,emg
67,0,4R5online,EMGd,emg
67,0,4R5online,F4,eeg
67,0,4R5online,FC2,eeg
67,0,4R5online,FC4,eeg
67,0,4R5online,FC6,eeg
67,0,4R5online,CP2,eeg
67,0,4R5online,CP4,eeg
67,0,4R5online,CP6,eeg
67,0,4R5online,P4,eeg
67,0,4R5online,F3,eeg
67,0,4R5online,FC1,eeg
67,0,4R5online,FC3,eeg
67,0,4R5online,FC5,eeg
67,0,4R5online,CP1,eeg
67,0,4R5online,CP3,eeg
67,0,4R5online,CP5,eeg
67,0,4R5online,P3,eeg
67,0,5R6online,Fz,eeg
67,0,5R6online,FCz,eeg
67,0,5R6online,Cz,eeg
67,0,5R6online,CPz,eeg
67,0,5R6online,Pz,eeg
67,0,5R6online,C1,eeg
67,0,5R6online,C3,eeg
67,0,5R6online,C5,eeg
67,0,5R6online,C2,eeg
67,0,5R6online,C4,eeg
67,0,5R6online,C6,eeg
67,0,5R6online,EOG1,eog
67,0,5R6online,EOG2,eog
67,0,5R6online,EOG3,eog
67,0,5R6online,EMGg,emg
67,0,5R6online,EMGd,emg
67,0,5R6online,F4,eeg
67,0,5R6online,FC2,eeg
67,0,5R6online,FC4,eeg
67,0,5R6online,FC6,eeg
67,0,5R6online,CP2,eeg
67,0,5R6online,CP4,eeg
67,0,5R6online,CP6,eeg
67,0,5R6online,P4,eeg
67,0,5R6online,F3,eeg
67,0,5R6online,FC1,eeg
67,0,5R6online,FC3,eeg
67,0,5R6online,FC5,eeg
67,0,5R6online,CP1,eeg
67,0,5R6online,CP3,eeg
67,0,5R6online,CP5,eeg
67,0,5R6online,P3,eeg
68,0,0R1acquisition,Fz,eeg
68,0,0R1acquisition,FCz,eeg
68,0,0R1acquisition,Cz,eeg
68,0,0R1acquisition,CPz,eeg
68,0,0R1acquisition,Pz,eeg
68,0,0R1acquisition,C1,eeg
68,0,0R1acquisition,C3,eeg
68,0,0R1acquisition,C5,eeg
68,0,0R1acquisition,C2,eeg
68,0,0R1acquisition,C4,eeg
68,0,0R1acquisition,C6,eeg
68,0,0R1acquisition,EOG1,eog
68,0,0R1acquisition,EOG2,eog
68,0,0R1acquisition,EOG3,eog
68,0,0R1acquisition,EMGg,emg
68,0,0R1acquisition,EMGd,emg
68,0,0R1acquisition,F4,eeg
68,0,0R1acquisition,FC2,eeg
68,0,0R1acquisition,FC4,eeg
68,0,0R1acquisition,FC6,eeg
68,0,0R1acquisition,CP2,eeg
68,0,0R1acquisition,CP4,eeg
68,0,0R1acquisition,CP6,eeg
68,0,0R1acquisition,P4,eeg
68,0,0R1acquisition,F3,eeg
68,0,0R1acquisition,FC1,eeg
68,0,0R1acquisition,FC3,eeg
68,0,0R1acquisition,FC5,eeg
68,0,0R1acquisition,CP1,eeg
68,0,0R1acquisition,CP3,eeg
68,0,0R1acquisition,CP5,eeg
68,0,0R1acquisition,P3,eeg
68,0,1R2acquisition,Fz,eeg
68,0,1R2acquisition,FCz,eeg
68,0,1R2acquisition,Cz,eeg
68,0,1R2acquisition,CPz,eeg
68,0,1R2acquisition,Pz,eeg
68,0,1R2acquisition,C1,eeg
68,0,1R2acquisition,C3,eeg
68,0,1R2acquisition,C5,eeg
68,0,1R2acquisition,C2,eeg
68,0,1R2acquisition,C4,eeg
68,0,1R2acquisition,C6,eeg
68,0,1R2acquisition,EOG1,eog
68,0,1R2acquisition,EOG2,eog
68,0,1R2acquisition,EOG3,eog
68,0,1R2acquisition,EMGg,emg
68,0,1R2acquisition,EMGd,emg
68,0,1R2acquisition,F4,eeg
68,0,1R2acquisition,FC2,eeg
68,0,1R2acquisition,FC4,eeg
68,0,1R2acquisition,FC6,eeg
68,0,1R2acquisition,CP2,eeg
68,0,1R2acquisition,CP4,eeg
68,0,1R2acquisition,CP6,eeg
68,0,1R2acquisition,P4,eeg
68,0,1R2acquisition,F3,eeg
68,0,1R2acquisition,FC1,eeg
68,0,1R2acquisition,FC3,eeg
68,0,1R2acquisition,FC5,eeg
68,0,1R2acquisition,CP1,eeg
68,0,1R2acquisition,CP3,eeg
68,0,1R2acquisition,CP5,eeg
68,0,1R2acquisition,P3,eeg
68,0,2R3online,Fz,eeg
68,0,2R3online,FCz,eeg
68,0,2R3online,Cz,eeg
68,0,2R3online,CPz,eeg
68,0,2R3online,Pz,eeg
68,0,2R3online,C1,eeg
68,0,2R3online,C3,eeg
68,0,2R3online,C5,eeg
68,0,2R3online,C2,eeg
68,0,2R3online,C4,eeg
68,0,2R3online,C6,eeg
68,0,2R3online,EOG1,eog
68,0,2R3online,EOG2,eog
68,0,2R3online,EOG3,eog
68,0,2R3online,EMGg,emg
68,0,2R3online,EMGd,emg
68,0,2R3online,F4,eeg
68,0,2R3online,FC2,eeg
68,0,2R3online,FC4,eeg
68,0,2R3online,FC6,eeg
68,0,2R3online,CP2,eeg
68,0,2R3online,CP4,eeg
68,0,2R3online,CP6,eeg
68,0,2R3online,P4,eeg
68,0,2R3online,F3,eeg
68,0,2R3online,FC1,eeg
68,0,2R3online,FC3,eeg
68,0,2R3online,FC5,eeg
68,0,2R3online,CP1,eeg
68,0,2R3online,CP3,eeg
68,0,2R3online,CP5,eeg
68,0,2R3online,P3,eeg
68,0,3R4online,Fz,eeg
68,0,3R4online,FCz,eeg
68,0,3R4online,Cz,eeg
68,0,3R4online,CPz,eeg
68,0,3R4online,Pz,eeg
68,0,3R4online,C1,eeg
68,0,3R4online,C3,eeg
68,0,3R4online,C5,eeg
68,0,3R4online,C2,eeg
68,0,3R4online,C4,eeg
68,0,3R4online,C6,eeg
68,0,3R4online,EOG1,eog
68,0,3R4online,EOG2,eog
68,0,3R4online,EOG3,eog
68,0,3R4online,EMGg,emg
68,0,3R4online,EMGd,emg
68,0,3R4online,F4,eeg
68,0,3R4online,FC2,eeg
68,0,3R4online,FC4,eeg
68,0,3R4online,FC6,eeg
68,0,3R4online,CP2,eeg
68,0,3R4online,CP4,eeg
68,0,3R4online,CP6,eeg
68,0,3R4online,P4,eeg
68,0,3R4online,F3,eeg
68,0,3R4online,FC1,eeg
68,0,3R4online,FC3,eeg
68,0,3R4online,FC5,eeg
68,0,3R4online,CP1,eeg
68,0,3R4online,CP3,eeg
68,0,3R4online,CP5,eeg
68,0,3R4online,P3,eeg
68,0,4R5online,Fz,eeg
68,0,4R5online,FCz,eeg
68,0,4R5online,Cz,eeg
68,0,4R5online,CPz,eeg
68,0,4R5online,Pz,eeg
68,0,4R5online,C1,eeg
68,0,4R5online,C3,eeg
68,0,4R5online,C5,eeg
68,0,4R5online,C2,eeg
68,0,4R5online,C4,eeg
68,0,4R5online,C6,eeg
68,0,4R5online,EOG1,eog
68,0,4R5online,EOG2,eog
68,0,4R5online,EOG3,eog
68,0,4R5online,EMGg,emg
68,0,4R5online,EMGd,emg
68,0,4R5online,F4,eeg
68,0,4R5online,FC2,eeg
68,0,4R5online,FC4,eeg
68,0,4R5online,FC6,eeg
68,0,4R5online,CP2,eeg
68,0,4R5online,CP4,eeg
68,0,4R5online,CP6,eeg
68,0,4R5online,P4,eeg
68,0,4R5online,F3,eeg
68,0,4R5online,FC1,eeg
68,0,4R5online,FC3,eeg
68,0,4R5online,FC5,eeg
68,0,4R5online,CP1,eeg
68,0,4R5online,CP3,eeg
68,0,4R5online,CP5,eeg
68,0,4R5online,P3,eeg
68,0,5R6online,Fz,eeg
68,0,5R6online,FCz,eeg
68,0,5R6online,Cz,eeg
68,0,5R6online,CPz,eeg
68,0,5R6online,Pz,eeg
68,0,5R6online,C1,eeg
68,0,5R6online,C3,eeg
68,0,5R6online,C5,eeg
68,0,5R6online,C2,eeg
68,0,5R6online,C4,eeg
68,0,5R6online,C6,eeg
68,0,5R6online,EOG1,eog
68,0,5R6online,EOG2,eog
68,0,5R6online,EOG3,eog
68,0,5R6online,EMGg,emg
68,0,5R6online,EMGd,emg
68,0,5R6online,F4,eeg
68,0,5R6online,FC2,eeg
68,0,5R6online,FC4,eeg
68,0,5R6online,FC6,eeg
68,0,5R6online,CP2,eeg
68,0,5R6online,CP4,eeg
68,0,5R6online,CP6,eeg
68,0,5R6online,P4,eeg
68,0,5R6online,F3,eeg
68,0,5R6online,FC1,eeg
68,0,5R6online,FC3,eeg
68,0,5R6online,FC5,eeg
68,0,5R6online,CP1,eeg
68,0,5R6online,CP3,eeg
68,0,5R6online,CP5,eeg
68,0,5R6online,P3,eeg
69,0,0R1acquisition,Fz,eeg
69,0,0R1acquisition,FCz,eeg
69,0,0R1acquisition,Cz,eeg
69,0,0R1acquisition,CPz,eeg
69,0,0R1acquisition,Pz,eeg
69,0,0R1acquisition,C1,eeg
69,0,0R1acquisition,C3,eeg
69,0,0R1acquisition,C5,eeg
69,0,0R1acquisition,C2,eeg
69,0,0R1acquisition,C4,eeg
69,0,0R1acquisition,C6,eeg
69,0,0R1acquisition,EOG1,eog
69,0,0R1acquisition,EOG2,eog
69,0,0R1acquisition,EOG3,eog
69,0,0R1acquisition,EMGg,emg
69,0,0R1acquisition,EMGd,emg
69,0,0R1acquisition,F4,eeg
69,0,0R1acquisition,FC2,eeg
69,0,0R1acquisition,FC4,eeg
69,0,0R1acquisition,FC6,eeg
69,0,0R1acquisition,CP2,eeg
69,0,0R1acquisition,CP4,eeg
69,0,0R1acquisition,CP6,eeg
69,0,0R1acquisition,P4,eeg
69,0,0R1acquisition,F3,eeg
69,0,0R1acquisition,FC1,eeg
69,0,0R1acquisition,FC3,eeg
69,0,0R1acquisition,FC5,eeg
69,0,0R1acquisition,CP1,eeg
69,0,0R1acquisition,CP3,eeg
69,0,0R1acquisition,CP5,eeg
69,0,0R1acquisition,P3,eeg
69,0,1R2acquisition,Fz,eeg
69,0,1R2acquisition,FCz,eeg
69,0,1R2acquisition,Cz,eeg
69,0,1R2acquisition,CPz,eeg
69,0,1R2acquisition,Pz,eeg
69,0,1R2acquisition,C1,eeg
69,0,1R2acquisition,C3,eeg
69,0,1R2acquisition,C5,eeg
69,0,1R2acquisition,C2,eeg
69,0,1R2acquisition,C4,eeg
69,0,1R2acquisition,C6,eeg
69,0,1R2acquisition,EOG1,eog
69,0,1R2acquisition,EOG2,eog
69,0,1R2acquisition,EOG3,eog
69,0,1R2acquisition,EMGg,emg
69,0,1R2acquisition,EMGd,emg
69,0,1R2acquisition,F4,eeg
69,0,1R2acquisition,FC2,eeg
69,0,1R2acquisition,FC4,eeg
69,0,1R2acquisition,FC6,eeg
69,0,1R2acquisition,CP2,eeg
69,0,1R2acquisition,CP4,eeg
69,0,1R2acquisition,CP6,eeg
69,0,1R2acquisition,P4,eeg
69,0,1R2acquisition,F3,eeg
69,0,1R2acquisition,FC1,eeg
69,0,1R2acquisition,FC3,eeg
69,0,1R2acquisition,FC5,eeg
69,0,1R2acquisition,CP1,eeg
69,0,1R2acquisition,CP3,eeg
69,0,1R2acquisition,CP5,eeg
69,0,1R2acquisition,P3,eeg
69,0,2R3online,Fz,eeg
69,0,2R3online,FCz,eeg
69,0,2R3online,Cz,eeg
69,0,2R3online,CPz,eeg
69,0,2R3online,Pz,eeg
69,0,2R3online,C1,eeg
69,0,2R3online,C3,eeg
69,0,2R3online,C5,eeg
69,0,2R3online,C2,eeg
69,0,2R3online,C4,eeg
69,0,2R3online,C6,eeg
69,0,2R3online,EOG1,eog
69,0,2R3online,EOG2,eog
69,0,2R3online,EOG3,eog
69,0,2R3online,EMGg,emg
69,0,2R3online,EMGd,emg
69,0,2R3online,F4,eeg
69,0,2R3online,FC2,eeg
69,0,2R3online,FC4,eeg
69,0,2R3online,FC6,eeg
69,0,2R3online,CP2,eeg
69,0,2R3online,CP4,eeg
69,0,2R3online,CP6,eeg
69,0,2R3online,P4,eeg
69,0,2R3online,F3,eeg
69,0,2R3online,FC1,eeg
69,0,2R3online,FC3,eeg
69,0,2R3online,FC5,eeg
69,0,2R3online,CP1,eeg
69,0,2R3online,CP3,eeg
69,0,2R3online,CP5,eeg
69,0,2R3online,P3,eeg
69,0,3R4online,Fz,eeg
69,0,3R4online,FCz,eeg
69,0,3R4online,Cz,eeg
69,0,3R4online,CPz,eeg
69,0,3R4online,Pz,eeg
69,0,3R4online,C1,eeg
69,0,3R4online,C3,eeg
69,0,3R4online,C5,eeg
69,0,3R4online,C2,eeg
69,0,3R4online,C4,eeg
69,0,3R4online,C6,eeg
69,0,3R4online,EOG1,eog
69,0,3R4online,EOG2,eog
69,0,3R4online,EOG3,eog
69,0,3R4online,EMGg,emg
69,0,3R4online,EMGd,emg
69,0,3R4online,F4,eeg
69,0,3R4online,FC2,eeg
69,0,3R4online,FC4,eeg
69,0,3R4online,FC6,eeg
69,0,3R4online,CP2,eeg
69,0,3R4online,CP4,eeg
69,0,3R4online,CP6,eeg
69,0,3R4online,P4,eeg
69,0,3R4online,F3,eeg
69,0,3R4online,FC1,eeg
69,0,3R4online,FC3,eeg
69,0,3R4online,FC5,eeg
69,0,3R4online,CP1,eeg
69,0,3R4online,CP3,eeg
69,0,3R4online,CP5,eeg
69,0,3R4online,P3,eeg
69,0,4R5online,Fz,eeg
69,0,4R5online,FCz,eeg
69,0,4R5online,Cz,eeg
69,0,4R5online,CPz,eeg
69,0,4R5online,Pz,eeg
69,0,4R5online,C1,eeg
69,0,4R5online,C3,eeg
69,0,4R5online,C5,eeg
69,0,4R5online,C2,eeg
69,0,4R5online,C4,eeg
69,0,4R5online,C6,eeg
69,0,4R5online,EOG1,eog
69,0,4R5online,EOG2,eog
69,0,4R5online,EOG3,eog
69,0,4R5online,EMGg,emg
69,0,4R5online,EMGd,emg
69,0,4R5online,F4,eeg
69,0,4R5online,FC2,eeg
69,0,4R5online,FC4,eeg
69,0,4R5online,FC6,eeg
69,0,4R5online,CP2,eeg
69,0,4R5online,CP4,eeg
69,0,4R5online,CP6,eeg
69,0,4R5online,P4,eeg
69,0,4R5online,F3,eeg
69,0,4R5online,FC1,eeg
69,0,4R5online,FC3,eeg
69,0,4R5online,FC5,eeg
69,0,4R5online,CP1,eeg
69,0,4R5online,CP3,eeg
69,0,4R5online,CP5,eeg
69,0,4R5online,P3,eeg
69,0,5R6online,Fz,eeg
69,0,5R6online,FCz,eeg
69,0,5R6online,Cz,eeg
69,0,5R6online,CPz,eeg
69,0,5R6online,Pz,eeg
69,0,5R6online,C1,eeg
69,0,5R6online,C3,eeg
69,0,5R6online,C5,eeg
69,0,5R6online,C2,eeg
69,0,5R6online,C4,eeg
69,0,5R6online,C6,eeg
69,0,5R6online,EOG1,eog
69,0,5R6online,EOG2,eog
69,0,5R6online,EOG3,eog
69,0,5R6online,EMGg,emg
69,0,5R6online,EMGd,emg
69,0,5R6online,F4,eeg
69,0,5R6online,FC2,eeg
69,0,5R6online,FC4,eeg
69,0,5R6online,FC6,eeg
69,0,5R6online,CP2,eeg
69,0,5R6online,CP4,eeg
69,0,5R6online,CP6,eeg
69,0,5R6online,P4,eeg
69,0,5R6online,F3,eeg
69,0,5R6online,FC1,eeg
69,0,5R6online,FC3,eeg
69,0,5R6online,FC5,eeg
69,0,5R6online,CP1,eeg
69,0,5R6online,CP3,eeg
69,0,5R6online,CP5,eeg
69,0,5R6online,P3,eeg
70,0,0R1acquisition,Fz,eeg
70,0,0R1acquisition,FCz,eeg
70,0,0R1acquisition,Cz,eeg
70,0,0R1acquisition,CPz,eeg
70,0,0R1acquisition,Pz,eeg
70,0,0R1acquisition,C1,eeg
70,0,0R1acquisition,C3,eeg
70,0,0R1acquisition,C5,eeg
70,0,0R1acquisition,C2,eeg
70,0,0R1acquisition,C4,eeg
70,0,0R1acquisition,C6,eeg
70,0,0R1acquisition,EOG1,eog
70,0,0R1acquisition,EOG2,eog
70,0,0R1acquisition,EOG3,eog
70,0,0R1acquisition,EMGg,emg
70,0,0R1acquisition,EMGd,emg
70,0,0R1acquisition,F4,eeg
70,0,0R1acquisition,FC2,eeg
70,0,0R1acquisition,FC4,eeg
70,0,0R1acquisition,FC6,eeg
70,0,0R1acquisition,CP2,eeg
70,0,0R1acquisition,CP4,eeg
70,0,0R1acquisition,CP6,eeg
70,0,0R1acquisition,P4,eeg
70,0,0R1acquisition,F3,eeg
70,0,0R1acquisition,FC1,eeg
70,0,0R1acquisition,FC3,eeg
70,0,0R1acquisition,FC5,eeg
70,0,0R1acquisition,CP1,eeg
70,0,0R1acquisition,CP3,eeg
70,0,0R1acquisition,CP5,eeg
70,0,0R1acquisition,P3,eeg
70,0,1R2acquisition,Fz,eeg
70,0,1R2acquisition,FCz,eeg
70,0,1R2acquisition,Cz,eeg
70,0,1R2acquisition,CPz,eeg
70,0,1R2acquisition,Pz,eeg
70,0,1R2acquisition,C1,eeg
70,0,1R2acquisition,C3,eeg
70,0,1R2acquisition,C5,eeg
70,0,1R2acquisition,C2,eeg
70,0,1R2acquisition,C4,eeg
70,0,1R2acquisition,C6,eeg
70,0,1R2acquisition,EOG1,eog
70,0,1R2acquisition,EOG2,eog
70,0,1R2acquisition,EOG3,eog
70,0,1R2acquisition,EMGg,emg
70,0,1R2acquisition,EMGd,emg
70,0,1R2acquisition,F4,eeg
70,0,1R2acquisition,FC2,eeg
70,0,1R2acquisition,FC4,eeg
70,0,1R2acquisition,FC6,eeg
70,0,1R2acquisition,CP2,eeg
70,0,1R2acquisition,CP4,eeg
70,0,1R2acquisition,CP6,eeg
70,0,1R2acquisition,P4,eeg
70,0,1R2acquisition,F3,eeg
70,0,1R2acquisition,FC1,eeg
70,0,1R2acquisition,FC3,eeg
70,0,1R2acquisition,FC5,eeg
70,0,1R2acquisition,CP1,eeg
70,0,1R2acquisition,CP3,eeg
70,0,1R2acquisition,CP5,eeg
70,0,1R2acquisition,P3,eeg
70,0,2R3online,Fz,eeg
70,0,2R3online,FCz,eeg
70,0,2R3online,Cz,eeg
70,0,2R3online,CPz,eeg
70,0,2R3online,Pz,eeg
70,0,2R3online,C1,eeg
70,0,2R3online,C3,eeg
70,0,2R3online,C5,eeg
70,0,2R3online,C2,eeg
70,0,2R3online,C4,eeg
70,0,2R3online,C6,eeg
70,0,2R3online,EOG1,eog
70,0,2R3online,EOG2,eog
70,0,2R3online,EOG3,eog
70,0,2R3online,EMGg,emg
70,0,2R3online,EMGd,emg
70,0,2R3online,F4,eeg
70,0,2R3online,FC2,eeg
70,0,2R3online,FC4,eeg
70,0,2R3online,FC6,eeg
70,0,2R3online,CP2,eeg
70,0,2R3online,CP4,eeg
70,0,2R3online,CP6,eeg
70,0,2R3online,P4,eeg
70,0,2R3online,F3,eeg
70,0,2R3online,FC1,eeg
70,0,2R3online,FC3,eeg
70,0,2R3online,FC5,eeg
70,0,2R3online,CP1,eeg
70,0,2R3online,CP3,eeg
70,0,2R3online,CP5,eeg
70,0,2R3online,P3,eeg
70,0,3R4online,Fz,eeg
70,0,3R4online,FCz,eeg
70,0,3R4online,Cz,eeg
70,0,3R4online,CPz,eeg
70,0,3R4online,Pz,eeg
70,0,3R4online,C1,eeg
70,0,3R4online,C3,eeg
70,0,3R4online,C5,eeg
70,0,3R4online,C2,eeg
70,0,3R4online,C4,eeg
70,0,3R4online,C6,eeg
70,0,3R4online,EOG1,eog
70,0,3R4online,EOG2,eog
70,0,3R4online,EOG3,eog
70,0,3R4online,EMGg,emg
70,0,3R4online,EMGd,emg
70,0,3R4online,F4,eeg
70,0,3R4online,FC2,eeg
70,0,3R4online,FC4,eeg
70,0,3R4online,FC6,eeg
70,0,3R4online,CP2,eeg
70,0,3R4online,CP4,eeg
70,0,3R4online,CP6,eeg
70,0,3R4online,P4,eeg
70,0,3R4online,F3,eeg
70,0,3R4online,FC1,eeg
70,0,3R4online,FC3,eeg
70,0,3R4online,FC5,eeg
70,0,3R4online,CP1,eeg
70,0,3R4online,CP3,eeg
70,0,3R4online,CP5,eeg
70,0,3R4online,P3,eeg
70,0,4R5online,Fz,eeg
70,0,4R5online,FCz,eeg
70,0,4R5online,Cz,eeg
70,0,4R5online,CPz,eeg
70,0,4R5online,Pz,eeg
70,0,4R5online,C1,eeg
70,0,4R5online,C3,eeg
70,0,4R5online,C5,eeg
70,0,4R5online,C2,eeg
70,0,4R5online,C4,eeg
70,0,4R5online,C6,eeg
70,0,4R5online,EOG1,eog
70,0,4R5online,EOG2,eog
70,0,4R5online,EOG3,eog
70,0,4R5online,EMGg,emg
70,0,4R5online,EMGd,emg
70,0,4R5online,F4,eeg
70,0,4R5online,FC2,eeg
70,0,4R5online,FC4,eeg
70,0,4R5online,FC6,eeg
70,0,4R5online,CP2,eeg
70,0,4R5online,CP4,eeg
70,0,4R5online,CP6,eeg
70,0,4R5online,P4,eeg
70,0,4R5online,F3,eeg
70,0,4R5online,FC1,eeg
70,0,4R5online,FC3,eeg
70,0,4R5online,FC5,eeg
70,0,4R5online,CP1,eeg
70,0,4R5online,CP3,eeg
70,0,4R5online,CP5,eeg
70,0,4R5online,P3,eeg
70,0,5R6online,Fz,eeg
70,0,5R6online,FCz,eeg
70,0,5R6online,Cz,eeg
70,0,5R6online,CPz,eeg
70,0,5R6online,Pz,eeg
70,0,5R6online,C1,eeg
70,0,5R6online,C3,eeg
70,0,5R6online,C5,eeg
70,0,5R6online,C2,eeg
70,0,5R6online,C4,eeg
70,0,5R6online,C6,eeg
70,0,5R6online,EOG1,eog
70,0,5R6online,EOG2,eog
70,0,5R6online,EOG3,eog
70,0,5R6online,EMGg,emg
70,0,5R6online,EMGd,emg
70,0,5R6online,F4,eeg
70,0,5R6online,FC2,eeg
70,0,5R6online,FC4,eeg
70,0,5R6online,FC6,eeg
70,0,5R6online,CP2,eeg
70,0,5R6online,CP4,eeg
70,0,5R6online,CP6,eeg
70,0,5R6online,P4,eeg
70,0,5R6online,F3,eeg
70,0,5R6online,FC1,eeg
70,0,5R6online,FC3,eeg
70,0,5R6online,FC5,eeg
70,0,5R6online,CP1,eeg
70,0,5R6online,CP3,eeg
70,0,5R6online,CP5,eeg
70,0,5R6online,P3,eeg
71,0,0R1acquisition,Fz,eeg
71,0,0R1acquisition,FCz,eeg
71,0,0R1acquisition,Cz,eeg
71,0,0R1acquisition,CPz,eeg
71,0,0R1acquisition,Pz,eeg
71,0,0R1acquisition,C1,eeg
71,0,0R1acquisition,C3,eeg
71,0,0R1acquisition,C5,eeg
71,0,0R1acquisition,C2,eeg
71,0,0R1acquisition,C4,eeg
71,0,0R1acquisition,C6,eeg
71,0,0R1acquisition,EOG1,eog
71,0,0R1acquisition,EOG2,eog
71,0,0R1acquisition,EOG3,eog
71,0,0R1acquisition,EMGg,emg
71,0,0R1acquisition,EMGd,emg
71,0,0R1acquisition,F4,eeg
71,0,0R1acquisition,FC2,eeg
71,0,0R1acquisition,FC4,eeg
71,0,0R1acquisition,FC6,eeg
71,0,0R1acquisition,CP2,eeg
71,0,0R1acquisition,CP4,eeg
71,0,0R1acquisition,CP6,eeg
71,0,0R1acquisition,P4,eeg
71,0,0R1acquisition,F3,eeg
71,0,0R1acquisition,FC1,eeg
71,0,0R1acquisition,FC3,eeg
71,0,0R1acquisition,FC5,eeg
71,0,0R1acquisition,CP1,eeg
71,0,0R1acquisition,CP3,eeg
71,0,0R1acquisition,CP5,eeg
71,0,0R1acquisition,P3,eeg
71,0,1R2acquisition,Fz,eeg
71,0,1R2acquisition,FCz,eeg
71,0,1R2acquisition,Cz,eeg
71,0,1R2acquisition,CPz,eeg
71,0,1R2acquisition,Pz,eeg
71,0,1R2acquisition,C1,eeg
71,0,1R2acquisition,C3,eeg
71,0,1R2acquisition,C5,eeg
71,0,1R2acquisition,C2,eeg
71,0,1R2acquisition,C4,eeg
71,0,1R2acquisition,C6,eeg
71,0,1R2acquisition,EOG1,eog
71,0,1R2acquisition,EOG2,eog
71,0,1R2acquisition,EOG3,eog
71,0,1R2acquisition,EMGg,emg
71,0,1R2acquisition,EMGd,emg
71,0,1R2acquisition,F4,eeg
71,0,1R2acquisition,FC2,eeg
71,0,1R2acquisition,FC4,eeg
71,0,1R2acquisition,FC6,eeg
71,0,1R2acquisition,CP2,eeg
71,0,1R2acquisition,CP4,eeg
71,0,1R2acquisition,CP6,eeg
71,0,1R2acquisition,P4,eeg
71,0,1R2acquisition,F3,eeg
71,0,1R2acquisition,FC1,eeg
71,0,1R2acquisition,FC3,eeg
71,0,1R2acquisition,FC5,eeg
71,0,1R2acquisition,CP1,eeg
71,0,1R2acquisition,CP3,eeg
71,0,1R2acquisition,CP5,eeg
71,0,1R2acquisition,P3,eeg
71,0,2R3online,Fz,eeg
71,0,2R3online,FCz,eeg
71,0,2R3online,Cz,eeg
71,0,2R3online,CPz,eeg
71,0,2R3online,Pz,eeg
71,0,2R3online,C1,eeg
71,0,2R3online,C3,eeg
71,0,2R3online,C5,eeg
71,0,2R3online,C2,eeg
71,0,2R3online,C4,eeg
71,0,2R3online,C6,eeg
71,0,2R3online,EOG1,eog
71,0,2R3online,EOG2,eog
71,0,2R3online,EOG3,eog
71,0,2R3online,EMGg,emg
71,0,2R3online,EMGd,emg
71,0,2R3online,F4,eeg
71,0,2R3online,FC2,eeg
71,0,2R3online,FC4,eeg
71,0,2R3online,FC6,eeg
71,0,2R3online,CP2,eeg
71,0,2R3online,CP4,eeg
71,0,2R3online,CP6,eeg
71,0,2R3online,P4,eeg
71,0,2R3online,F3,eeg
71,0,2R3online,FC1,eeg
71,0,2R3online,FC3,eeg
71,0,2R3online,FC5,eeg
71,0,2R3online,CP1,eeg
71,0,2R3online,CP3,eeg
71,0,2R3online,CP5,eeg
71,0,2R3online,P3,eeg
71,0,3R4online,Fz,eeg
71,0,3R4online,FCz,eeg
71,0,3R4online,Cz,eeg
71,0,3R4online,CPz,eeg
71,0,3R4online,Pz,eeg
71,0,3R4online,C1,eeg
71,0,3R4online,C3,eeg
71,0,3R4online,C5,eeg
71,0,3R4online,C2,eeg
71,0,3R4online,C4,eeg
71,0,3R4online,C6,eeg
71,0,3R4online,EOG1,eog
71,0,3R4online,EOG2,eog
71,0,3R4online,EOG3,eog
71,0,3R4online,EMGg,emg
71,0,3R4online,EMGd,emg
71,0,3R4online,F4,eeg
71,0,3R4online,FC2,eeg
71,0,3R4online,FC4,eeg
71,0,3R4online,FC6,eeg
71,0,3R4online,CP2,eeg
71,0,3R4online,CP4,eeg
71,0,3R4online,CP6,eeg
71,0,3R4online,P4,eeg
71,0,3R4online,F3,eeg
71,0,3R4online,FC1,eeg
71,0,3R4online,FC3,eeg
71,0,3R4online,FC5,eeg
71,0,3R4online,CP1,eeg
71,0,3R4online,CP3,eeg
71,0,3R4online,CP5,eeg
71,0,3R4online,P3,eeg
71,0,4R5online,Fz,eeg
71,0,4R5online,FCz,eeg
71,0,4R5online,Cz,eeg
71,0,4R5online,CPz,eeg
71,0,4R5online,Pz,eeg
71,0,4R5online,C1,eeg
71,0,4R5online,C3,eeg
71,0,4R5online,C5,eeg
71,0,4R5online,C2,eeg
71,0,4R5online,C4,eeg
71,0,4R5online,C6,eeg
71,0,4R5online,EOG1,eog
71,0,4R5online,EOG2,eog
71,0,4R5online,EOG3,eog
71,0,4R5online,EMGg,emg
71,0,4R5online,EMGd,emg
71,0,4R5online,F4,eeg
71,0,4R5online,FC2,eeg
71,0,4R5online,FC4,eeg
71,0,4R5online,FC6,eeg
71,0,4R5online,CP2,eeg
71,0,4R5online,CP4,eeg
71,0,4R5online,CP6,eeg
71,0,4R5online,P4,eeg
71,0,4R5online,F3,eeg
71,0,4R5online,FC1,eeg
71,0,4R5online,FC3,eeg
71,0,4R5online,FC5,eeg
71,0,4R5online,CP1,eeg
71,0,4R5online,CP3,eeg
71,0,4R5online,CP5,eeg
71,0,4R5online,P3,eeg
71,0,5R6online,Fz,eeg
71,0,5R6online,FCz,eeg
71,0,5R6online,Cz,eeg
71,0,5R6online,CPz,eeg
71,0,5R6online,Pz,eeg
71,0,5R6online,C1,eeg
71,0,5R6online,C3,eeg
71,0,5R6online,C5,eeg
71,0,5R6online,C2,eeg
71,0,5R6online,C4,eeg
71,0,5R6online,C6,eeg
71,0,5R6online,EOG1,eog
71,0,5R6online,EOG2,eog
71,0,5R6online,EOG3,eog
71,0,5R6online,EMGg,emg
71,0,5R6online,EMGd,emg
71,0,5R6online,F4,eeg
71,0,5R6online,FC2,eeg
71,0,5R6online,FC4,eeg
71,0,5R6online,FC6,eeg
71,0,5R6online,CP2,eeg
71,0,5R6online,CP4,eeg
71,0,5R6online,CP6,eeg
71,0,5R6online,P4,eeg
71,0,5R6online,F3,eeg
71,0,5R6online,FC1,eeg
71,0,5R6online,FC3,eeg
71,0,5R6online,FC5,eeg
71,0,5R6online,CP1,eeg
71,0,5R6online,CP3,eeg
71,0,5R6online,CP5,eeg
71,0,5R6online,P3,eeg
72,0,0R1acquisition,Fz,eeg
72,0,0R1acquisition,FCz,eeg
72,0,0R1acquisition,Cz,eeg
72,0,0R1acquisition,CPz,eeg
72,0,0R1acquisition,Pz,eeg
72,0,0R1acquisition,C1,eeg
72,0,0R1acquisition,C3,eeg
72,0,0R1acquisition,C5,eeg
72,0,0R1acquisition,C2,eeg
72,0,0R1acquisition,C4,eeg
72,0,0R1acquisition,C6,eeg
72,0,0R1acquisition,EOG1,eog
72,0,0R1acquisition,EOG2,eog
72,0,0R1acquisition,EOG3,eog
72,0,0R1acquisition,EMGg,emg
72,0,0R1acquisition,EMGd,emg
72,0,0R1acquisition,F4,eeg
72,0,0R1acquisition,FC2,eeg
72,0,0R1acquisition,FC4,eeg
72,0,0R1acquisition,FC6,eeg
72,0,0R1acquisition,CP2,eeg
72,0,0R1acquisition,CP4,eeg
72,0,0R1acquisition,CP6,eeg
72,0,0R1acquisition,P4,eeg
72,0,0R1acquisition,F3,eeg
72,0,0R1acquisition,FC1,eeg
72,0,0R1acquisition,FC3,eeg
72,0,0R1acquisition,FC5,eeg
72,0,0R1acquisition,CP1,eeg
72,0,0R1acquisition,CP3,eeg
72,0,0R1acquisition,CP5,eeg
72,0,0R1acquisition,P3,eeg
72,0,1R2acquisition,Fz,eeg
72,0,1R2acquisition,FCz,eeg
72,0,1R2acquisition,Cz,eeg
72,0,1R2acquisition,CPz,eeg
72,0,1R2acquisition,Pz,eeg
72,0,1R2acquisition,C1,eeg
72,0,1R2acquisition,C3,eeg
72,0,1R2acquisition,C5,eeg
72,0,1R2acquisition,C2,eeg
72,0,1R2acquisition,C4,eeg
72,0,1R2acquisition,C6,eeg
72,0,1R2acquisition,EOG1,eog
72,0,1R2acquisition,EOG2,eog
72,0,1R2acquisition,EOG3,eog
72,0,1R2acquisition,EMGg,emg
72,0,1R2acquisition,EMGd,emg
72,0,1R2acquisition,F4,eeg
72,0,1R2acquisition,FC2,eeg
72,0,1R2acquisition,FC4,eeg
72,0,1R2acquisition,FC6,eeg
72,0,1R2acquisition,CP2,eeg
72,0,1R2acquisition,CP4,eeg
72,0,1R2acquisition,CP6,eeg
72,0,1R2acquisition,P4,eeg
72,0,1R2acquisition,F3,eeg
72,0,1R2acquisition,FC1,eeg
72,0,1R2acquisition,FC3,eeg
72,0,1R2acquisition,FC5,eeg
72,0,1R2acquisition,CP1,eeg
72,0,1R2acquisition,CP3,eeg
72,0,1R2acquisition,CP5,eeg
72,0,1R2acquisition,P3,eeg
72,0,2R3online,Fz,eeg
72,0,2R3online,FCz,eeg
72,0,2R3online,Cz,eeg
72,0,2R3online,CPz,eeg
72,0,2R3online,Pz,eeg
72,0,2R3online,C1,eeg
72,0,2R3online,C3,eeg
72,0,2R3online,C5,eeg
72,0,2R3online,C2,eeg
72,0,2R3online,C4,eeg
72,0,2R3online,C6,eeg
72,0,2R3online,EOG1,eog
72,0,2R3online,EOG2,eog
72,0,2R3online,EOG3,eog
72,0,2R3online,EMGg,emg
72,0,2R3online,EMGd,emg
72,0,2R3online,F4,eeg
72,0,2R3online,FC2,eeg
72,0,2R3online,FC4,eeg
72,0,2R3online,FC6,eeg
72,0,2R3online,CP2,eeg
72,0,2R3online,CP4,eeg
72,0,2R3online,CP6,eeg
72,0,2R3online,P4,eeg
72,0,2R3online,F3,eeg
72,0,2R3online,FC1,eeg
72,0,2R3online,FC3,eeg
72,0,2R3online,FC5,eeg
72,0,2R3online,CP1,eeg
72,0,2R3online,CP3,eeg
72,0,2R3online,CP5,eeg
72,0,2R3online,P3,eeg
72,0,3R4online,Fz,eeg
72,0,3R4online,FCz,eeg
72,0,3R4online,Cz,eeg
72,0,3R4online,CPz,eeg
72,0,3R4online,Pz,eeg
72,0,3R4online,C1,eeg
72,0,3R4online,C3,eeg
72,0,3R4online,C5,eeg
72,0,3R4online,C2,eeg
72,0,3R4online,C4,eeg
72,0,3R4online,C6,eeg
72,0,3R4online,EOG1,eog
72,0,3R4online,EOG2,eog
72,0,3R4online,EOG3,eog
72,0,3R4online,EMGg,emg
72,0,3R4online,EMGd,emg
72,0,3R4online,F4,eeg
72,0,3R4online,FC2,eeg
72,0,3R4online,FC4,eeg
72,0,3R4online,FC6,eeg
72,0,3R4online,CP2,eeg
72,0,3R4online,CP4,eeg
72,0,3R4online,CP6,eeg
72,0,3R4online,P4,eeg
72,0,3R4online,F3,eeg
72,0,3R4online,FC1,eeg
72,0,3R4online,FC3,eeg
72,0,3R4online,FC5,eeg
72,0,3R4online,CP1,eeg
72,0,3R4online,CP3,eeg
72,0,3R4online,CP5,eeg
72,0,3R4online,P3,eeg
72,0,4R5online,Fz,eeg
72,0,4R5online,FCz,eeg
72,0,4R5online,Cz,eeg
72,0,4R5online,CPz,eeg
72,0,4R5online,Pz,eeg
72,0,4R5online,C1,eeg
72,0,4R5online,C3,eeg
72,0,4R5online,C5,eeg
72,0,4R5online,C2,eeg
72,0,4R5online,C4,eeg
72,0,4R5online,C6,eeg
72,0,4R5online,EOG1,eog
72,0,4R5online,EOG2,eog
72,0,4R5online,EOG3,eog
72,0,4R5online,EMGg,emg
72,0,4R5online,EMGd,emg
72,0,4R5online,F4,eeg
72,0,4R5online,FC2,eeg
72,0,4R5online,FC4,eeg
72,0,4R5online,FC6,eeg
72,0,4R5online,CP2,eeg
72,0,4R5online,CP4,eeg
72,0,4R5online,CP6,eeg
72,0,4R5online,P4,eeg
72,0,4R5online,F3,eeg
72,0,4R5online,FC1,eeg
72,0,4R5online,FC3,eeg
72,0,4R5online,FC5,eeg
72,0,4R5online,CP1,eeg
72,0,4R5online,CP3,eeg
72,0,4R5online,CP5,eeg
72,0,4R5online,P3,eeg
72,0,5R6online,Fz,eeg
72,0,5R6online,FCz,eeg
72,0,5R6online,Cz,eeg
72,0,5R6online,CPz,eeg
72,0,5R6online,Pz,eeg
72,0,5R6online,C1,eeg
72,0,5R6online,C3,eeg
72,0,5R6online,C5,eeg
72,0,5R6online,C2,eeg
72,0,5R6online,C4,eeg
72,0,5R6online,C6,eeg
72,0,5R6online,EOG1,eog
72,0,5R6online,EOG2,eog
72,0,5R6online,EOG3,eog
72,0,5R6online,EMGg,emg
72,0,5R6online,EMGd,emg
72,0,5R6online,F4,eeg
72,0,5R6online,FC2,eeg
72,0,5R6online,FC4,eeg
72,0,5R6online,FC6,eeg
72,0,5R6online,CP2,eeg
72,0,5R6online,CP4,eeg
72,0,5R6online,CP6,eeg
72,0,5R6online,P4,eeg
72,0,5R6online,F3,eeg
72,0,5R6online,FC1,eeg
72,0,5R6online,FC3,eeg
72,0,5R6online,FC5,eeg
72,0,5R6online,CP1,eeg
72,0,5R6online,CP3,eeg
72,0,5R6online,CP5,eeg
72,0,5R6online,P3,eeg
73,0,0R1acquisition,Fz,eeg
73,0,0R1acquisition,FCz,eeg
73,0,0R1acquisition,Cz,eeg
73,0,0R1acquisition,CPz,eeg
73,0,0R1acquisition,Pz,eeg
73,0,0R1acquisition,C1,eeg
73,0,0R1acquisition,C3,eeg
73,0,0R1acquisition,C5,eeg
73,0,0R1acquisition,C2,eeg
73,0,0R1acquisition,C4,eeg
73,0,0R1acquisition,C6,eeg
73,0,0R1acquisition,EOG1,eog
73,0,0R1acquisition,EOG2,eog
73,0,0R1acquisition,EOG3,eog
73,0,0R1acquisition,EMGg,emg
73,0,0R1acquisition,EMGd,emg
73,0,0R1acquisition,F4,eeg
73,0,0R1acquisition,FC2,eeg
73,0,0R1acquisition,FC4,eeg
73,0,0R1acquisition,FC6,eeg
73,0,0R1acquisition,CP2,eeg
73,0,0R1acquisition,CP4,eeg
73,0,0R1acquisition,CP6,eeg
73,0,0R1acquisition,P4,eeg
73,0,0R1acquisition,F3,eeg
73,0,0R1acquisition,FC1,eeg
73,0,0R1acquisition,FC3,eeg
73,0,0R1acquisition,FC5,eeg
73,0,0R1acquisition,CP1,eeg
73,0,0R1acquisition,CP3,eeg
73,0,0R1acquisition,CP5,eeg
73,0,0R1acquisition,P3,eeg
73,0,1R2acquisition,Fz,eeg
73,0,1R2acquisition,FCz,eeg
73,0,1R2acquisition,Cz,eeg
73,0,1R2acquisition,CPz,eeg
73,0,1R2acquisition,Pz,eeg
73,0,1R2acquisition,C1,eeg
73,0,1R2acquisition,C3,eeg
73,0,1R2acquisition,C5,eeg
73,0,1R2acquisition,C2,eeg
73,0,1R2acquisition,C4,eeg
73,0,1R2acquisition,C6,eeg
73,0,1R2acquisition,EOG1,eog
73,0,1R2acquisition,EOG2,eog
73,0,1R2acquisition,EOG3,eog
73,0,1R2acquisition,EMGg,emg
73,0,1R2acquisition,EMGd,emg
73,0,1R2acquisition,F4,eeg
73,0,1R2acquisition,FC2,eeg
73,0,1R2acquisition,FC4,eeg
73,0,1R2acquisition,FC6,eeg
73,0,1R2acquisition,CP2,eeg
73,0,1R2acquisition,CP4,eeg
73,0,1R2acquisition,CP6,eeg
73,0,1R2acquisition,P4,eeg
73,0,1R2acquisition,F3,eeg
73,0,1R2acquisition,FC1,eeg
73,0,1R2acquisition,FC3,eeg
73,0,1R2acquisition,FC5,eeg
73,0,1R2acquisition,CP1,eeg
73,0,1R2acquisition,CP3,eeg
73,0,1R2acquisition,CP5,eeg
73,0,1R2acquisition,P3,eeg
73,0,2R3online,Fz,eeg
73,0,2R3online,FCz,eeg
73,0,2R3online,Cz,eeg
73,0,2R3online,CPz,eeg
73,0,2R3online,Pz,eeg
73,0,2R3online,C1,eeg
73,0,2R3online,C3,eeg
73,0,2R3online,C5,eeg
73,0,2R3online,C2,eeg
73,0,2R3online,C4,eeg
73,0,2R3online,C6,eeg
73,0,2R3online,EOG1,eog
73,0,2R3online,EOG2,eog
73,0,2R3online,EOG3,eog
73,0,2R3online,EMGg,emg
73,0,2R3online,EMGd,emg
73,0,2R3online,F4,eeg
73,0,2R3online,FC2,eeg
73,0,2R3online,FC4,eeg
73,0,2R3online,FC6,eeg
73,0,2R3online,CP2,eeg
73,0,2R3online,CP4,eeg
73,0,2R3online,CP6,eeg
73,0,2R3online,P4,eeg
73,0,2R3online,F3,eeg
73,0,2R3online,FC1,eeg
73,0,2R3online,FC3,eeg
73,0,2R3online,FC5,eeg
73,0,2R3online,CP1,eeg
73,0,2R3online,CP3,eeg
73,0,2R3online,CP5,eeg
73,0,2R3online,P3,eeg
73,0,3R4online,Fz,eeg
73,0,3R4online,FCz,eeg
73,0,3R4online,Cz,eeg
73,0,3R4online,CPz,eeg
73,0,3R4online,Pz,eeg
73,0,3R4online,C1,eeg
73,0,3R4online,C3,eeg
73,0,3R4online,C5,eeg
73,0,3R4online,C2,eeg
73,0,3R4online,C4,eeg
73,0,3R4online,C6,eeg
73,0,3R4online,EOG1,eog
73,0,3R4online,EOG2,eog
73,0,3R4online,EOG3,eog
73,0,3R4online,EMGg,emg
73,0,3R4online,EMGd,emg
73,0,3R4online,F4,eeg
73,0,3R4online,FC2,eeg
73,0,3R4online,FC4,eeg
73,0,3R4online,FC6,eeg
73,0,3R4online,CP2,eeg
73,0,3R4online,CP4,eeg
73,0,3R4online,CP6,eeg
73,0,3R4online,P4,eeg
73,0,3R4online,F3,eeg
73,0,3R4online,FC1,eeg
73,0,3R4online,FC3,eeg
73,0,3R4online,FC5,eeg
73,0,3R4online,CP1,eeg
73,0,3R4online,CP3,eeg
73,0,3R4online,CP5,eeg
73,0,3R4online,P3,eeg
73,0,4R5online,Fz,eeg
73,0,4R5online,FCz,eeg
73,0,4R5online,Cz,eeg
73,0,4R5online,CPz,eeg
73,0,4R5online,Pz,eeg
73,0,4R5online,C1,eeg
73,0,4R5online,C3,eeg
73,0,4R5online,C5,eeg
73,0,4R5online,C2,eeg
73,0,4R5online,C4,eeg
73,0,4R5online,C6,eeg
73,0,4R5online,EOG1,eog
73,0,4R5online,EOG2,eog
73,0,4R5online,EOG3,eog
73,0,4R5online,EMGg,emg
73,0,4R5online,EMGd,emg
73,0,4R5online,F4,eeg
73,0,4R5online,FC2,eeg
73,0,4R5online,FC4,eeg
73,0,4R5online,FC6,eeg
73,0,4R5online,CP2,eeg
73,0,4R5online,CP4,eeg
73,0,4R5online,CP6,eeg
73,0,4R5online,P4,eeg
73,0,4R5online,F3,eeg
73,0,4R5online,FC1,eeg
73,0,4R5online,FC3,eeg
73,0,4R5online,FC5,eeg
73,0,4R5online,CP1,eeg
73,0,4R5online,CP3,eeg
73,0,4R5online,CP5,eeg
73,0,4R5online,P3,eeg
73,0,5R6online,Fz,eeg
73,0,5R6online,FCz,eeg
73,0,5R6online,Cz,eeg
73,0,5R6online,CPz,eeg
73,0,5R6online,Pz,eeg
73,0,5R6online,C1,eeg
73,0,5R6online,C3,eeg
73,0,5R6online,C5,eeg
73,0,5R6online,C2,eeg
73,0,5R6online,C4,eeg
73,0,5R6online,C6,eeg
73,0,5R6online,EOG1,eog
73,0,5R6online,EOG2,eog
73,0,5R6online,EOG3,eog
73,0,5R6online,EMGg,emg
73,0,5R6online,EMGd,emg
73,0,5R6online,F4,eeg
73,0,5R6online,FC2,eeg
73,0,5R6online,FC4,eeg
73,0,5R6online,FC6,eeg
73,0,5R6online,CP2,eeg
73,0,5R6online,CP4,eeg
73,0,5R6online,CP6,eeg
73,0,5R6online,P4,eeg
73,0,5R6online,F3,eeg
73,0,5R6online,FC1,eeg
73,0,5R6online,FC3,eeg
73,0,5R6online,FC5,eeg
73,0,5R6online,CP1,eeg
73,0,5R6online,CP3,eeg
73,0,5R6online,CP5,eeg
73,0,5R6online,P3,eeg
74,0,0R1acquisition,Fz,eeg
74,0,0R1acquisition,FCz,eeg
74,0,0R1acquisition,Cz,eeg
74,0,0R1acquisition,CPz,eeg
74,0,0R1acquisition,Pz,eeg
74,0,0R1acquisition,C1,eeg
74,0,0R1acquisition,C3,eeg
74,0,0R1acquisition,C5,eeg
74,0,0R1acquisition,C2,eeg
74,0,0R1acquisition,C4,eeg
74,0,0R1acquisition,C6,eeg
74,0,0R1acquisition,EOG1,eog
74,0,0R1acquisition,EOG2,eog
74,0,0R1acquisition,EOG3,eog
74,0,0R1acquisition,EMGg,emg
74,0,0R1acquisition,EMGd,emg
74,0,0R1acquisition,F4,eeg
74,0,0R1acquisition,FC2,eeg
74,0,0R1acquisition,FC4,eeg
74,0,0R1acquisition,FC6,eeg
74,0,0R1acquisition,CP2,eeg
74,0,0R1acquisition,CP4,eeg
74,0,0R1acquisition,CP6,eeg
74,0,0R1acquisition,P4,eeg
74,0,0R1acquisition,F3,eeg
74,0,0R1acquisition,FC1,eeg
74,0,0R1acquisition,FC3,eeg
74,0,0R1acquisition,FC5,eeg
74,0,0R1acquisition,CP1,eeg
74,0,0R1acquisition,CP3,eeg
74,0,0R1acquisition,CP5,eeg
74,0,0R1acquisition,P3,eeg
74,0,1R2acquisition,Fz,eeg
74,0,1R2acquisition,FCz,eeg
74,0,1R2acquisition,Cz,eeg
74,0,1R2acquisition,CPz,eeg
74,0,1R2acquisition,Pz,eeg
74,0,1R2acquisition,C1,eeg
74,0,1R2acquisition,C3,eeg
74,0,1R2acquisition,C5,eeg
74,0,1R2acquisition,C2,eeg
74,0,1R2acquisition,C4,eeg
74,0,1R2acquisition,C6,eeg
74,0,1R2acquisition,EOG1,eog
74,0,1R2acquisition,EOG2,eog
74,0,1R2acquisition,EOG3,eog
74,0,1R2acquisition,EMGg,emg
74,0,1R2acquisition,EMGd,emg
74,0,1R2acquisition,F4,eeg
74,0,1R2acquisition,FC2,eeg
74,0,1R2acquisition,FC4,eeg
74,0,1R2acquisition,FC6,eeg
74,0,1R2acquisition,CP2,eeg
74,0,1R2acquisition,CP4,eeg
74,0,1R2acquisition,CP6,eeg
74,0,1R2acquisition,P4,eeg
74,0,1R2acquisition,F3,eeg
74,0,1R2acquisition,FC1,eeg
74,0,1R2acquisition,FC3,eeg
74,0,1R2acquisition,FC5,eeg
74,0,1R2acquisition,CP1,eeg
74,0,1R2acquisition,CP3,eeg
74,0,1R2acquisition,CP5,eeg
74,0,1R2acquisition,P3,eeg
74,0,2R3online,Fz,eeg
74,0,2R3online,FCz,eeg
74,0,2R3online,Cz,eeg
74,0,2R3online,CPz,eeg
74,0,2R3online,Pz,eeg
74,0,2R3online,C1,eeg
74,0,2R3online,C3,eeg
74,0,2R3online,C5,eeg
74,0,2R3online,C2,eeg
74,0,2R3online,C4,eeg
74,0,2R3online,C6,eeg
74,0,2R3online,EOG1,eog
74,0,2R3online,EOG2,eog
74,0,2R3online,EOG3,eog
74,0,2R3online,EMGg,emg
74,0,2R3online,EMGd,emg
74,0,2R3online,F4,eeg
74,0,2R3online,FC2,eeg
74,0,2R3online,FC4,eeg
74,0,2R3online,FC6,eeg
74,0,2R3online,CP2,eeg
74,0,2R3online,CP4,eeg
74,0,2R3online,CP6,eeg
74,0,2R3online,P4,eeg
74,0,2R3online,F3,eeg
74,0,2R3online,FC1,eeg
74,0,2R3online,FC3,eeg
74,0,2R3online,FC5,eeg
74,0,2R3online,CP1,eeg
74,0,2R3online,CP3,eeg
74,0,2R3online,CP5,eeg
74,0,2R3online,P3,eeg
74,0,3R4online,Fz,eeg
74,0,3R4online,FCz,eeg
74,0,3R4online,Cz,eeg
74,0,3R4online,CPz,eeg
74,0,3R4online,Pz,eeg
74,0,3R4online,C1,eeg
74,0,3R4online,C3,eeg
74,0,3R4online,C5,eeg
74,0,3R4online,C2,eeg
74,0,3R4online,C4,eeg
74,0,3R4online,C6,eeg
74,0,3R4online,EOG1,eog
74,0,3R4online,EOG2,eog
74,0,3R4online,EOG3,eog
74,0,3R4online,EMGg,emg
74,0,3R4online,EMGd,emg
74,0,3R4online,F4,eeg
74,0,3R4online,FC2,eeg
74,0,3R4online,FC4,eeg
74,0,3R4online,FC6,eeg
74,0,3R4online,CP2,eeg
74,0,3R4online,CP4,eeg
74,0,3R4online,CP6,eeg
74,0,3R4online,P4,eeg
74,0,3R4online,F3,eeg
74,0,3R4online,FC1,eeg
74,0,3R4online,FC3,eeg
74,0,3R4online,FC5,eeg
74,0,3R4online,CP1,eeg
74,0,3R4online,CP3,eeg
74,0,3R4online,CP5,eeg
74,0,3R4online,P3,eeg
74,0,4R5online,Fz,eeg
74,0,4R5online,FCz,eeg
74,0,4R5online,Cz,eeg
74,0,4R5online,CPz,eeg
74,0,4R5online,Pz,eeg
74,0,4R5online,C1,eeg
74,0,4R5online,C3,eeg
74,0,4R5online,C5,eeg
74,0,4R5online,C2,eeg
74,0,4R5online,C4,eeg
74,0,4R5online,C6,eeg
74,0,4R5online,EOG1,eog
74,0,4R5online,EOG2,eog
74,0,4R5online,EOG3,eog
74,0,4R5online,EMGg,emg
74,0,4R5online,EMGd,emg
74,0,4R5online,F4,eeg
74,0,4R5online,FC2,eeg
74,0,4R5online,FC4,eeg
74,0,4R5online,FC6,eeg
74,0,4R5online,CP2,eeg
74,0,4R5online,CP4,eeg
74,0,4R5online,CP6,eeg
74,0,4R5online,P4,eeg
74,0,4R5online,F3,eeg
74,0,4R5online,FC1,eeg
74,0,4R5online,FC3,eeg
74,0,4R5online,FC5,eeg
74,0,4R5online,CP1,eeg
74,0,4R5online,CP3,eeg
74,0,4R5online,CP5,eeg
74,0,4R5online,P3,eeg
74,0,5R6online,Fz,eeg
74,0,5R6online,FCz,eeg
74,0,5R6online,Cz,eeg
74,0,5R6online,CPz,eeg
74,0,5R6online,Pz,eeg
74,0,5R6online,C1,eeg
74,0,5R6online,C3,eeg
74,0,5R6online,C5,eeg
74,0,5R6online,C2,eeg
74,0,5R6online,C4,eeg
74,0,5R6online,C6,eeg
74,0,5R6online,EOG1,eog
74,0,5R6online,EOG2,eog
74,0,5R6online,EOG3,eog
74,0,5R6online,EMGg,emg
74,0,5R6online,EMGd,emg
74,0,5R6online,F4,eeg
74,0,5R6online,FC2,eeg
74,0,5R6online,FC4,eeg
74,0,5R6online,FC6,eeg
74,0,5R6online,CP2,eeg
74,0,5R6online,CP4,eeg
74,0,5R6online,CP6,eeg
74,0,5R6online,P4,eeg
74,0,5R6online,F3,eeg
74,0,5R6online,FC1,eeg
74,0,5R6online,FC3,eeg
74,0,5R6online,FC5,eeg
74,0,5R6online,CP1,eeg
74,0,5R6online,CP3,eeg
74,0,5R6online,CP5,eeg
74,0,5R6online,P3,eeg
75,0,0R1acquisition,Fz,eeg
75,0,0R1acquisition,FCz,eeg
75,0,0R1acquisition,Cz,eeg
75,0,0R1acquisition,CPz,eeg
75,0,0R1acquisition,Pz,eeg
75,0,0R1acquisition,C1,eeg
75,0,0R1acquisition,C3,eeg
75,0,0R1acquisition,C5,eeg
75,0,0R1acquisition,C2,eeg
75,0,0R1acquisition,C4,eeg
75,0,0R1acquisition,C6,eeg
75,0,0R1acquisition,EOG1,eog
75,0,0R1acquisition,EOG2,eog
75,0,0R1acquisition,EOG3,eog
75,0,0R1acquisition,EMGg,emg
75,0,0R1acquisition,EMGd,emg
75,0,0R1acquisition,F4,eeg
75,0,0R1acquisition,FC2,eeg
75,0,0R1acquisition,FC4,eeg
75,0,0R1acquisition,FC6,eeg
75,0,0R1acquisition,CP2,eeg
75,0,0R1acquisition,CP4,eeg
75,0,0R1acquisition,CP6,eeg
75,0,0R1acquisition,P4,eeg
75,0,0R1acquisition,F3,eeg
75,0,0R1acquisition,FC1,eeg
75,0,0R1acquisition,FC3,eeg
75,0,0R1acquisition,FC5,eeg
75,0,0R1acquisition,CP1,eeg
75,0,0R1acquisition,CP3,eeg
75,0,0R1acquisition,CP5,eeg
75,0,0R1acquisition,P3,eeg
75,0,1R2acquisition,Fz,eeg
75,0,1R2acquisition,FCz,eeg
75,0,1R2acquisition,Cz,eeg
75,0,1R2acquisition,CPz,eeg
75,0,1R2acquisition,Pz,eeg
75,0,1R2acquisition,C1,eeg
75,0,1R2acquisition,C3,eeg
75,0,1R2acquisition,C5,eeg
75,0,1R2acquisition,C2,eeg
75,0,1R2acquisition,C4,eeg
75,0,1R2acquisition,C6,eeg
75,0,1R2acquisition,EOG1,eog
75,0,1R2acquisition,EOG2,eog
75,0,1R2acquisition,EOG3,eog
75,0,1R2acquisition,EMGg,emg
75,0,1R2acquisition,EMGd,emg
75,0,1R2acquisition,F4,eeg
75,0,1R2acquisition,FC2,eeg
75,0,1R2acquisition,FC4,eeg
75,0,1R2acquisition,FC6,eeg
75,0,1R2acquisition,CP2,eeg
75,0,1R2acquisition,CP4,eeg
75,0,1R2acquisition,CP6,eeg
75,0,1R2acquisition,P4,eeg
75,0,1R2acquisition,F3,eeg
75,0,1R2acquisition,FC1,eeg
75,0,1R2acquisition,FC3,eeg
75,0,1R2acquisition,FC5,eeg
75,0,1R2acquisition,CP1,eeg
75,0,1R2acquisition,CP3,eeg
75,0,1R2acquisition,CP5,eeg
75,0,1R2acquisition,P3,eeg
75,0,2R3online,Fz,eeg
75,0,2R3online,FCz,eeg
75,0,2R3online,Cz,eeg
75,0,2R3online,CPz,eeg
75,0,2R3online,Pz,eeg
75,0,2R3online,C1,eeg
75,0,2R3online,C3,eeg
75,0,2R3online,C5,eeg
75,0,2R3online,C2,eeg
75,0,2R3online,C4,eeg
75,0,2R3online,C6,eeg
75,0,2R3online,EOG1,eog
75,0,2R3online,EOG2,eog
75,0,2R3online,EOG3,eog
75,0,2R3online,EMGg,emg
75,0,2R3online,EMGd,emg
75,0,2R3online,F4,eeg
75,0,2R3online,FC2,eeg
75,0,2R3online,FC4,eeg
75,0,2R3online,FC6,eeg
75,0,2R3online,CP2,eeg
75,0,2R3online,CP4,eeg
75,0,2R3online,CP6,eeg
75,0,2R3online,P4,eeg
75,0,2R3online,F3,eeg
75,0,2R3online,FC1,eeg
75,0,2R3online,FC3,eeg
75,0,2R3online,FC5,eeg
75,0,2R3online,CP1,eeg
75,0,2R3online,CP3,eeg
75,0,2R3online,CP5,eeg
75,0,2R3online,P3,eeg
75,0,3R4online,Fz,eeg
75,0,3R4online,FCz,eeg
75,0,3R4online,Cz,eeg
75,0,3R4online,CPz,eeg
75,0,3R4online,Pz,eeg
75,0,3R4online,C1,eeg
75,0,3R4online,C3,eeg
75,0,3R4online,C5,eeg
75,0,3R4online,C2,eeg
75,0,3R4online,C4,eeg
75,0,3R4online,C6,eeg
75,0,3R4online,EOG1,eog
75,0,3R4online,EOG2,eog
75,0,3R4online,EOG3,eog
75,0,3R4online,EMGg,emg
75,0,3R4online,EMGd,emg
75,0,3R4online,F4,eeg
75,0,3R4online,FC2,eeg
75,0,3R4online,FC4,eeg
75,0,3R4online,FC6,eeg
75,0,3R4online,CP2,eeg
75,0,3R4online,CP4,eeg
75,0,3R4online,CP6,eeg
75,0,3R4online,P4,eeg
75,0,3R4online,F3,eeg
75,0,3R4online,FC1,eeg
75,0,3R4online,FC3,eeg
75,0,3R4online,FC5,eeg
75,0,3R4online,CP1,eeg
75,0,3R4online,CP3,eeg
75,0,3R4online,CP5,eeg
75,0,3R4online,P3,eeg
75,0,4R5online,Fz,eeg
75,0,4R5online,FCz,eeg
75,0,4R5online,Cz,eeg
75,0,4R5online,CPz,eeg
75,0,4R5online,Pz,eeg
75,0,4R5online,C1,eeg
75,0,4R5online,C3,eeg
75,0,4R5online,C5,eeg
75,0,4R5online,C2,eeg
75,0,4R5online,C4,eeg
75,0,4R5online,C6,eeg
75,0,4R5online,EOG1,eog
75,0,4R5online,EOG2,eog
75,0,4R5online,EOG3,eog
75,0,4R5online,EMGg,emg
75,0,4R5online,EMGd,emg
75,0,4R5online,F4,eeg
75,0,4R5online,FC2,eeg
75,0,4R5online,FC4,eeg
75,0,4R5online,FC6,eeg
75,0,4R5online,CP2,eeg
75,0,4R5online,CP4,eeg
75,0,4R5online,CP6,eeg
75,0,4R5online,P4,eeg
75,0,4R5online,F3,eeg
75,0,4R5online,FC1,eeg
75,0,4R5online,FC3,eeg
75,0,4R5online,FC5,eeg
75,0,4R5online,CP1,eeg
75,0,4R5online,CP3,eeg
75,0,4R5online,CP5,eeg
75,0,4R5online,P3,eeg
75,0,5R6online,Fz,eeg
75,0,5R6online,FCz,eeg
75,0,5R6online,Cz,eeg
75,0,5R6online,CPz,eeg
75,0,5R6online,Pz,eeg
75,0,5R6online,C1,eeg
75,0,5R6online,C3,eeg
75,0,5R6online,C5,eeg
75,0,5R6online,C2,eeg
75,0,5R6online,C4,eeg
75,0,5R6online,C6,eeg
75,0,5R6online,EOG1,eog
75,0,5R6online,EOG2,eog
75,0,5R6online,EOG3,eog
75,0,5R6online,EMGg,emg
75,0,5R6online,EMGd,emg
75,0,5R6online,F4,eeg
75,0,5R6online,FC2,eeg
75,0,5R6online,FC4,eeg
75,0,5R6online,FC6,eeg
75,0,5R6online,CP2,eeg
75,0,5R6online,CP4,eeg
75,0,5R6online,CP6,eeg
75,0,5R6online,P4,eeg
75,0,5R6online,F3,eeg
75,0,5R6online,FC1,eeg
75,0,5R6online,FC3,eeg
75,0,5R6online,FC5,eeg
75,0,5R6online,CP1,eeg
75,0,5R6online,CP3,eeg
75,0,5R6online,CP5,eeg
75,0,5R6online,P3,eeg
76,0,0R1acquisition,Fz,eeg
76,0,0R1acquisition,FCz,eeg
76,0,0R1acquisition,Cz,eeg
76,0,0R1acquisition,CPz,eeg
76,0,0R1acquisition,Pz,eeg
76,0,0R1acquisition,C1,eeg
76,0,0R1acquisition,C3,eeg
76,0,0R1acquisition,C5,eeg
76,0,0R1acquisition,C2,eeg
76,0,0R1acquisition,C4,eeg
76,0,0R1acquisition,C6,eeg
76,0,0R1acquisition,EOG1,eog
76,0,0R1acquisition,EOG2,eog
76,0,0R1acquisition,EOG3,eog
76,0,0R1acquisition,EMGg,emg
76,0,0R1acquisition,EMGd,emg
76,0,0R1acquisition,F4,eeg
76,0,0R1acquisition,FC2,eeg
76,0,0R1acquisition,FC4,eeg
76,0,0R1acquisition,FC6,eeg
76,0,0R1acquisition,CP2,eeg
76,0,0R1acquisition,CP4,eeg
76,0,0R1acquisition,CP6,eeg
76,0,0R1acquisition,P4,eeg
76,0,0R1acquisition,F3,eeg
76,0,0R1acquisition,FC1,eeg
76,0,0R1acquisition,FC3,eeg
76,0,0R1acquisition,FC5,eeg
76,0,0R1acquisition,CP1,eeg
76,0,0R1acquisition,CP3,eeg
76,0,0R1acquisition,CP5,eeg
76,0,0R1acquisition,P3,eeg
76,0,1R2acquisition,Fz,eeg
76,0,1R2acquisition,FCz,eeg
76,0,1R2acquisition,Cz,eeg
76,0,1R2acquisition,CPz,eeg
76,0,1R2acquisition,Pz,eeg
76,0,1R2acquisition,C1,eeg
76,0,1R2acquisition,C3,eeg
76,0,1R2acquisition,C5,eeg
76,0,1R2acquisition,C2,eeg
76,0,1R2acquisition,C4,eeg
76,0,1R2acquisition,C6,eeg
76,0,1R2acquisition,EOG1,eog
76,0,1R2acquisition,EOG2,eog
76,0,1R2acquisition,EOG3,eog
76,0,1R2acquisition,EMGg,emg
76,0,1R2acquisition,EMGd,emg
76,0,1R2acquisition,F4,eeg
76,0,1R2acquisition,FC2,eeg
76,0,1R2acquisition,FC4,eeg
76,0,1R2acquisition,FC6,eeg
76,0,1R2acquisition,CP2,eeg
76,0,1R2acquisition,CP4,eeg
76,0,1R2acquisition,CP6,eeg
76,0,1R2acquisition,P4,eeg
76,0,1R2acquisition,F3,eeg
76,0,1R2acquisition,FC1,eeg
76,0,1R2acquisition,FC3,eeg
76,0,1R2acquisition,FC5,eeg
76,0,1R2acquisition,CP1,eeg
76,0,1R2acquisition,CP3,eeg
76,0,1R2acquisition,CP5,eeg
76,0,1R2acquisition,P3,eeg
76,0,2R3online,Fz,eeg
76,0,2R3online,FCz,eeg
76,0,2R3online,Cz,eeg
76,0,2R3online,CPz,eeg
76,0,2R3online,Pz,eeg
76,0,2R3online,C1,eeg
76,0,2R3online,C3,eeg
76,0,2R3online,C5,eeg
76,0,2R3online,C2,eeg
76,0,2R3online,C4,eeg
76,0,2R3online,C6,eeg
76,0,2R3online,EOG1,eog
76,0,2R3online,EOG2,eog
76,0,2R3online,EOG3,eog
76,0,2R3online,EMGg,emg
76,0,2R3online,EMGd,emg
76,0,2R3online,F4,eeg
76,0,2R3online,FC2,eeg
76,0,2R3online,FC4,eeg
76,0,2R3online,FC6,eeg
76,0,2R3online,CP2,eeg
76,0,2R3online,CP4,eeg
76,0,2R3online,CP6,eeg
76,0,2R3online,P4,eeg
76,0,2R3online,F3,eeg
76,0,2R3online,FC1,eeg
76,0,2R3online,FC3,eeg
76,0,2R3online,FC5,eeg
76,0,2R3online,CP1,eeg
76,0,2R3online,CP3,eeg
76,0,2R3online,CP5,eeg
76,0,2R3online,P3,eeg
76,0,3R4online,Fz,eeg
76,0,3R4online,FCz,eeg
76,0,3R4online,Cz,eeg
76,0,3R4online,CPz,eeg
76,0,3R4online,Pz,eeg
76,0,3R4online,C1,eeg
76,0,3R4online,C3,eeg
76,0,3R4online,C5,eeg
76,0,3R4online,C2,eeg
76,0,3R4online,C4,eeg
76,0,3R4online,C6,eeg
76,0,3R4online,EOG1,eog
76,0,3R4online,EOG2,eog
76,0,3R4online,EOG3,eog
76,0,3R4online,EMGg,emg
76,0,3R4online,EMGd,emg
76,0,3R4online,F4,eeg
76,0,3R4online,FC2,eeg
76,0,3R4online,FC4,eeg
76,0,3R4online,FC6,eeg
76,0,3R4online,CP2,eeg
76,0,3R4online,CP4,eeg
76,0,3R4online,CP6,eeg
76,0,3R4online,P4,eeg
76,0,3R4online,F3,eeg
76,0,3R4online,FC1,eeg
76,0,3R4online,FC3,eeg
76,0,3R4online,FC5,eeg
76,0,3R4online,CP1,eeg
76,0,3R4online,CP3,eeg
76,0,3R4online,CP5,eeg
76,0,3R4online,P3,eeg
76,0,4R5online,Fz,eeg
76,0,4R5online,FCz,eeg
76,0,4R5online,Cz,eeg
76,0,4R5online,CPz,eeg
76,0,4R5online,Pz,eeg
76,0,4R5online,C1,eeg
76,0,4R5online,C3,eeg
76,0,4R5online,C5,eeg
76,0,4R5online,C2,eeg
76,0,4R5online,C4,eeg
76,0,4R5online,C6,eeg
76,0,4R5online,EOG1,eog
76,0,4R5online,EOG2,eog
76,0,4R5online,EOG3,eog
76,0,4R5online,EMGg,emg
76,0,4R5online,EMGd,emg
76,0,4R5online,F4,eeg
76,0,4R5online,FC2,eeg
76,0,4R5online,FC4,eeg
76,0,4R5online,FC6,eeg
76,0,4R5online,CP2,eeg
76,0,4R5online,CP4,eeg
76,0,4R5online,CP6,eeg
76,0,4R5online,P4,eeg
76,0,4R5online,F3,eeg
76,0,4R5online,FC1,eeg
76,0,4R5online,FC3,eeg
76,0,4R5online,FC5,eeg
76,0,4R5online,CP1,eeg
76,0,4R5online,CP3,eeg
76,0,4R5online,CP5,eeg
76,0,4R5online,P3,eeg
76,0,5R6online,Fz,eeg
76,0,5R6online,FCz,eeg
76,0,5R6online,Cz,eeg
76,0,5R6online,CPz,eeg
76,0,5R6online,Pz,eeg
76,0,5R6online,C1,eeg
76,0,5R6online,C3,eeg
76,0,5R6online,C5,eeg
76,0,5R6online,C2,eeg
76,0,5R6online,C4,eeg
76,0,5R6online,C6,eeg
76,0,5R6online,EOG1,eog
76,0,5R6online,EOG2,eog
76,0,5R6online,EOG3,eog
76,0,5R6online,EMGg,emg
76,0,5R6online,EMGd,emg
76,0,5R6online,F4,eeg
76,0,5R6online,FC2,eeg
76,0,5R6online,FC4,eeg
76,0,5R6online,FC6,eeg
76,0,5R6online,CP2,eeg
76,0,5R6online,CP4,eeg
76,0,5R6online,CP6,eeg
76,0,5R6online,P4,eeg
76,0,5R6online,F3,eeg
76,0,5R6online,FC1,eeg
76,0,5R6online,FC3,eeg
76,0,5R6online,FC5,eeg
76,0,5R6online,CP1,eeg
76,0,5R6online,CP3,eeg
76,0,5R6online,CP5,eeg
76,0,5R6online,P3,eeg
77,0,0R1acquisition,Fz,eeg
77,0,0R1acquisition,FCz,eeg
77,0,0R1acquisition,Cz,eeg
77,0,0R1acquisition,CPz,eeg
77,0,0R1acquisition,Pz,eeg
77,0,0R1acquisition,C1,eeg
77,0,0R1acquisition,C3,eeg
77,0,0R1acquisition,C5,eeg
77,0,0R1acquisition,C2,eeg
77,0,0R1acquisition,C4,eeg
77,0,0R1acquisition,C6,eeg
77,0,0R1acquisition,EOG1,eog
77,0,0R1acquisition,EOG2,eog
77,0,0R1acquisition,EOG3,eog
77,0,0R1acquisition,EMGg,emg
77,0,0R1acquisition,EMGd,emg
77,0,0R1acquisition,F4,eeg
77,0,0R1acquisition,FC2,eeg
77,0,0R1acquisition,FC4,eeg
77,0,0R1acquisition,FC6,eeg
77,0,0R1acquisition,CP2,eeg
77,0,0R1acquisition,CP4,eeg
77,0,0R1acquisition,CP6,eeg
77,0,0R1acquisition,P4,eeg
77,0,0R1acquisition,F3,eeg
77,0,0R1acquisition,FC1,eeg
77,0,0R1acquisition,FC3,eeg
77,0,0R1acquisition,FC5,eeg
77,0,0R1acquisition,CP1,eeg
77,0,0R1acquisition,CP3,eeg
77,0,0R1acquisition,CP5,eeg
77,0,0R1acquisition,P3,eeg
77,0,1R2acquisition,Fz,eeg
77,0,1R2acquisition,FCz,eeg
77,0,1R2acquisition,Cz,eeg
77,0,1R2acquisition,CPz,eeg
77,0,1R2acquisition,Pz,eeg
77,0,1R2acquisition,C1,eeg
77,0,1R2acquisition,C3,eeg
77,0,1R2acquisition,C5,eeg
77,0,1R2acquisition,C2,eeg
77,0,1R2acquisition,C4,eeg
77,0,1R2acquisition,C6,eeg
77,0,1R2acquisition,EOG1,eog
77,0,1R2acquisition,EOG2,eog
77,0,1R2acquisition,EOG3,eog
77,0,1R2acquisition,EMGg,emg
77,0,1R2acquisition,EMGd,emg
77,0,1R2acquisition,F4,eeg
77,0,1R2acquisition,FC2,eeg
77,0,1R2acquisition,FC4,eeg
77,0,1R2acquisition,FC6,eeg
77,0,1R2acquisition,CP2,eeg
77,0,1R2acquisition,CP4,eeg
77,0,1R2acquisition,CP6,eeg
77,0,1R2acquisition,P4,eeg
77,0,1R2acquisition,F3,eeg
77,0,1R2acquisition,FC1,eeg
77,0,1R2acquisition,FC3,eeg
77,0,1R2acquisition,FC5,eeg
77,0,1R2acquisition,CP1,eeg
77,0,1R2acquisition,CP3,eeg
77,0,1R2acquisition,CP5,eeg
77,0,1R2acquisition,P3,eeg
77,0,2R3online,Fz,eeg
77,0,2R3online,FCz,eeg
77,0,2R3online,Cz,eeg
77,0,2R3online,CPz,eeg
77,0,2R3online,Pz,eeg
77,0,2R3online,C1,eeg
77,0,2R3online,C3,eeg
77,0,2R3online,C5,eeg
77,0,2R3online,C2,eeg
77,0,2R3online,C4,eeg
77,0,2R3online,C6,eeg
77,0,2R3online,EOG1,eog
77,0,2R3online,EOG2,eog
77,0,2R3online,EOG3,eog
77,0,2R3online,EMGg,emg
77,0,2R3online,EMGd,emg
77,0,2R3online,F4,eeg
77,0,2R3online,FC2,eeg
77,0,2R3online,FC4,eeg
77,0,2R3online,FC6,eeg
77,0,2R3online,CP2,eeg
77,0,2R3online,CP4,eeg
77,0,2R3online,CP6,eeg
77,0,2R3online,P4,eeg
77,0,2R3online,F3,eeg
77,0,2R3online,FC1,eeg
77,0,2R3online,FC3,eeg
77,0,2R3online,FC5,eeg
77,0,2R3online,CP1,eeg
77,0,2R3online,CP3,eeg
77,0,2R3online,CP5,eeg
77,0,2R3online,P3,eeg
77,0,3R4online,Fz,eeg
77,0,3R4online,FCz,eeg
77,0,3R4online,Cz,eeg
77,0,3R4online,CPz,eeg
77,0,3R4online,Pz,eeg
77,0,3R4online,C1,eeg
77,0,3R4online,C3,eeg
77,0,3R4online,C5,eeg
77,0,3R4online,C2,eeg
77,0,3R4online,C4,eeg
77,0,3R4online,C6,eeg
77,0,3R4online,EOG1,eog
77,0,3R4online,EOG2,eog
77,0,3R4online,EOG3,eog
77,0,3R4online,EMGg,emg
77,0,3R4online,EMGd,emg
77,0,3R4online,F4,eeg
77,0,3R4online,FC2,eeg
77,0,3R4online,FC4,eeg
77,0,3R4online,FC6,eeg
77,0,3R4online,CP2,eeg
77,0,3R4online,CP4,eeg
77,0,3R4online,CP6,eeg
77,0,3R4online,P4,eeg
77,0,3R4online,F3,eeg
77,0,3R4online,FC1,eeg
77,0,3R4online,FC3,eeg
77,0,3R4online,FC5,eeg
77,0,3R4online,CP1,eeg
77,0,3R4online,CP3,eeg
77,0,3R4online,CP5,eeg
77,0,3R4online,P3,eeg
77,0,4R5online,Fz,eeg
77,0,4R5online,FCz,eeg
77,0,4R5online,Cz,eeg
77,0,4R5online,CPz,eeg
77,0,4R5online,Pz,eeg
77,0,4R5online,C1,eeg
77,0,4R5online,C3,eeg
77,0,4R5online,C5,eeg
77,0,4R5online,C2,eeg
77,0,4R5online,C4,eeg
77,0,4R5online,C6,eeg
77,0,4R5online,EOG1,eog
77,0,4R5online,EOG2,eog
77,0,4R5online,EOG3,eog
77,0,4R5online,EMGg,emg
77,0,4R5online,EMGd,emg
77,0,4R5online,F4,eeg
77,0,4R5online,FC2,eeg
77,0,4R5online,FC4,eeg
77,0,4R5online,FC6,eeg
77,0,4R5online,CP2,eeg
77,0,4R5online,CP4,eeg
77,0,4R5online,CP6,eeg
77,0,4R5online,P4,eeg
77,0,4R5online,F3,eeg
77,0,4R5online,FC1,eeg
77,0,4R5online,FC3,eeg
77,0,4R5online,FC5,eeg
77,0,4R5online,CP1,eeg
77,0,4R5online,CP3,eeg
77,0,4R5online,CP5,eeg
77,0,4R5online,P3,eeg
77,0,5R6online,Fz,eeg
77,0,5R6online,FCz,eeg
77,0,5R6online,Cz,eeg
77,0,5R6online,CPz,eeg
77,0,5R6online,Pz,eeg
77,0,5R6online,C1,eeg
77,0,5R6online,C3,eeg
77,0,5R6online,C5,eeg
77,0,5R6online,C2,eeg
77,0,5R6online,C4,eeg
77,0,5R6online,C6,eeg
77,0,5R6online,EOG1,eog
77,0,5R6online,EOG2,eog
77,0,5R6online,EOG3,eog
77,0,5R6online,EMGg,emg
77,0,5R6online,EMGd,emg
77,0,5R6online,F4,eeg
77,0,5R6online,FC2,eeg
77,0,5R6online,FC4,eeg
77,0,5R6online,FC6,eeg
77,0,5R6online,CP2,eeg
77,0,5R6online,CP4,eeg
77,0,5R6online,CP6,eeg
77,0,5R6online,P4,eeg
77,0,5R6online,F3,eeg
77,0,5R6online,FC1,eeg
77,0,5R6online,FC3,eeg
77,0,5R6online,FC5,eeg
77,0,5R6online,CP1,eeg
77,0,5R6online,CP3,eeg
77,0,5R6online,CP5,eeg
77,0,5R6online,P3,eeg
78,0,0R1acquisition,Fz,eeg
78,0,0R1acquisition,FCz,eeg
78,0,0R1acquisition,Cz,eeg
78,0,0R1acquisition,CPz,eeg
78,0,0R1acquisition,Pz,eeg
78,0,0R1acquisition,C1,eeg
78,0,0R1acquisition,C3,eeg
78,0,0R1acquisition,C5,eeg
78,0,0R1acquisition,C2,eeg
78,0,0R1acquisition,C4,eeg
78,0,0R1acquisition,C6,eeg
78,0,0R1acquisition,EOG1,eog
78,0,0R1acquisition,EOG2,eog
78,0,0R1acquisition,EOG3,eog
78,0,0R1acquisition,EMGg,emg
78,0,0R1acquisition,EMGd,emg
78,0,0R1acquisition,F4,eeg
78,0,0R1acquisition,FC2,eeg
78,0,0R1acquisition,FC4,eeg
78,0,0R1acquisition,FC6,eeg
78,0,0R1acquisition,CP2,eeg
78,0,0R1acquisition,CP4,eeg
78,0,0R1acquisition,CP6,eeg
78,0,0R1acquisition,P4,eeg
78,0,0R1acquisition,F3,eeg
78,0,0R1acquisition,FC1,eeg
78,0,0R1acquisition,FC3,eeg
78,0,0R1acquisition,FC5,eeg
78,0,0R1acquisition,CP1,eeg
78,0,0R1acquisition,CP3,eeg
78,0,0R1acquisition,CP5,eeg
78,0,0R1acquisition,P3,eeg
78,0,1R2acquisition,Fz,eeg
78,0,1R2acquisition,FCz,eeg
78,0,1R2acquisition,Cz,eeg
78,0,1R2acquisition,CPz,eeg
78,0,1R2acquisition,Pz,eeg
78,0,1R2acquisition,C1,eeg
78,0,1R2acquisition,C3,eeg
78,0,1R2acquisition,C5,eeg
78,0,1R2acquisition,C2,eeg
78,0,1R2acquisition,C4,eeg
78,0,1R2acquisition,C6,eeg
78,0,1R2acquisition,EOG1,eog
78,0,1R2acquisition,EOG2,eog
78,0,1R2acquisition,EOG3,eog
78,0,1R2acquisition,EMGg,emg
78,0,1R2acquisition,EMGd,emg
78,0,1R2acquisition,F4,eeg
78,0,1R2acquisition,FC2,eeg
78,0,1R2acquisition,FC4,eeg
78,0,1R2acquisition,FC6,eeg
78,0,1R2acquisition,CP2,eeg
78,0,1R2acquisition,CP4,eeg
78,0,1R2acquisition,CP6,eeg
78,0,1R2acquisition,P4,eeg
78,0,1R2acquisition,F3,eeg
78,0,1R2acquisition,FC1,eeg
78,0,1R2acquisition,FC3,eeg
78,0,1R2acquisition,FC5,eeg
78,0,1R2acquisition,CP1,eeg
78,0,1R2acquisition,CP3,eeg
78,0,1R2acquisition,CP5,eeg
78,0,1R2acquisition,P3,eeg
78,0,2R3online,Fz,eeg
78,0,2R3online,FCz,eeg
78,0,2R3online,Cz,eeg
78,0,2R3online,CPz,eeg
78,0,2R3online,Pz,eeg
78,0,2R3online,C1,eeg
78,0,2R3online,C3,eeg
78,0,2R3online,C5,eeg
78,0,2R3online,C2,eeg
78,0,2R3online,C4,eeg
78,0,2R3online,C6,eeg
78,0,2R3online,EOG1,eog
78,0,2R3online,EOG2,eog
78,0,2R3online,EOG3,eog
78,0,2R3online,EMGg,emg
78,0,2R3online,EMGd,emg
78,0,2R3online,F4,eeg
78,0,2R3online,FC2,eeg
78,0,2R3online,FC4,eeg
78,0,2R3online,FC6,eeg
78,0,2R3online,CP2,eeg
78,0,2R3online,CP4,eeg
78,0,2R3online,CP6,eeg
78,0,2R3online,P4,eeg
78,0,2R3online,F3,eeg
78,0,2R3online,FC1,eeg
78,0,2R3online,FC3,eeg
78,0,2R3online,FC5,eeg
78,0,2R3online,CP1,eeg
78,0,2R3online,CP3,eeg
78,0,2R3online,CP5,eeg
78,0,2R3online,P3,eeg
78,0,3R4online,Fz,eeg
78,0,3R4online,FCz,eeg
78,0,3R4online,Cz,eeg
78,0,3R4online,CPz,eeg
78,0,3R4online,Pz,eeg
78,0,3R4online,C1,eeg
78,0,3R4online,C3,eeg
78,0,3R4online,C5,eeg
78,0,3R4online,C2,eeg
78,0,3R4online,C4,eeg
78,0,3R4online,C6,eeg
78,0,3R4online,EOG1,eog
78,0,3R4online,EOG2,eog
78,0,3R4online,EOG3,eog
78,0,3R4online,EMGg,emg
78,0,3R4online,EMGd,emg
78,0,3R4online,F4,eeg
78,0,3R4online,FC2,eeg
78,0,3R4online,FC4,eeg
78,0,3R4online,FC6,eeg
78,0,3R4online,CP2,eeg
78,0,3R4online,CP4,eeg
78,0,3R4online,CP6,eeg
78,0,3R4online,P4,eeg
78,0,3R4online,F3,eeg
78,0,3R4online,FC1,eeg
78,0,3R4online,FC3,eeg
78,0,3R4online,FC5,eeg
78,0,3R4online,CP1,eeg
78,0,3R4online,CP3,eeg
78,0,3R4online,CP5,eeg
78,0,3R4online,P3,eeg
78,0,4R5online,Fz,eeg
78,0,4R5online,FCz,eeg
78,0,4R5online,Cz,eeg
78,0,4R5online,CPz,eeg
78,0,4R5online,Pz,eeg
78,0,4R5online,C1,eeg
78,0,4R5online,C3,eeg
78,0,4R5online,C5,eeg
78,0,4R5online,C2,eeg
78,0,4R5online,C4,eeg
78,0,4R5online,C6,eeg
78,0,4R5online,EOG1,eog
78,0,4R5online,EOG2,eog
78,0,4R5online,EOG3,eog
78,0,4R5online,EMGg,emg
78,0,4R5online,EMGd,emg
78,0,4R5online,F4,eeg
78,0,4R5online,FC2,eeg
78,0,4R5online,FC4,eeg
78,0,4R5online,FC6,eeg
78,0,4R5online,CP2,eeg
78,0,4R5online,CP4,eeg
78,0,4R5online,CP6,eeg
78,0,4R5online,P4,eeg
78,0,4R5online,F3,eeg
78,0,4R5online,FC1,eeg
78,0,4R5online,FC3,eeg
78,0,4R5online,FC5,eeg
78,0,4R5online,CP1,eeg
78,0,4R5online,CP3,eeg
78,0,4R5online,CP5,eeg
78,0,4R5online,P3,eeg
78,0,5R6online,Fz,eeg
78,0,5R6online,FCz,eeg
78,0,5R6online,Cz,eeg
78,0,5R6online,CPz,eeg
78,0,5R6online,Pz,eeg
78,0,5R6online,C1,eeg
78,0,5R6online,C3,eeg
78,0,5R6online,C5,eeg
78,0,5R6online,C2,eeg
78,0,5R6online,C4,eeg
78,0,5R6online,C6,eeg
78,0,5R6online,EOG1,eog
78,0,5R6online,EOG2,eog
78,0,5R6online,EOG3,eog
78,0,5R6online,EMGg,emg
78,0,5R6online,EMGd,emg
78,0,5R6online,F4,eeg
78,0,5R6online,FC2,eeg
78,0,5R6online,FC4,eeg
78,0,5R6online,FC6,eeg
78,0,5R6online,CP2,eeg
78,0,5R6online,CP4,eeg
78,0,5R6online,CP6,eeg
78,0,5R6online,P4,eeg
78,0,5R6online,F3,eeg
78,0,5R6online,FC1,eeg
78,0,5R6online,FC3,eeg
78,0,5R6online,FC5,eeg
78,0,5R6online,CP1,eeg
78,0,5R6online,CP3,eeg
78,0,5R6online,CP5,eeg
78,0,5R6online,P3,eeg
79,0,0R1acquisition,Fz,eeg
79,0,0R1acquisition,FCz,eeg
79,0,0R1acquisition,Cz,eeg
79,0,0R1acquisition,CPz,eeg
79,0,0R1acquisition,Pz,eeg
79,0,0R1acquisition,C1,eeg
79,0,0R1acquisition,C3,eeg
79,0,0R1acquisition,C5,eeg
79,0,0R1acquisition,C2,eeg
79,0,0R1acquisition,C4,eeg
79,0,0R1acquisition,C6,eeg
79,0,0R1acquisition,EOG1,eog
79,0,0R1acquisition,EOG2,eog
79,0,0R1acquisition,EOG3,eog
79,0,0R1acquisition,EMGg,emg
79,0,0R1acquisition,EMGd,emg
79,0,0R1acquisition,F4,eeg
79,0,0R1acquisition,FC2,eeg
79,0,0R1acquisition,FC4,eeg
79,0,0R1acquisition,FC6,eeg
79,0,0R1acquisition,CP2,eeg
79,0,0R1acquisition,CP4,eeg
79,0,0R1acquisition,CP6,eeg
79,0,0R1acquisition,P4,eeg
79,0,0R1acquisition,F3,eeg
79,0,0R1acquisition,FC1,eeg
79,0,0R1acquisition,FC3,eeg
79,0,0R1acquisition,FC5,eeg
79,0,0R1acquisition,CP1,eeg
79,0,0R1acquisition,CP3,eeg
79,0,0R1acquisition,CP5,eeg
79,0,0R1acquisition,P3,eeg
79,0,1R2acquisition,Fz,eeg
79,0,1R2acquisition,FCz,eeg
79,0,1R2acquisition,Cz,eeg
79,0,1R2acquisition,CPz,eeg
79,0,1R2acquisition,Pz,eeg
79,0,1R2acquisition,C1,eeg
79,0,1R2acquisition,C3,eeg
79,0,1R2acquisition,C5,eeg
79,0,1R2acquisition,C2,eeg
79,0,1R2acquisition,C4,eeg
79,0,1R2acquisition,C6,eeg
79,0,1R2acquisition,EOG1,eog
79,0,1R2acquisition,EOG2,eog
79,0,1R2acquisition,EOG3,eog
79,0,1R2acquisition,EMGg,emg
79,0,1R2acquisition,EMGd,emg
79,0,1R2acquisition,F4,eeg
79,0,1R2acquisition,FC2,eeg
79,0,1R2acquisition,FC4,eeg
79,0,1R2acquisition,FC6,eeg
79,0,1R2acquisition,CP2,eeg
79,0,1R2acquisition,CP4,eeg
79,0,1R2acquisition,CP6,eeg
79,0,1R2acquisition,P4,eeg
79,0,1R2acquisition,F3,eeg
79,0,1R2acquisition,FC1,eeg
79,0,1R2acquisition,FC3,eeg
79,0,1R2acquisition,FC5,eeg
79,0,1R2acquisition,CP1,eeg
79,0,1R2acquisition,CP3,eeg
79,0,1R2acquisition,CP5,eeg
79,0,1R2acquisition,P3,eeg
79,0,2R3online,Fz,eeg
79,0,2R3online,FCz,eeg
79,0,2R3online,Cz,eeg
79,0,2R3online,CPz,eeg
79,0,2R3online,Pz,eeg
79,0,2R3online,C1,eeg
79,0,2R3online,C3,eeg
79,0,2R3online,C5,eeg
79,0,2R3online,C2,eeg
79,0,2R3online,C4,eeg
79,0,2R3online,C6,eeg
79,0,2R3online,EOG1,eog
79,0,2R3online,EOG2,eog
79,0,2R3online,EOG3,eog
79,0,2R3online,EMGg,emg
79,0,2R3online,EMGd,emg
79,0,2R3online,F4,eeg
79,0,2R3online,FC2,eeg
79,0,2R3online,FC4,eeg
79,0,2R3online,FC6,eeg
79,0,2R3online,CP2,eeg
79,0,2R3online,CP4,eeg
79,0,2R3online,CP6,eeg
79,0,2R3online,P4,eeg
79,0,2R3online,F3,eeg
79,0,2R3online,FC1,eeg
79,0,2R3online,FC3,eeg
79,0,2R3online,FC5,eeg
79,0,2R3online,CP1,eeg
79,0,2R3online,CP3,eeg
79,0,2R3online,CP5,eeg
79,0,2R3online,P3,eeg
79,0,3R4online,Fz,eeg
79,0,3R4online,FCz,eeg
79,0,3R4online,Cz,eeg
79,0,3R4online,CPz,eeg
79,0,3R4online,Pz,eeg
79,0,3R4online,C1,eeg
79,0,3R4online,C3,eeg
79,0,3R4online,C5,eeg
79,0,3R4online,C2,eeg
79,0,3R4online,C4,eeg
79,0,3R4online,C6,eeg
79,0,3R4online,EOG1,eog
79,0,3R4online,EOG2,eog
79,0,3R4online,EOG3,eog
79,0,3R4online,EMGg,emg
79,0,3R4online,EMGd,emg
79,0,3R4online,F4,eeg
79,0,3R4online,FC2,eeg
79,0,3R4online,FC4,eeg
79,0,3R4online,FC6,eeg
79,0,3R4online,CP2,eeg
79,0,3R4online,CP4,eeg
79,0,3R4online,CP6,eeg
79,0,3R4online,P4,eeg
79,0,3R4online,F3,eeg
79,0,3R4online,FC1,eeg
79,0,3R4online,FC3,eeg
79,0,3R4online,FC5,eeg
79,0,3R4online,CP1,eeg
79,0,3R4online,CP3,eeg
79,0,3R4online,CP5,eeg
79,0,3R4online,P3,eeg
79,0,4R5online,Fz,eeg
79,0,4R5online,FCz,eeg
79,0,4R5online,Cz,eeg
79,0,4R5online,CPz,eeg
79,0,4R5online,Pz,eeg
79,0,4R5online,C1,eeg
79,0,4R5online,C3,eeg
79,0,4R5online,C5,eeg
79,0,4R5online,C2,eeg
79,0,4R5online,C4,eeg
79,0,4R5online,C6,eeg
79,0,4R5online,EOG1,eog
79,0,4R5online,EOG2,eog
79,0,4R5online,EOG3,eog
79,0,4R5online,EMGg,emg
79,0,4R5online,EMGd,emg
79,0,4R5online,F4,eeg
79,0,4R5online,FC2,eeg
79,0,4R5online,FC4,eeg
79,0,4R5online,FC6,eeg
79,0,4R5online,CP2,eeg
79,0,4R5online,CP4,eeg
79,0,4R5online,CP6,eeg
79,0,4R5online,P4,eeg
79,0,4R5online,F3,eeg
79,0,4R5online,FC1,eeg
79,0,4R5online,FC3,eeg
79,0,4R5online,FC5,eeg
79,0,4R5online,CP1,eeg
79,0,4R5online,CP3,eeg
79,0,4R5online,CP5,eeg
79,0,4R5online,P3,eeg
79,0,5R6online,Fz,eeg
79,0,5R6online,FCz,eeg
79,0,5R6online,Cz,eeg
79,0,5R6online,CPz,eeg
79,0,5R6online,Pz,eeg
79,0,5R6online,C1,eeg
79,0,5R6online,C3,eeg
79,0,5R6online,C5,eeg
79,0,5R6online,C2,eeg
79,0,5R6online,C4,eeg
79,0,5R6online,C6,eeg
79,0,5R6online,EOG1,eog
79,0,5R6online,EOG2,eog
79,0,5R6online,EOG3,eog
79,0,5R6online,EMGg,emg
79,0,5R6online,EMGd,emg
79,0,5R6online,F4,eeg
79,0,5R6online,FC2,eeg
79,0,5R6online,FC4,eeg
79,0,5R6online,FC6,eeg
79,0,5R6online,CP2,eeg
79,0,5R6online,CP4,eeg
79,0,5R6online,CP6,eeg
79,0,5R6online,P4,eeg
79,0,5R6online,F3,eeg
79,0,5R6online,FC1,eeg
79,0,5R6online,FC3,eeg
79,0,5R6online,FC5,eeg
79,0,5R6online,CP1,eeg
79,0,5R6online,CP3,eeg
79,0,5R6online,CP5,eeg
79,0,5R6online,P3,eeg
80,0,0R1acquisition,Fz,eeg
80,0,0R1acquisition,FCz,eeg
80,0,0R1acquisition,Cz,eeg
80,0,0R1acquisition,CPz,eeg
80,0,0R1acquisition,Pz,eeg
80,0,0R1acquisition,C1,eeg
80,0,0R1acquisition,C3,eeg
80,0,0R1acquisition,C5,eeg
80,0,0R1acquisition,C2,eeg
80,0,0R1acquisition,C4,eeg
80,0,0R1acquisition,C6,eeg
80,0,0R1acquisition,EOG1,eog
80,0,0R1acquisition,EOG2,eog
80,0,0R1acquisition,EOG3,eog
80,0,0R1acquisition,EMGg,emg
80,0,0R1acquisition,EMGd,emg
80,0,0R1acquisition,F4,eeg
80,0,0R1acquisition,FC2,eeg
80,0,0R1acquisition,FC4,eeg
80,0,0R1acquisition,FC6,eeg
80,0,0R1acquisition,CP2,eeg
80,0,0R1acquisition,CP4,eeg
80,0,0R1acquisition,CP6,eeg
80,0,0R1acquisition,P4,eeg
80,0,0R1acquisition,F3,eeg
80,0,0R1acquisition,FC1,eeg
80,0,0R1acquisition,FC3,eeg
80,0,0R1acquisition,FC5,eeg
80,0,0R1acquisition,CP1,eeg
80,0,0R1acquisition,CP3,eeg
80,0,0R1acquisition,CP5,eeg
80,0,0R1acquisition,P3,eeg
80,0,1R2acquisition,Fz,eeg
80,0,1R2acquisition,FCz,eeg
80,0,1R2acquisition,Cz,eeg
80,0,1R2acquisition,CPz,eeg
80,0,1R2acquisition,Pz,eeg
80,0,1R2acquisition,C1,eeg
80,0,1R2acquisition,C3,eeg
80,0,1R2acquisition,C5,eeg
80,0,1R2acquisition,C2,eeg
80,0,1R2acquisition,C4,eeg
80,0,1R2acquisition,C6,eeg
80,0,1R2acquisition,EOG1,eog
80,0,1R2acquisition,EOG2,eog
80,0,1R2acquisition,EOG3,eog
80,0,1R2acquisition,EMGg,emg
80,0,1R2acquisition,EMGd,emg
80,0,1R2acquisition,F4,eeg
80,0,1R2acquisition,FC2,eeg
80,0,1R2acquisition,FC4,eeg
80,0,1R2acquisition,FC6,eeg
80,0,1R2acquisition,CP2,eeg
80,0,1R2acquisition,CP4,eeg
80,0,1R2acquisition,CP6,eeg
80,0,1R2acquisition,P4,eeg
80,0,1R2acquisition,F3,eeg
80,0,1R2acquisition,FC1,eeg
80,0,1R2acquisition,FC3,eeg
80,0,1R2acquisition,FC5,eeg
80,0,1R2acquisition,CP1,eeg
80,0,1R2acquisition,CP3,eeg
80,0,1R2acquisition,CP5,eeg
80,0,1R2acquisition,P3,eeg
80,0,2R3online,Fz,eeg
80,0,2R3online,FCz,eeg
80,0,2R3online,Cz,eeg
80,0,2R3online,CPz,eeg
80,0,2R3online,Pz,eeg
80,0,2R3online,C1,eeg
80,0,2R3online,C3,eeg
80,0,2R3online,C5,eeg
80,0,2R3online,C2,eeg
80,0,2R3online,C4,eeg
80,0,2R3online,C6,eeg
80,0,2R3online,EOG1,eog
80,0,2R3online,EOG2,eog
80,0,2R3online,EOG3,eog
80,0,2R3online,EMGg,emg
80,0,2R3online,EMGd,emg
80,0,2R3online,F4,eeg
80,0,2R3online,FC2,eeg
80,0,2R3online,FC4,eeg
80,0,2R3online,FC6,eeg
80,0,2R3online,CP2,eeg
80,0,2R3online,CP4,eeg
80,0,2R3online,CP6,eeg
80,0,2R3online,P4,eeg
80,0,2R3online,F3,eeg
80,0,2R3online,FC1,eeg
80,0,2R3online,FC3,eeg
80,0,2R3online,FC5,eeg
80,0,2R3online,CP1,eeg
80,0,2R3online,CP3,eeg
80,0,2R3online,CP5,eeg
80,0,2R3online,P3,eeg
80,0,3R4online,Fz,eeg
80,0,3R4online,FCz,eeg
80,0,3R4online,Cz,eeg
80,0,3R4online,CPz,eeg
80,0,3R4online,Pz,eeg
80,0,3R4online,C1,eeg
80,0,3R4online,C3,eeg
80,0,3R4online,C5,eeg
80,0,3R4online,C2,eeg
80,0,3R4online,C4,eeg
80,0,3R4online,C6,eeg
80,0,3R4online,EOG1,eog
80,0,3R4online,EOG2,eog
80,0,3R4online,EOG3,eog
80,0,3R4online,EMGg,emg
80,0,3R4online,EMGd,emg
80,0,3R4online,F4,eeg
80,0,3R4online,FC2,eeg
80,0,3R4online,FC4,eeg
80,0,3R4online,FC6,eeg
80,0,3R4online,CP2,eeg
80,0,3R4online,CP4,eeg
80,0,3R4online,CP6,eeg
80,0,3R4online,P4,eeg
80,0,3R4online,F3,eeg
80,0,3R4online,FC1,eeg
80,0,3R4online,FC3,eeg
80,0,3R4online,FC5,eeg
80,0,3R4online,CP1,eeg
80,0,3R4online,CP3,eeg
80,0,3R4online,CP5,eeg
80,0,3R4online,P3,eeg
80,0,4R5online,Fz,eeg
80,0,4R5online,FCz,eeg
80,0,4R5online,Cz,eeg
80,0,4R5online,CPz,eeg
80,0,4R5online,Pz,eeg
80,0,4R5online,C1,eeg
80,0,4R5online,C3,eeg
80,0,4R5online,C5,eeg
80,0,4R5online,C2,eeg
80,0,4R5online,C4,eeg
80,0,4R5online,C6,eeg
80,0,4R5online,EOG1,eog
80,0,4R5online,EOG2,eog
80,0,4R5online,EOG3,eog
80,0,4R5online,EMGg,emg
80,0,4R5online,EMGd,emg
80,0,4R5online,F4,eeg
80,0,4R5online,FC2,eeg
80,0,4R5online,FC4,eeg
80,0,4R5online,FC6,eeg
80,0,4R5online,CP2,eeg
80,0,4R5online,CP4,eeg
80,0,4R5online,CP6,eeg
80,0,4R5online,P4,eeg
80,0,4R5online,F3,eeg
80,0,4R5online,FC1,eeg
80,0,4R5online,FC3,eeg
80,0,4R5online,FC5,eeg
80,0,4R5online,CP1,eeg
80,0,4R5online,CP3,eeg
80,0,4R5online,CP5,eeg
80,0,4R5online,P3,eeg
80,0,5R6online,Fz,eeg
80,0,5R6online,FCz,eeg
80,0,5R6online,Cz,eeg
80,0,5R6online,CPz,eeg
80,0,5R6online,Pz,eeg
80,0,5R6online,C1,eeg
80,0,5R6online,C3,eeg
80,0,5R6online,C5,eeg
80,0,5R6online,C2,eeg
80,0,5R6online,C4,eeg
80,0,5R6online,C6,eeg
80,0,5R6online,EOG1,eog
80,0,5R6online,EOG2,eog
80,0,5R6online,EOG3,eog
80,0,5R6online,EMGg,emg
80,0,5R6online,EMGd,emg
80,0,5R6online,F4,eeg
80,0,5R6online,FC2,eeg
80,0,5R6online,FC4,eeg
80,0,5R6online,FC6,eeg
80,0,5R6online,CP2,eeg
80,0,5R6online,CP4,eeg
80,0,5R6online,CP6,eeg
80,0,5R6online,P4,eeg
80,0,5R6online,F3,eeg
80,0,5R6online,FC1,eeg
80,0,5R6online,FC3,eeg
80,0,5R6online,FC5,eeg
80,0,5R6online,CP1,eeg
80,0,5R6online,CP3,eeg
80,0,5R6online,CP5,eeg
80,0,5R6online,P3,eeg
81,0,0R1acquisition,Fz,eeg
81,0,0R1acquisition,FCz,eeg
81,0,0R1acquisition,Cz,eeg
81,0,0R1acquisition,CPz,eeg
81,0,0R1acquisition,Pz,eeg
81,0,0R1acquisition,C1,eeg
81,0,0R1acquisition,C3,eeg
81,0,0R1acquisition,C5,eeg
81,0,0R1acquisition,C2,eeg
81,0,0R1acquisition,C4,eeg
81,0,0R1acquisition,C6,eeg
81,0,0R1acquisition,EOG1,eog
81,0,0R1acquisition,EOG2,eog
81,0,0R1acquisition,EOG3,eog
81,0,0R1acquisition,EMGg,emg
81,0,0R1acquisition,EMGd,emg
81,0,0R1acquisition,F4,eeg
81,0,0R1acquisition,FC2,eeg
81,0,0R1acquisition,FC4,eeg
81,0,0R1acquisition,FC6,eeg
81,0,0R1acquisition,CP2,eeg
81,0,0R1acquisition,CP4,eeg
81,0,0R1acquisition,CP6,eeg
81,0,0R1acquisition,P4,eeg
81,0,0R1acquisition,F3,eeg
81,0,0R1acquisition,FC1,eeg
81,0,0R1acquisition,FC3,eeg
81,0,0R1acquisition,FC5,eeg
81,0,0R1acquisition,CP1,eeg
81,0,0R1acquisition,CP3,eeg
81,0,0R1acquisition,CP5,eeg
81,0,0R1acquisition,P3,eeg
81,0,1R2acquisition,Fz,eeg
81,0,1R2acquisition,FCz,eeg
81,0,1R2acquisition,Cz,eeg
81,0,1R2acquisition,CPz,eeg
81,0,1R2acquisition,Pz,eeg
81,0,1R2acquisition,C1,eeg
81,0,1R2acquisition,C3,eeg
81,0,1R2acquisition,C5,eeg
81,0,1R2acquisition,C2,eeg
81,0,1R2acquisition,C4,eeg
81,0,1R2acquisition,C6,eeg
81,0,1R2acquisition,EOG1,eog
81,0,1R2acquisition,EOG2,eog
81,0,1R2acquisition,EOG3,eog
81,0,1R2acquisition,EMGg,emg
81,0,1R2acquisition,EMGd,emg
81,0,1R2acquisition,F4,eeg
81,0,1R2acquisition,FC2,eeg
81,0,1R2acquisition,FC4,eeg
81,0,1R2acquisition,FC6,eeg
81,0,1R2acquisition,CP2,eeg
81,0,1R2acquisition,CP4,eeg
81,0,1R2acquisition,CP6,eeg
81,0,1R2acquisition,P4,eeg
81,0,1R2acquisition,F3,eeg
81,0,1R2acquisition,FC1,eeg
81,0,1R2acquisition,FC3,eeg
81,0,1R2acquisition,FC5,eeg
81,0,1R2acquisition,CP1,eeg
81,0,1R2acquisition,CP3,eeg
81,0,1R2acquisition,CP5,eeg
81,0,1R2acquisition,P3,eeg
81,0,2R3online,Fz,eeg
81,0,2R3online,FCz,eeg
81,0,2R3online,Cz,eeg
81,0,2R3online,CPz,eeg
81,0,2R3online,Pz,eeg
81,0,2R3online,C1,eeg
81,0,2R3online,C3,eeg
81,0,2R3online,C5,eeg
81,0,2R3online,C2,eeg
81,0,2R3online,C4,eeg
81,0,2R3online,C6,eeg
81,0,2R3online,EOG1,eog
81,0,2R3online,EOG2,eog
81,0,2R3online,EOG3,eog
81,0,2R3online,EMGg,emg
81,0,2R3online,EMGd,emg
81,0,2R3online,F4,eeg
81,0,2R3online,FC2,eeg
81,0,2R3online,FC4,eeg
81,0,2R3online,FC6,eeg
81,0,2R3online,CP2,eeg
81,0,2R3online,CP4,eeg
81,0,2R3online,CP6,eeg
81,0,2R3online,P4,eeg
81,0,2R3online,F3,eeg
81,0,2R3online,FC1,eeg
81,0,2R3online,FC3,eeg
81,0,2R3online,FC5,eeg
81,0,2R3online,CP1,eeg
81,0,2R3online,CP3,eeg
81,0,2R3online,CP5,eeg
81,0,2R3online,P3,eeg
81,0,3R4online,Fz,eeg
81,0,3R4online,FCz,eeg
81,0,3R4online,Cz,eeg
81,0,3R4online,CPz,eeg
81,0,3R4online,Pz,eeg
81,0,3R4online,C1,eeg
81,0,3R4online,C3,eeg
81,0,3R4online,C5,eeg
81,0,3R4online,C2,eeg
81,0,3R4online,C4,eeg
81,0,3R4online,C6,eeg
81,0,3R4online,EOG1,eog
81,0,3R4online,EOG2,eog
81,0,3R4online,EOG3,eog
81,0,3R4online,EMGg,emg
81,0,3R4online,EMGd,emg
81,0,3R4online,F4,eeg
81,0,3R4online,FC2,eeg
81,0,3R4online,FC4,eeg
81,0,3R4online,FC6,eeg
81,0,3R4online,CP2,eeg
81,0,3R4online,CP4,eeg
81,0,3R4online,CP6,eeg
81,0,3R4online,P4,eeg
81,0,3R4online,F3,eeg
81,0,3R4online,FC1,eeg
81,0,3R4online,FC3,eeg
81,0,3R4online,FC5,eeg
81,0,3R4online,CP1,eeg
81,0,3R4online,CP3,eeg
81,0,3R4online,CP5,eeg
81,0,3R4online,P3,eeg
81,0,4R5online,Fz,eeg
81,0,4R5online,FCz,eeg
81,0,4R5online,Cz,eeg
81,0,4R5online,CPz,eeg
81,0,4R5online,Pz,eeg
81,0,4R5online,C1,eeg
81,0,4R5online,C3,eeg
81,0,4R5online,C5,eeg
81,0,4R5online,C2,eeg
81,0,4R5online,C4,eeg
81,0,4R5online,C6,eeg
81,0,4R5online,EOG1,eog
81,0,4R5online,EOG2,eog
81,0,4R5online,EOG3,eog
81,0,4R5online,EMGg,emg
81,0,4R5online,EMGd,emg
81,0,4R5online,F4,eeg
81,0,4R5online,FC2,eeg
81,0,4R5online,FC4,eeg
81,0,4R5online,FC6,eeg
81,0,4R5online,CP2,eeg
81,0,4R5online,CP4,eeg
81,0,4R5online,CP6,eeg
81,0,4R5online,P4,eeg
81,0,4R5online,F3,eeg
81,0,4R5online,FC1,eeg
81,0,4R5online,FC3,eeg
81,0,4R5online,FC5,eeg
81,0,4R5online,CP1,eeg
81,0,4R5online,CP3,eeg
81,0,4R5online,CP5,eeg
81,0,4R5online,P3,eeg
81,0,5R6online,Fz,eeg
81,0,5R6online,FCz,eeg
81,0,5R6online,Cz,eeg
81,0,5R6online,CPz,eeg
81,0,5R6online,Pz,eeg
81,0,5R6online,C1,eeg
81,0,5R6online,C3,eeg
81,0,5R6online,C5,eeg
81,0,5R6online,C2,eeg
81,0,5R6online,C4,eeg
81,0,5R6online,C6,eeg
81,0,5R6online,EOG1,eog
81,0,5R6online,EOG2,eog
81,0,5R6online,EOG3,eog
81,0,5R6online,EMGg,emg
81,0,5R6online,EMGd,emg
81,0,5R6online,F4,eeg
81,0,5R6online,FC2,eeg
81,0,5R6online,FC4,eeg
81,0,5R6online,FC6,eeg
81,0,5R6online,CP2,eeg
81,0,5R6online,CP4,eeg
81,0,5R6online,CP6,eeg
81,0,5R6online,P4,eeg
81,0,5R6online,F3,eeg
81,0,5R6online,FC1,eeg
81,0,5R6online,FC3,eeg
81,0,5R6online,FC5,eeg
81,0,5R6online,CP1,eeg
81,0,5R6online,CP3,eeg
81,0,5R6online,CP5,eeg
81,0,5R6online,P3,eeg
82,0,0R1acquisition,Fz,eeg
82,0,0R1acquisition,FCz,eeg
82,0,0R1acquisition,Cz,eeg
82,0,0R1acquisition,CPz,eeg
82,0,0R1acquisition,Pz,eeg
82,0,0R1acquisition,C1,eeg
82,0,0R1acquisition,C3,eeg
82,0,0R1acquisition,C5,eeg
82,0,0R1acquisition,C2,eeg
82,0,0R1acquisition,C4,eeg
82,0,0R1acquisition,C6,eeg
82,0,0R1acquisition,EOG1,eog
82,0,0R1acquisition,EOG2,eog
82,0,0R1acquisition,EOG3,eog
82,0,0R1acquisition,EMGg,emg
82,0,0R1acquisition,EMGd,emg
82,0,0R1acquisition,F4,eeg
82,0,0R1acquisition,FC2,eeg
82,0,0R1acquisition,FC4,eeg
82,0,0R1acquisition,FC6,eeg
82,0,0R1acquisition,CP2,eeg
82,0,0R1acquisition,CP4,eeg
82,0,0R1acquisition,CP6,eeg
82,0,0R1acquisition,P4,eeg
82,0,0R1acquisition,F3,eeg
82,0,0R1acquisition,FC1,eeg
82,0,0R1acquisition,FC3,eeg
82,0,0R1acquisition,FC5,eeg
82,0,0R1acquisition,CP1,eeg
82,0,0R1acquisition,CP3,eeg
82,0,0R1acquisition,CP5,eeg
82,0,0R1acquisition,P3,eeg
82,0,1R2acquisition,Fz,eeg
82,0,1R2acquisition,FCz,eeg
82,0,1R2acquisition,Cz,eeg
82,0,1R2acquisition,CPz,eeg
82,0,1R2acquisition,Pz,eeg
82,0,1R2acquisition,C1,eeg
82,0,1R2acquisition,C3,eeg
82,0,1R2acquisition,C5,eeg
82,0,1R2acquisition,C2,eeg
82,0,1R2acquisition,C4,eeg
82,0,1R2acquisition,C6,eeg
82,0,1R2acquisition,EOG1,eog
82,0,1R2acquisition,EOG2,eog
82,0,1R2acquisition,EOG3,eog
82,0,1R2acquisition,EMGg,emg
82,0,1R2acquisition,EMGd,emg
82,0,1R2acquisition,F4,eeg
82,0,1R2acquisition,FC2,eeg
82,0,1R2acquisition,FC4,eeg
82,0,1R2acquisition,FC6,eeg
82,0,1R2acquisition,CP2,eeg
82,0,1R2acquisition,CP4,eeg
82,0,1R2acquisition,CP6,eeg
82,0,1R2acquisition,P4,eeg
82,0,1R2acquisition,F3,eeg
82,0,1R2acquisition,FC1,eeg
82,0,1R2acquisition,FC3,eeg
82,0,1R2acquisition,FC5,eeg
82,0,1R2acquisition,CP1,eeg
82,0,1R2acquisition,CP3,eeg
82,0,1R2acquisition,CP5,eeg
82,0,1R2acquisition,P3,eeg
82,0,2R3online,Fz,eeg
82,0,2R3online,FCz,eeg
82,0,2R3online,Cz,eeg
82,0,2R3online,CPz,eeg
82,0,2R3online,Pz,eeg
82,0,2R3online,C1,eeg
82,0,2R3online,C3,eeg
82,0,2R3online,C5,eeg
82,0,2R3online,C2,eeg
82,0,2R3online,C4,eeg
82,0,2R3online,C6,eeg
82,0,2R3online,EOG1,eog
82,0,2R3online,EOG2,eog
82,0,2R3online,EOG3,eog
82,0,2R3online,EMGg,emg
82,0,2R3online,EMGd,emg
82,0,2R3online,F4,eeg
82,0,2R3online,FC2,eeg
82,0,2R3online,FC4,eeg
82,0,2R3online,FC6,eeg
82,0,2R3online,CP2,eeg
82,0,2R3online,CP4,eeg
82,0,2R3online,CP6,eeg
82,0,2R3online,P4,eeg
82,0,2R3online,F3,eeg
82,0,2R3online,FC1,eeg
82,0,2R3online,FC3,eeg
82,0,2R3online,FC5,eeg
82,0,2R3online,CP1,eeg
82,0,2R3online,CP3,eeg
82,0,2R3online,CP5,eeg
82,0,2R3online,P3,eeg
82,0,3R4online,Fz,eeg
82,0,3R4online,FCz,eeg
82,0,3R4online,Cz,eeg
82,0,3R4online,CPz,eeg
82,0,3R4online,Pz,eeg
82,0,3R4online,C1,eeg
82,0,3R4online,C3,eeg
82,0,3R4online,C5,eeg
82,0,3R4online,C2,eeg
82,0,3R4online,C4,eeg
82,0,3R4online,C6,eeg
82,0,3R4online,EOG1,eog
82,0,3R4online,EOG2,eog
82,0,3R4online,EOG3,eog
82,0,3R4online,EMGg,emg
82,0,3R4online,EMGd,emg
82,0,3R4online,F4,eeg
82,0,3R4online,FC2,eeg
82,0,3R4online,FC4,eeg
82,0,3R4online,FC6,eeg
82,0,3R4online,CP2,eeg
82,0,3R4online,CP4,eeg
82,0,3R4online,CP6,eeg
82,0,3R4online,P4,eeg
82,0,3R4online,F3,eeg
82,0,3R4online,FC1,eeg
82,0,3R4online,FC3,eeg
82,0,3R4online,FC5,eeg
82,0,3R4online,CP1,eeg
82,0,3R4online,CP3,eeg
82,0,3R4online,CP5,eeg
82,0,3R4online,P3,eeg
82,0,4R5online,Fz,eeg
82,0,4R5online,FCz,eeg
82,0,4R5online,Cz,eeg
82,0,4R5online,CPz,eeg
82,0,4R5online,Pz,eeg
82,0,4R5online,C1,eeg
82,0,4R5online,C3,eeg
82,0,4R5online,C5,eeg
82,0,4R5online,C2,eeg
82,0,4R5online,C4,eeg
82,0,4R5online,C6,eeg
82,0,4R5online,EOG1,eog
82,0,4R5online,EOG2,eog
82,0,4R5online,EOG3,eog
82,0,4R5online,EMGg,emg
82,0,4R5online,EMGd,emg
82,0,4R5online,F4,eeg
82,0,4R5online,FC2,eeg
82,0,4R5online,FC4,eeg
82,0,4R5online,FC6,eeg
82,0,4R5online,CP2,eeg
82,0,4R5online,CP4,eeg
82,0,4R5online,CP6,eeg
82,0,4R5online,P4,eeg
82,0,4R5online,F3,eeg
82,0,4R5online,FC1,eeg
82,0,4R5online,FC3,eeg
82,0,4R5online,FC5,eeg
82,0,4R5online,CP1,eeg
82,0,4R5online,CP3,eeg
82,0,4R5online,CP5,eeg
82,0,4R5online,P3,eeg
82,0,5R6online,Fz,eeg
82,0,5R6online,FCz,eeg
82,0,5R6online,Cz,eeg
82,0,5R6online,CPz,eeg
82,0,5R6online,Pz,eeg
82,0,5R6online,C1,eeg
82,0,5R6online,C3,eeg
82,0,5R6online,C5,eeg
82,0,5R6online,C2,eeg
82,0,5R6online,C4,eeg
82,0,5R6online,C6,eeg
82,0,5R6online,EOG1,eog
82,0,5R6online,EOG2,eog
82,0,5R6online,EOG3,eog
82,0,5R6online,EMGg,emg
82,0,5R6online,EMGd,emg
82,0,5R6online,F4,eeg
82,0,5R6online,FC2,eeg
82,0,5R6online,FC4,eeg
82,0,5R6online,FC6,eeg
82,0,5R6online,CP2,eeg
82,0,5R6online,CP4,eeg
82,0,5R6online,CP6,eeg
82,0,5R6online,P4,eeg
82,0,5R6online,F3,eeg
82,0,5R6online,FC1,eeg
82,0,5R6online,FC3,eeg
82,0,5R6online,FC5,eeg
82,0,5R6online,CP1,eeg
82,0,5R6online,CP3,eeg
82,0,5R6online,CP5,eeg
82,0,5R6online,P3,eeg
83,0,0R1acquisition,Fz,eeg
83,0,0R1acquisition,FCz,eeg
83,0,0R1acquisition,Cz,eeg
83,0,0R1acquisition,CPz,eeg
83,0,0R1acquisition,Pz,eeg
83,0,0R1acquisition,C1,eeg
83,0,0R1acquisition,C3,eeg
83,0,0R1acquisition,C5,eeg
83,0,0R1acquisition,C2,eeg
83,0,0R1acquisition,C4,eeg
83,0,0R1acquisition,C6,eeg
83,0,0R1acquisition,EOG1,eog
83,0,0R1acquisition,EOG2,eog
83,0,0R1acquisition,EOG3,eog
83,0,0R1acquisition,EMGg,emg
83,0,0R1acquisition,EMGd,emg
83,0,0R1acquisition,F4,eeg
83,0,0R1acquisition,FC2,eeg
83,0,0R1acquisition,FC4,eeg
83,0,0R1acquisition,FC6,eeg
83,0,0R1acquisition,CP2,eeg
83,0,0R1acquisition,CP4,eeg
83,0,0R1acquisition,CP6,eeg
83,0,0R1acquisition,P4,eeg
83,0,0R1acquisition,F3,eeg
83,0,0R1acquisition,FC1,eeg
83,0,0R1acquisition,FC3,eeg
83,0,0R1acquisition,FC5,eeg
83,0,0R1acquisition,CP1,eeg
83,0,0R1acquisition,CP3,eeg
83,0,0R1acquisition,CP5,eeg
83,0,0R1acquisition,P3,eeg
83,0,1R2acquisition,Fz,eeg
83,0,1R2acquisition,FCz,eeg
83,0,1R2acquisition,Cz,eeg
83,0,1R2acquisition,CPz,eeg
83,0,1R2acquisition,Pz,eeg
83,0,1R2acquisition,C1,eeg
83,0,1R2acquisition,C3,eeg
83,0,1R2acquisition,C5,eeg
83,0,1R2acquisition,C2,eeg
83,0,1R2acquisition,C4,eeg
83,0,1R2acquisition,C6,eeg
83,0,1R2acquisition,EOG1,eog
83,0,1R2acquisition,EOG2,eog
83,0,1R2acquisition,EOG3,eog
83,0,1R2acquisition,EMGg,emg
83,0,1R2acquisition,EMGd,emg
83,0,1R2acquisition,F4,eeg
83,0,1R2acquisition,FC2,eeg
83,0,1R2acquisition,FC4,eeg
83,0,1R2acquisition,FC6,eeg
83,0,1R2acquisition,CP2,eeg
83,0,1R2acquisition,CP4,eeg
83,0,1R2acquisition,CP6,eeg
83,0,1R2acquisition,P4,eeg
83,0,1R2acquisition,F3,eeg
83,0,1R2acquisition,FC1,eeg
83,0,1R2acquisition,FC3,eeg
83,0,1R2acquisition,FC5,eeg
83,0,1R2acquisition,CP1,eeg
83,0,1R2acquisition,CP3,eeg
83,0,1R2acquisition,CP5,eeg
83,0,1R2acquisition,P3,eeg
83,0,2R3online,Fz,eeg
83,0,2R3online,FCz,eeg
83,0,2R3online,Cz,eeg
83,0,2R3online,CPz,eeg
83,0,2R3online,Pz,eeg
83,0,2R3online,C1,eeg
83,0,2R3online,C3,eeg
83,0,2R3online,C5,eeg
83,0,2R3online,C2,eeg
83,0,2R3online,C4,eeg
83,0,2R3online,C6,eeg
83,0,2R3online,EOG1,eog
83,0,2R3online,EOG2,eog
83,0,2R3online,EOG3,eog
83,0,2R3online,EMGg,emg
83,0,2R3online,EMGd,emg
83,0,2R3online,F4,eeg
83,0,2R3online,FC2,eeg
83,0,2R3online,FC4,eeg
83,0,2R3online,FC6,eeg
83,0,2R3online,CP2,eeg
83,0,2R3online,CP4,eeg
83,0,2R3online,CP6,eeg
83,0,2R3online,P4,eeg
83,0,2R3online,F3,eeg
83,0,2R3online,FC1,eeg
83,0,2R3online,FC3,eeg
83,0,2R3online,FC5,eeg
83,0,2R3online,CP1,eeg
83,0,2R3online,CP3,eeg
83,0,2R3online,CP5,eeg
83,0,2R3online,P3,eeg
83,0,3R4online,Fz,eeg
83,0,3R4online,FCz,eeg
83,0,3R4online,Cz,eeg
83,0,3R4online,CPz,eeg
83,0,3R4online,Pz,eeg
83,0,3R4online,C1,eeg
83,0,3R4online,C3,eeg
83,0,3R4online,C5,eeg
83,0,3R4online,C2,eeg
83,0,3R4online,C4,eeg
83,0,3R4online,C6,eeg
83,0,3R4online,EOG1,eog
83,0,3R4online,EOG2,eog
83,0,3R4online,EOG3,eog
83,0,3R4online,EMGg,emg
83,0,3R4online,EMGd,emg
83,0,3R4online,F4,eeg
83,0,3R4online,FC2,eeg
83,0,3R4online,FC4,eeg
83,0,3R4online,FC6,eeg
83,0,3R4online,CP2,eeg
83,0,3R4online,CP4,eeg
83,0,3R4online,CP6,eeg
83,0,3R4online,P4,eeg
83,0,3R4online,F3,eeg
83,0,3R4online,FC1,eeg
83,0,3R4online,FC3,eeg
83,0,3R4online,FC5,eeg
83,0,3R4online,CP1,eeg
83,0,3R4online,CP3,eeg
83,0,3R4online,CP5,eeg
83,0,3R4online,P3,eeg
83,0,4R5online,Fz,eeg
83,0,4R5online,FCz,eeg
83,0,4R5online,Cz,eeg
83,0,4R5online,CPz,eeg
83,0,4R5online,Pz,eeg
83,0,4R5online,C1,eeg
83,0,4R5online,C3,eeg
83,0,4R5online,C5,eeg
83,0,4R5online,C2,eeg
83,0,4R5online,C4,eeg
83,0,4R5online,C6,eeg
83,0,4R5online,EOG1,eog
83,0,4R5online,EOG2,eog
83,0,4R5online,EOG3,eog
83,0,4R5online,EMGg,emg
83,0,4R5online,EMGd,emg
83,0,4R5online,F4,eeg
83,0,4R5online,FC2,eeg
83,0,4R5online,FC4,eeg
83,0,4R5online,FC6,eeg
83,0,4R5online,CP2,eeg
83,0,4R5online,CP4,eeg
83,0,4R5online,CP6,eeg
83,0,4R5online,P4,eeg
83,0,4R5online,F3,eeg
83,0,4R5online,FC1,eeg
83,0,4R5online,FC3,eeg
83,0,4R5online,FC5,eeg
83,0,4R5online,CP1,eeg
83,0,4R5online,CP3,eeg
83,0,4R5online,CP5,eeg
83,0,4R5online,P3,eeg
83,0,5R6online,Fz,eeg
83,0,5R6online,FCz,eeg
83,0,5R6online,Cz,eeg
83,0,5R6online,CPz,eeg
83,0,5R6online,Pz,eeg
83,0,5R6online,C1,eeg
83,0,5R6online,C3,eeg
83,0,5R6online,C5,eeg
83,0,5R6online,C2,eeg
83,0,5R6online,C4,eeg
83,0,5R6online,C6,eeg
83,0,5R6online,EOG1,eog
83,0,5R6online,EOG2,eog
83,0,5R6online,EOG3,eog
83,0,5R6online,EMGg,emg
83,0,5R6online,EMGd,emg
83,0,5R6online,F4,eeg
83,0,5R6online,FC2,eeg
83,0,5R6online,FC4,eeg
83,0,5R6online,FC6,eeg
83,0,5R6online,CP2,eeg
83,0,5R6online,CP4,eeg
83,0,5R6online,CP6,eeg
83,0,5R6online,P4,eeg
83,0,5R6online,F3,eeg
83,0,5R6online,FC1,eeg
83,0,5R6online,FC3,eeg
83,0,5R6online,FC5,eeg
83,0,5R6online,CP1,eeg
83,0,5R6online,CP3,eeg
83,0,5R6online,CP5,eeg
83,0,5R6online,P3,eeg
84,0,0R1acquisition,Fz,eeg
84,0,0R1acquisition,FCz,eeg
84,0,0R1acquisition,Cz,eeg
84,0,0R1acquisition,CPz,eeg
84,0,0R1acquisition,Pz,eeg
84,0,0R1acquisition,C1,eeg
84,0,0R1acquisition,C3,eeg
84,0,0R1acquisition,C5,eeg
84,0,0R1acquisition,C2,eeg
84,0,0R1acquisition,C4,eeg
84,0,0R1acquisition,C6,eeg
84,0,0R1acquisition,EOG1,eog
84,0,0R1acquisition,EOG2,eog
84,0,0R1acquisition,EOG3,eog
84,0,0R1acquisition,EMGg,emg
84,0,0R1acquisition,EMGd,emg
84,0,0R1acquisition,F4,eeg
84,0,0R1acquisition,FC2,eeg
84,0,0R1acquisition,FC4,eeg
84,0,0R1acquisition,FC6,eeg
84,0,0R1acquisition,CP2,eeg
84,0,0R1acquisition,CP4,eeg
84,0,0R1acquisition,CP6,eeg
84,0,0R1acquisition,P4,eeg
84,0,0R1acquisition,F3,eeg
84,0,0R1acquisition,FC1,eeg
84,0,0R1acquisition,FC3,eeg
84,0,0R1acquisition,FC5,eeg
84,0,0R1acquisition,CP1,eeg
84,0,0R1acquisition,CP3,eeg
84,0,0R1acquisition,CP5,eeg
84,0,0R1acquisition,P3,eeg
84,0,1R2acquisition,Fz,eeg
84,0,1R2acquisition,FCz,eeg
84,0,1R2acquisition,Cz,eeg
84,0,1R2acquisition,CPz,eeg
84,0,1R2acquisition,Pz,eeg
84,0,1R2acquisition,C1,eeg
84,0,1R2acquisition,C3,eeg
84,0,1R2acquisition,C5,eeg
84,0,1R2acquisition,C2,eeg
84,0,1R2acquisition,C4,eeg
84,0,1R2acquisition,C6,eeg
84,0,1R2acquisition,EOG1,eog
84,0,1R2acquisition,EOG2,eog
84,0,1R2acquisition,EOG3,eog
84,0,1R2acquisition,EMGg,emg
84,0,1R2acquisition,EMGd,emg
84,0,1R2acquisition,F4,eeg
84,0,1R2acquisition,FC2,eeg
84,0,1R2acquisition,FC4,eeg
84,0,1R2acquisition,FC6,eeg
84,0,1R2acquisition,CP2,eeg
84,0,1R2acquisition,CP4,eeg
84,0,1R2acquisition,CP6,eeg
84,0,1R2acquisition,P4,eeg
84,0,1R2acquisition,F3,eeg
84,0,1R2acquisition,FC1,eeg
84,0,1R2acquisition,FC3,eeg
84,0,1R2acquisition,FC5,eeg
84,0,1R2acquisition,CP1,eeg
84,0,1R2acquisition,CP3,eeg
84,0,1R2acquisition,CP5,eeg
84,0,1R2acquisition,P3,eeg
84,0,2R3online,Fz,eeg
84,0,2R3online,FCz,eeg
84,0,2R3online,Cz,eeg
84,0,2R3online,CPz,eeg
84,0,2R3online,Pz,eeg
84,0,2R3online,C1,eeg
84,0,2R3online,C3,eeg
84,0,2R3online,C5,eeg
84,0,2R3online,C2,eeg
84,0,2R3online,C4,eeg
84,0,2R3online,C6,eeg
84,0,2R3online,EOG1,eog
84,0,2R3online,EOG2,eog
84,0,2R3online,EOG3,eog
84,0,2R3online,EMGg,emg
84,0,2R3online,EMGd,emg
84,0,2R3online,F4,eeg
84,0,2R3online,FC2,eeg
84,0,2R3online,FC4,eeg
84,0,2R3online,FC6,eeg
84,0,2R3online,CP2,eeg
84,0,2R3online,CP4,eeg
84,0,2R3online,CP6,eeg
84,0,2R3online,P4,eeg
84,0,2R3online,F3,eeg
84,0,2R3online,FC1,eeg
84,0,2R3online,FC3,eeg
84,0,2R3online,FC5,eeg
84,0,2R3online,CP1,eeg
84,0,2R3online,CP3,eeg
84,0,2R3online,CP5,eeg
84,0,2R3online,P3,eeg
84,0,3R4online,Fz,eeg
84,0,3R4online,FCz,eeg
84,0,3R4online,Cz,eeg
84,0,3R4online,CPz,eeg
84,0,3R4online,Pz,eeg
84,0,3R4online,C1,eeg
84,0,3R4online,C3,eeg
84,0,3R4online,C5,eeg
84,0,3R4online,C2,eeg
84,0,3R4online,C4,eeg
84,0,3R4online,C6,eeg
84,0,3R4online,EOG1,eog
84,0,3R4online,EOG2,eog
84,0,3R4online,EOG3,eog
84,0,3R4online,EMGg,emg
84,0,3R4online,EMGd,emg
84,0,3R4online,F4,eeg
84,0,3R4online,FC2,eeg
84,0,3R4online,FC4,eeg
84,0,3R4online,FC6,eeg
84,0,3R4online,CP2,eeg
84,0,3R4online,CP4,eeg
84,0,3R4online,CP6,eeg
84,0,3R4online,P4,eeg
84,0,3R4online,F3,eeg
84,0,3R4online,FC1,eeg
84,0,3R4online,FC3,eeg
84,0,3R4online,FC5,eeg
84,0,3R4online,CP1,eeg
84,0,3R4online,CP3,eeg
84,0,3R4online,CP5,eeg
84,0,3R4online,P3,eeg
84,0,4R5online,Fz,eeg
84,0,4R5online,FCz,eeg
84,0,4R5online,Cz,eeg
84,0,4R5online,CPz,eeg
84,0,4R5online,Pz,eeg
84,0,4R5online,C1,eeg
84,0,4R5online,C3,eeg
84,0,4R5online,C5,eeg
84,0,4R5online,C2,eeg
84,0,4R5online,C4,eeg
84,0,4R5online,C6,eeg
84,0,4R5online,EOG1,eog
84,0,4R5online,EOG2,eog
84,0,4R5online,EOG3,eog
84,0,4R5online,EMGg,emg
84,0,4R5online,EMGd,emg
84,0,4R5online,F4,eeg
84,0,4R5online,FC2,eeg
84,0,4R5online,FC4,eeg
84,0,4R5online,FC6,eeg
84,0,4R5online,CP2,eeg
84,0,4R5online,CP4,eeg
84,0,4R5online,CP6,eeg
84,0,4R5online,P4,eeg
84,0,4R5online,F3,eeg
84,0,4R5online,FC1,eeg
84,0,4R5online,FC3,eeg
84,0,4R5online,FC5,eeg
84,0,4R5online,CP1,eeg
84,0,4R5online,CP3,eeg
84,0,4R5online,CP5,eeg
84,0,4R5online,P3,eeg
84,0,5R6online,Fz,eeg
84,0,5R6online,FCz,eeg
84,0,5R6online,Cz,eeg
84,0,5R6online,CPz,eeg
84,0,5R6online,Pz,eeg
84,0,5R6online,C1,eeg
84,0,5R6online,C3,eeg
84,0,5R6online,C5,eeg
84,0,5R6online,C2,eeg
84,0,5R6online,C4,eeg
84,0,5R6online,C6,eeg
84,0,5R6online,EOG1,eog
84,0,5R6online,EOG2,eog
84,0,5R6online,EOG3,eog
84,0,5R6online,EMGg,emg
84,0,5R6online,EMGd,emg
84,0,5R6online,F4,eeg
84,0,5R6online,FC2,eeg
84,0,5R6online,FC4,eeg
84,0,5R6online,FC6,eeg
84,0,5R6online,CP2,eeg
84,0,5R6online,CP4,eeg
84,0,5R6online,CP6,eeg
84,0,5R6online,P4,eeg
84,0,5R6online,F3,eeg
84,0,5R6online,FC1,eeg
84,0,5R6online,FC3,eeg
84,0,5R6online,FC5,eeg
84,0,5R6online,CP1,eeg
84,0,5R6online,CP3,eeg
84,0,5R6online,CP5,eeg
84,0,5R6online,P3,eeg
85,0,0R1acquisition,Fz,eeg
85,0,0R1acquisition,FCz,eeg
85,0,0R1acquisition,Cz,eeg
85,0,0R1acquisition,CPz,eeg
85,0,0R1acquisition,Pz,eeg
85,0,0R1acquisition,C1,eeg
85,0,0R1acquisition,C3,eeg
85,0,0R1acquisition,C5,eeg
85,0,0R1acquisition,C2,eeg
85,0,0R1acquisition,C4,eeg
85,0,0R1acquisition,C6,eeg
85,0,0R1acquisition,EOG1,eog
85,0,0R1acquisition,EOG2,eog
85,0,0R1acquisition,EOG3,eog
85,0,0R1acquisition,EMGg,emg
85,0,0R1acquisition,EMGd,emg
85,0,0R1acquisition,F4,eeg
85,0,0R1acquisition,FC2,eeg
85,0,0R1acquisition,FC4,eeg
85,0,0R1acquisition,FC6,eeg
85,0,0R1acquisition,CP2,eeg
85,0,0R1acquisition,CP4,eeg
85,0,0R1acquisition,CP6,eeg
85,0,0R1acquisition,P4,eeg
85,0,0R1acquisition,F3,eeg
85,0,0R1acquisition,FC1,eeg
85,0,0R1acquisition,FC3,eeg
85,0,0R1acquisition,FC5,eeg
85,0,0R1acquisition,CP1,eeg
85,0,0R1acquisition,CP3,eeg
85,0,0R1acquisition,CP5,eeg
85,0,0R1acquisition,P3,eeg
85,0,1R2acquisition,Fz,eeg
85,0,1R2acquisition,FCz,eeg
85,0,1R2acquisition,Cz,eeg
85,0,1R2acquisition,CPz,eeg
85,0,1R2acquisition,Pz,eeg
85,0,1R2acquisition,C1,eeg
85,0,1R2acquisition,C3,eeg
85,0,1R2acquisition,C5,eeg
85,0,1R2acquisition,C2,eeg
85,0,1R2acquisition,C4,eeg
85,0,1R2acquisition,C6,eeg
85,0,1R2acquisition,EOG1,eog
85,0,1R2acquisition,EOG2,eog
85,0,1R2acquisition,EOG3,eog
85,0,1R2acquisition,EMGg,emg
85,0,1R2acquisition,EMGd,emg
85,0,1R2acquisition,F4,eeg
85,0,1R2acquisition,FC2,eeg
85,0,1R2acquisition,FC4,eeg
85,0,1R2acquisition,FC6,eeg
85,0,1R2acquisition,CP2,eeg
85,0,1R2acquisition,CP4,eeg
85,0,1R2acquisition,CP6,eeg
85,0,1R2acquisition,P4,eeg
85,0,1R2acquisition,F3,eeg
85,0,1R2acquisition,FC1,eeg
85,0,1R2acquisition,FC3,eeg
85,0,1R2acquisition,FC5,eeg
85,0,1R2acquisition,CP1,eeg
85,0,1R2acquisition,CP3,eeg
85,0,1R2acquisition,CP5,eeg
85,0,1R2acquisition,P3,eeg
85,0,2R3online,Fz,eeg
85,0,2R3online,FCz,eeg
85,0,2R3online,Cz,eeg
85,0,2R3online,CPz,eeg
85,0,2R3online,Pz,eeg
85,0,2R3online,C1,eeg
85,0,2R3online,C3,eeg
85,0,2R3online,C5,eeg
85,0,2R3online,C2,eeg
85,0,2R3online,C4,eeg
85,0,2R3online,C6,eeg
85,0,2R3online,EOG1,eog
85,0,2R3online,EOG2,eog
85,0,2R3online,EOG3,eog
85,0,2R3online,EMGg,emg
85,0,2R3online,EMGd,emg
85,0,2R3online,F4,eeg
85,0,2R3online,FC2,eeg
85,0,2R3online,FC4,eeg
85,0,2R3online,FC6,eeg
85,0,2R3online,CP2,eeg
85,0,2R3online,CP4,eeg
85,0,2R3online,CP6,eeg
85,0,2R3online,P4,eeg
85,0,2R3online,F3,eeg
85,0,2R3online,FC1,eeg
85,0,2R3online,FC3,eeg
85,0,2R3online,FC5,eeg
85,0,2R3online,CP1,eeg
85,0,2R3online,CP3,eeg
85,0,2R3online,CP5,eeg
85,0,2R3online,P3,eeg
85,0,3R4online,Fz,eeg
85,0,3R4online,FCz,eeg
85,0,3R4online,Cz,eeg
85,0,3R4online,CPz,eeg
85,0,3R4online,Pz,eeg
85,0,3R4online,C1,eeg
85,0,3R4online,C3,eeg
85,0,3R4online,C5,eeg
85,0,3R4online,C2,eeg
85,0,3R4online,C4,eeg
85,0,3R4online,C6,eeg
85,0,3R4online,EOG1,eog
85,0,3R4online,EOG2,eog
85,0,3R4online,EOG3,eog
85,0,3R4online,EMGg,emg
85,0,3R4online,EMGd,emg
85,0,3R4online,F4,eeg
85,0,3R4online,FC2,eeg
85,0,3R4online,FC4,eeg
85,0,3R4online,FC6,eeg
85,0,3R4online,CP2,eeg
85,0,3R4online,CP4,eeg
85,0,3R4online,CP6,eeg
85,0,3R4online,P4,eeg
85,0,3R4online,F3,eeg
85,0,3R4online,FC1,eeg
85,0,3R4online,FC3,eeg
85,0,3R4online,FC5,eeg
85,0,3R4online,CP1,eeg
85,0,3R4online,CP3,eeg
85,0,3R4online,CP5,eeg
85,0,3R4online,P3,eeg
85,0,4R5online,Fz,eeg
85,0,4R5online,FCz,eeg
85,0,4R5online,Cz,eeg
85,0,4R5online,CPz,eeg
85,0,4R5online,Pz,eeg
85,0,4R5online,C1,eeg
85,0,4R5online,C3,eeg
85,0,4R5online,C5,eeg
85,0,4R5online,C2,eeg
85,0,4R5online,C4,eeg
85,0,4R5online,C6,eeg
85,0,4R5online,EOG1,eog
85,0,4R5online,EOG2,eog
85,0,4R5online,EOG3,eog
85,0,4R5online,EMGg,emg
85,0,4R5online,EMGd,emg
85,0,4R5online,F4,eeg
85,0,4R5online,FC2,eeg
85,0,4R5online,FC4,eeg
85,0,4R5online,FC6,eeg
85,0,4R5online,CP2,eeg
85,0,4R5online,CP4,eeg
85,0,4R5online,CP6,eeg
85,0,4R5online,P4,eeg
85,0,4R5online,F3,eeg
85,0,4R5online,FC1,eeg
85,0,4R5online,FC3,eeg
85,0,4R5online,FC5,eeg
85,0,4R5online,CP1,eeg
85,0,4R5online,CP3,eeg
85,0,4R5online,CP5,eeg
85,0,4R5online,P3,eeg
85,0,5R6online,Fz,eeg
85,0,5R6online,FCz,eeg
85,0,5R6online,Cz,eeg
85,0,5R6online,CPz,eeg
85,0,5R6online,Pz,eeg
85,0,5R6online,C1,eeg
85,0,5R6online,C3,eeg
85,0,5R6online,C5,eeg
85,0,5R6online,C2,eeg
85,0,5R6online,C4,eeg
85,0,5R6online,C6,eeg
85,0,5R6online,EOG1,eog
85,0,5R6online,EOG2,eog
85,0,5R6online,EOG3,eog
85,0,5R6online,EMGg,emg
85,0,5R6online,EMGd,emg
85,0,5R6online,F4,eeg
85,0,5R6online,FC2,eeg
85,0,5R6online,FC4,eeg
85,0,5R6online,FC6,eeg
85,0,5R6online,CP2,eeg
85,0,5R6online,CP4,eeg
85,0,5R6online,CP6,eeg
85,0,5R6online,P4,eeg
85,0,5R6online,F3,eeg
85,0,5R6online,FC1,eeg
85,0,5R6online,FC3,eeg
85,0,5R6online,FC5,eeg
85,0,5R6online,CP1,eeg
85,0,5R6online,CP3,eeg
85,0,5R6online,CP5,eeg
85,0,5R6online,P3,eeg
86,0,0R1acquisition,Fz,eeg
86,0,0R1acquisition,FCz,eeg
86,0,0R1acquisition,Cz,eeg
86,0,0R1acquisition,CPz,eeg
86,0,0R1acquisition,Pz,eeg
86,0,0R1acquisition,C1,eeg
86,0,0R1acquisition,C3,eeg
86,0,0R1acquisition,C5,eeg
86,0,0R1acquisition,C2,eeg
86,0,0R1acquisition,C4,eeg
86,0,0R1acquisition,C6,eeg
86,0,0R1acquisition,EOG1,eog
86,0,0R1acquisition,EOG2,eog
86,0,0R1acquisition,EOG3,eog
86,0,0R1acquisition,EMGg,emg
86,0,0R1acquisition,EMGd,emg
86,0,0R1acquisition,F4,eeg
86,0,0R1acquisition,FC2,eeg
86,0,0R1acquisition,FC4,eeg
86,0,0R1acquisition,FC6,eeg
86,0,0R1acquisition,CP2,eeg
86,0,0R1acquisition,CP4,eeg
86,0,0R1acquisition,CP6,eeg
86,0,0R1acquisition,P4,eeg
86,0,0R1acquisition,F3,eeg
86,0,0R1acquisition,FC1,eeg
86,0,0R1acquisition,FC3,eeg
86,0,0R1acquisition,FC5,eeg
86,0,0R1acquisition,CP1,eeg
86,0,0R1acquisition,CP3,eeg
86,0,0R1acquisition,CP5,eeg
86,0,0R1acquisition,P3,eeg
86,0,1R2acquisition,Fz,eeg
86,0,1R2acquisition,FCz,eeg
86,0,1R2acquisition,Cz,eeg
86,0,1R2acquisition,CPz,eeg
86,0,1R2acquisition,Pz,eeg
86,0,1R2acquisition,C1,eeg
86,0,1R2acquisition,C3,eeg
86,0,1R2acquisition,C5,eeg
86,0,1R2acquisition,C2,eeg
86,0,1R2acquisition,C4,eeg
86,0,1R2acquisition,C6,eeg
86,0,1R2acquisition,EOG1,eog
86,0,1R2acquisition,EOG2,eog
86,0,1R2acquisition,EOG3,eog
86,0,1R2acquisition,EMGg,emg
86,0,1R2acquisition,EMGd,emg
86,0,1R2acquisition,F4,eeg
86,0,1R2acquisition,FC2,eeg
86,0,1R2acquisition,FC4,eeg
86,0,1R2acquisition,FC6,eeg
86,0,1R2acquisition,CP2,eeg
86,0,1R2acquisition,CP4,eeg
86,0,1R2acquisition,CP6,eeg
86,0,1R2acquisition,P4,eeg
86,0,1R2acquisition,F3,eeg
86,0,1R2acquisition,FC1,eeg
86,0,1R2acquisition,FC3,eeg
86,0,1R2acquisition,FC5,eeg
86,0,1R2acquisition,CP1,eeg
86,0,1R2acquisition,CP3,eeg
86,0,1R2acquisition,CP5,eeg
86,0,1R2acquisition,P3,eeg
86,0,2R3online,Fz,eeg
86,0,2R3online,FCz,eeg
86,0,2R3online,Cz,eeg
86,0,2R3online,CPz,eeg
86,0,2R3online,Pz,eeg
86,0,2R3online,C1,eeg
86,0,2R3online,C3,eeg
86,0,2R3online,C5,eeg
86,0,2R3online,C2,eeg
86,0,2R3online,C4,eeg
86,0,2R3online,C6,eeg
86,0,2R3online,EOG1,eog
86,0,2R3online,EOG2,eog
86,0,2R3online,EOG3,eog
86,0,2R3online,EMGg,emg
86,0,2R3online,EMGd,emg
86,0,2R3online,F4,eeg
86,0,2R3online,FC2,eeg
86,0,2R3online,FC4,eeg
86,0,2R3online,FC6,eeg
86,0,2R3online,CP2,eeg
86,0,2R3online,CP4,eeg
86,0,2R3online,CP6,eeg
86,0,2R3online,P4,eeg
86,0,2R3online,F3,eeg
86,0,2R3online,FC1,eeg
86,0,2R3online,FC3,eeg
86,0,2R3online,FC5,eeg
86,0,2R3online,CP1,eeg
86,0,2R3online,CP3,eeg
86,0,2R3online,CP5,eeg
86,0,2R3online,P3,eeg
86,0,3R4online,Fz,eeg
86,0,3R4online,FCz,eeg
86,0,3R4online,Cz,eeg
86,0,3R4online,CPz,eeg
86,0,3R4online,Pz,eeg
86,0,3R4online,C1,eeg
86,0,3R4online,C3,eeg
86,0,3R4online,C5,eeg
86,0,3R4online,C2,eeg
86,0,3R4online,C4,eeg
86,0,3R4online,C6,eeg
86,0,3R4online,EOG1,eog
86,0,3R4online,EOG2,eog
86,0,3R4online,EOG3,eog
86,0,3R4online,EMGg,emg
86,0,3R4online,EMGd,emg
86,0,3R4online,F4,eeg
86,0,3R4online,FC2,eeg
86,0,3R4online,FC4,eeg
86,0,3R4online,FC6,eeg
86,0,3R4online,CP2,eeg
86,0,3R4online,CP4,eeg
86,0,3R4online,CP6,eeg
86,0,3R4online,P4,eeg
86,0,3R4online,F3,eeg
86,0,3R4online,FC1,eeg
86,0,3R4online,FC3,eeg
86,0,3R4online,FC5,eeg
86,0,3R4online,CP1,eeg
86,0,3R4online,CP3,eeg
86,0,3R4online,CP5,eeg
86,0,3R4online,P3,eeg
86,0,4R5online,Fz,eeg
86,0,4R5online,FCz,eeg
86,0,4R5online,Cz,eeg
86,0,4R5online,CPz,eeg
86,0,4R5online,Pz,eeg
86,0,4R5online,C1,eeg
86,0,4R5online,C3,eeg
86,0,4R5online,C5,eeg
86,0,4R5online,C2,eeg
86,0,4R5online,C4,eeg
86,0,4R5online,C6,eeg
86,0,4R5online,EOG1,eog
86,0,4R5online,EOG2,eog
86,0,4R5online,EOG3,eog
86,0,4R5online,EMGg,emg
86,0,4R5online,EMGd,emg
86,0,4R5online,F4,eeg
86,0,4R5online,FC2,eeg
86,0,4R5online,FC4,eeg
86,0,4R5online,FC6,eeg
86,0,4R5online,CP2,eeg
86,0,4R5online,CP4,eeg
86,0,4R5online,CP6,eeg
86,0,4R5online,P4,eeg
86,0,4R5online,F3,eeg
86,0,4R5online,FC1,eeg
86,0,4R5online,FC3,eeg
86,0,4R5online,FC5,eeg
86,0,4R5online,CP1,eeg
86,0,4R5online,CP3,eeg
86,0,4R5online,CP5,eeg
86,0,4R5online,P3,eeg
86,0,5R6online,Fz,eeg
86,0,5R6online,FCz,eeg
86,0,5R6online,Cz,eeg
86,0,5R6online,CPz,eeg
86,0,5R6online,Pz,eeg
86,0,5R6online,C1,eeg
86,0,5R6online,C3,eeg
86,0,5R6online,C5,eeg
86,0,5R6online,C2,eeg
86,0,5R6online,C4,eeg
86,0,5R6online,C6,eeg
86,0,5R6online,EOG1,eog
86,0,5R6online,EOG2,eog
86,0,5R6online,EOG3,eog
86,0,5R6online,EMGg,emg
86,0,5R6online,EMGd,emg
86,0,5R6online,F4,eeg
86,0,5R6online,FC2,eeg
86,0,5R6online,FC4,eeg
86,0,5R6online,FC6,eeg
86,0,5R6online,CP2,eeg
86,0,5R6online,CP4,eeg
86,0,5R6online,CP6,eeg
86,0,5R6online,P4,eeg
86,0,5R6online,F3,eeg
86,0,5R6online,FC1,eeg
86,0,5R6online,FC3,eeg
86,0,5R6online,FC5,eeg
86,0,5R6online,CP1,eeg
86,0,5R6online,CP3,eeg
86,0,5R6online,CP5,eeg
86,0,5R6online,P3,eeg
87,0,0R1acquisition,Fz,eeg
87,0,0R1acquisition,FCz,eeg
87,0,0R1acquisition,Cz,eeg
87,0,0R1acquisition,CPz,eeg
87,0,0R1acquisition,Pz,eeg
87,0,0R1acquisition,C1,eeg
87,0,0R1acquisition,C3,eeg
87,0,0R1acquisition,C5,eeg
87,0,0R1acquisition,C2,eeg
87,0,0R1acquisition,C4,eeg
87,0,0R1acquisition,C6,eeg
87,0,0R1acquisition,EOG1,eog
87,0,0R1acquisition,EOG2,eog
87,0,0R1acquisition,EOG3,eog
87,0,0R1acquisition,EMGg,emg
87,0,0R1acquisition,EMGd,emg
87,0,0R1acquisition,F4,eeg
87,0,0R1acquisition,FC2,eeg
87,0,0R1acquisition,FC4,eeg
87,0,0R1acquisition,FC6,eeg
87,0,0R1acquisition,CP2,eeg
87,0,0R1acquisition,CP4,eeg
87,0,0R1acquisition,CP6,eeg
87,0,0R1acquisition,P4,eeg
87,0,0R1acquisition,F3,eeg
87,0,0R1acquisition,FC1,eeg
87,0,0R1acquisition,FC3,eeg
87,0,0R1acquisition,FC5,eeg
87,0,0R1acquisition,CP1,eeg
87,0,0R1acquisition,CP3,eeg
87,0,0R1acquisition,CP5,eeg
87,0,0R1acquisition,P3,eeg
87,0,1R2acquisition,Fz,eeg
87,0,1R2acquisition,FCz,eeg
87,0,1R2acquisition,Cz,eeg
87,0,1R2acquisition,CPz,eeg
87,0,1R2acquisition,Pz,eeg
87,0,1R2acquisition,C1,eeg
87,0,1R2acquisition,C3,eeg
87,0,1R2acquisition,C5,eeg
87,0,1R2acquisition,C2,eeg
87,0,1R2acquisition,C4,eeg
87,0,1R2acquisition,C6,eeg
87,0,1R2acquisition,EOG1,eog
87,0,1R2acquisition,EOG2,eog
87,0,1R2acquisition,EOG3,eog
87,0,1R2acquisition,EMGg,emg
87,0,1R2acquisition,EMGd,emg
87,0,1R2acquisition,F4,eeg
87,0,1R2acquisition,FC2,eeg
87,0,1R2acquisition,FC4,eeg
87,0,1R2acquisition,FC6,eeg
87,0,1R2acquisition,CP2,eeg
87,0,1R2acquisition,CP4,eeg
87,0,1R2acquisition,CP6,eeg
87,0,1R2acquisition,P4,eeg
87,0,1R2acquisition,F3,eeg
87,0,1R2acquisition,FC1,eeg
87,0,1R2acquisition,FC3,eeg
87,0,1R2acquisition,FC5,eeg
87,0,1R2acquisition,CP1,eeg
87,0,1R2acquisition,CP3,eeg
87,0,1R2acquisition,CP5,eeg
87,0,1R2acquisition,P3,eeg
87,0,2R3online,Fz,eeg
87,0,2R3online,FCz,eeg
87,0,2R3online,Cz,eeg
87,0,2R3online,CPz,eeg
87,0,2R3online,Pz,eeg
87,0,2R3online,C1,eeg
87,0,2R3online,C3,eeg
87,0,2R3online,C5,eeg
87,0,2R3online,C2,eeg
87,0,2R3online,C4,eeg
87,0,2R3online,C6,eeg
87,0,2R3online,EOG1,eog
87,0,2R3online,EOG2,eog
87,0,2R3online,EOG3,eog
87,0,2R3online,EMGg,emg
87,0,2R3online,EMGd,emg
87,0,2R3online,F4,eeg
87,0,2R3online,FC2,eeg
87,0,2R3online,FC4,eeg
87,0,2R3online,FC6,eeg
87,0,2R3online,CP2,eeg
87,0,2R3online,CP4,eeg
87,0,2R3online,CP6,eeg
87,0,2R3online,P4,eeg
87,0,2R3online,F3,eeg
87,0,2R3online,FC1,eeg
87,0,2R3online,FC3,eeg
87,0,2R3online,FC5,eeg
87,0,2R3online,CP1,eeg
87,0,2R3online,CP3,eeg
87,0,2R3online,CP5,eeg
87,0,2R3online,P3,eeg
87,0,3R4online,Fz,eeg
87,0,3R4online,FCz,eeg
87,0,3R4online,Cz,eeg
87,0,3R4online,CPz,eeg
87,0,3R4online,Pz,eeg
87,0,3R4online,C1,eeg
87,0,3R4online,C3,eeg
87,0,3R4online,C5,eeg
87,0,3R4online,C2,eeg
87,0,3R4online,C4,eeg
87,0,3R4online,C6,eeg
87,0,3R4online,EOG1,eog
87,0,3R4online,EOG2,eog
87,0,3R4online,EOG3,eog
87,0,3R4online,EMGg,emg
87,0,3R4online,EMGd,emg
87,0,3R4online,F4,eeg
87,0,3R4online,FC2,eeg
87,0,3R4online,FC4,eeg
87,0,3R4online,FC6,eeg
87,0,3R4online,CP2,eeg
87,0,3R4online,CP4,eeg
87,0,3R4online,CP6,eeg
87,0,3R4online,P4,eeg
87,0,3R4online,F3,eeg
87,0,3R4online,FC1,eeg
87,0,3R4online,FC3,eeg
87,0,3R4online,FC5,eeg
87,0,3R4online,CP1,eeg
87,0,3R4online,CP3,eeg
87,0,3R4online,CP5,eeg
87,0,3R4online,P3,eeg
87,0,4R5online,Fz,eeg
87,0,4R5online,FCz,eeg
87,0,4R5online,Cz,eeg
87,0,4R5online,CPz,eeg
87,0,4R5online,Pz,eeg
87,0,4R5online,C1,eeg
87,0,4R5online,C3,eeg
87,0,4R5online,C5,eeg
87,0,4R5online,C2,eeg
87,0,4R5online,C4,eeg
87,0,4R5online,C6,eeg
87,0,4R5online,EOG1,eog
87,0,4R5online,EOG2,eog
87,0,4R5online,EOG3,eog
87,0,4R5online,EMGg,emg
87,0,4R5online,EMGd,emg
87,0,4R5online,F4,eeg
87,0,4R5online,FC2,eeg
87,0,4R5online,FC4,eeg
87,0,4R5online,FC6,eeg
87,0,4R5online,CP2,eeg
87,0,4R5online,CP4,eeg
87,0,4R5online,CP6,eeg
87,0,4R5online,P4,eeg
87,0,4R5online,F3,eeg
87,0,4R5online,FC1,eeg
87,0,4R5online,FC3,eeg
87,0,4R5online,FC5,eeg
87,0,4R5online,CP1,eeg
87,0,4R5online,CP3,eeg
87,0,4R5online,CP5,eeg
87,0,4R5online,P3,eeg
87,0,5R6online,Fz,eeg
87,0,5R6online,FCz,eeg
87,0,5R6online,Cz,eeg
87,0,5R6online,CPz,eeg
87,0,5R6online,Pz,eeg
87,0,5R6online,C1,eeg
87,0,5R6online,C3,eeg
87,0,5R6online,C5,eeg
87,0,5R6online,C2,eeg
87,0,5R6online,C4,eeg
87,0,5R6online,C6,eeg
87,0,5R6online,EOG1,eog
87,0,5R6online,EOG2,eog
87,0,5R6online,EOG3,eog
87,0,5R6online,EMGg,emg
87,0,5R6online,EMGd,emg
87,0,5R6online,F4,eeg
87,0,5R6online,FC2,eeg
87,0,5R6online,FC4,eeg
87,0,5R6online,FC6,eeg
87,0,5R6online,CP2,eeg
87,0,5R6online,CP4,eeg
87,0,5R6online,CP6,eeg
87,0,5R6online,P4,eeg
87,0,5R6online,F3,eeg
87,0,5R6online,FC1,eeg
87,0,5R6online,FC3,eeg
87,0,5R6online,FC5,eeg
87,0,5R6online,CP1,eeg
87,0,5R6online,CP3,eeg
87,0,5R6online,CP5,eeg
87,0,5R6online,P3,eeg
