subject,session,run,label,channel,n_trials,average_trial_mean_uV,average_trial_std_uV,invalid_samples,flat_trials
1,0,0R1acquisition,left_hand,EMGd,20,14.562143665143685,95.31521468822356,0,0
1,0,0R1acquisition,left_hand,EMGg,20,7702.975910481963,175.30094548410975,0,0
1,0,0R1acquisition,right_hand,EMGd,20,-562.623317483363,144.1076835886298,0,0
1,0,0R1acquisition,right_hand,EMGg,20,7130.920806597815,237.21780842707216,0,0
1,0,1R2acquisition,left_hand,EMGd,20,8216.245116772972,67.30853102921206,0,0
1,0,1R2acquisition,left_hand,EMGg,20,17097.721326501887,113.6674638251111,0,0
1,0,1R2acquisition,right_hand,EMGd,20,7987.907445968123,54.66851999215853,0,0
1,0,1R2acquisition,right_hand,EMGg,20,16916.204367452392,104.7647272997195,0,0
1,0,2R3online,left_hand,EMGd,20,8917.947771992476,58.39264181281384,0,0
1,0,2R3online,left_hand,EMGg,20,13718.70845048895,136.7341885868194,0,0
1,0,2R3online,right_hand,EMGd,20,9000.369772532069,69.71051641078701,0,0
1,0,2R3online,right_hand,EMGg,20,13843.746228614316,141.11020569400358,0,0
1,0,3R4online,left_hand,EMGd,20,13163.99135567752,43.671601458415225,0,0
1,0,3R4online,left_hand,EMGg,20,18047.977645280807,99.58946532904,0,0
1,0,3R4online,right_hand,EMGd,20,13019.094207069746,35.902040946619834,0,0
1,0,3R4online,right_hand,EMGg,20,17920.903901131423,97.68174451627152,0,0
1,0,4R5online,left_hand,EMGd,20,9536.096965025412,65.21888473002323,0,0
1,0,4R5online,left_hand,EMGg,20,15134.437173798462,130.6448165425552,0,0
1,0,4R5online,right_hand,EMGd,20,9486.921040780522,74.74470886167087,0,0
1,0,4R5online,right_hand,EMGg,20,15125.148684365218,149.50358791566944,0,0
1,0,5R6online,left_hand,EMGd,20,10848.79263924895,52.59347971590032,0,0
1,0,5R6online,left_hand,EMGg,20,16271.673005943008,109.95831565564389,0,0
1,0,5R6online,right_hand,EMGd,20,11098.378482716147,45.22281658387809,0,0
1,0,5R6online,right_hand,EMGg,20,16454.86548575662,103.76664858221754,0,0
2,0,0R1acquisition,left_hand,EMGd,20,8710.37605861001,45.685806753860085,0,0
2,0,0R1acquisition,left_hand,EMGg,20,-17999.564040517776,110.96044559563896,0,0
2,0,0R1acquisition,right_hand,EMGd,20,8690.387548073519,44.24721724157532,0,0
2,0,0R1acquisition,right_hand,EMGg,20,-18104.514197418608,103.5146720567846,0,0
2,0,1R2acquisition,left_hand,EMGd,20,2419.00097406886,42.15627119673873,0,0
2,0,1R2acquisition,left_hand,EMGg,20,-16540.21605902515,83.49919461233107,0,0
2,0,1R2acquisition,right_hand,EMGd,20,2530.8781731783515,45.585434879189776,0,0
2,0,1R2acquisition,right_hand,EMGg,20,-16520.346722594353,94.35761703392008,0,0
2,0,2R3online,left_hand,EMGd,20,8539.27263189655,62.0205991419712,0,0
2,0,2R3online,left_hand,EMGg,20,-18491.00193653184,73.93943831596741,0,0
2,0,2R3online,right_hand,EMGd,20,8334.805062617526,51.71786293202789,0,0
2,0,2R3online,right_hand,EMGg,20,-18782.75173099223,73.07545595446894,0,0
2,0,3R4online,left_hand,EMGd,20,4675.242220143742,52.91795445583557,0,0
2,0,3R4online,left_hand,EMGg,20,-18421.146631536503,86.3424904709075,0,0
2,0,3R4online,right_hand,EMGd,20,4882.110605715026,62.14927710446405,0,0
2,0,3R4online,right_hand,EMGg,20,-18232.005713968243,76.2053728433369,0,0
2,0,4R5online,left_hand,EMGd,20,9931.920080059155,56.34868683217129,0,0
2,0,4R5online,left_hand,EMGg,20,-17443.18142225001,77.72751047941205,0,0
2,0,4R5online,right_hand,EMGd,20,9234.333504245084,62.9914905707812,0,0
2,0,4R5online,right_hand,EMGg,20,-18120.95237367333,78.86647116916347,0,0
2,0,5R6online,left_hand,EMGd,20,5525.657350892412,46.15495540371721,0,0
2,0,5R6online,left_hand,EMGg,20,-16163.45954420105,73.73689183310589,0,0
2,0,5R6online,right_hand,EMGd,20,5180.792467073636,61.32851281997684,0,0
2,0,5R6online,right_hand,EMGg,20,-16657.812928031806,94.92017922209617,0,0
3,0,0R1acquisition,left_hand,EMGd,20,15941.742195775554,101.5137440352926,0,0
3,0,0R1acquisition,left_hand,EMGg,20,11068.36805237755,198.8785922484066,0,0
3,0,0R1acquisition,right_hand,EMGd,20,15604.50777027883,94.28702275271613,0,0
3,0,0R1acquisition,right_hand,EMGg,20,11374.862902582414,157.5630209938257,0,0
3,0,1R2acquisition,left_hand,EMGd,20,23210.164675652617,38.29060986539135,0,0
3,0,1R2acquisition,left_hand,EMGg,20,15764.423862065349,98.92408940850264,0,0
3,0,1R2acquisition,right_hand,EMGd,20,23655.20288477384,37.244759985369306,0,0
3,0,1R2acquisition,right_hand,EMGg,20,16152.210749200489,103.22091524582795,0,0
3,0,2R3online,left_hand,EMGd,20,22105.64198958419,47.38052339959905,0,0
3,0,2R3online,left_hand,EMGg,20,16252.708131616144,132.42534857038487,0,0
3,0,2R3online,right_hand,EMGd,20,21972.152024962103,45.17480784848739,0,0
3,0,2R3online,right_hand,EMGg,20,16078.325510974792,125.97763387564012,0,0
3,0,3R4online,left_hand,EMGd,20,22534.2809804063,65.26292223777394,0,0
3,0,3R4online,left_hand,EMGg,20,17409.82936354819,123.78888728559993,0,0
3,0,3R4online,right_hand,EMGd,20,21657.91588825681,69.06080078308462,0,0
3,0,3R4online,right_hand,EMGg,20,17160.16009463692,137.3744668677784,0,0
3,0,4R5online,left_hand,EMGd,20,20737.819942007824,89.03234353314875,0,0
3,0,4R5online,left_hand,EMGg,20,17724.736171131713,141.53825781793088,0,0
3,0,4R5online,right_hand,EMGd,20,21014.204105473,84.09857398964257,0,0
3,0,4R5online,right_hand,EMGg,20,17896.677733355038,125.15310382305884,0,0
3,0,5R6online,left_hand,EMGd,20,22175.76606234979,74.38238091501265,0,0
3,0,5R6online,left_hand,EMGg,20,18205.080471966463,137.2036116269034,0,0
3,0,5R6online,right_hand,EMGd,20,22019.682943493164,69.76424321210143,0,0
3,0,5R6online,right_hand,EMGg,20,18262.457584530697,142.5792907094638,0,0
4,0,0R1acquisition,left_hand,EMGd,20,18263.98283772169,47.56906077248492,0,0
4,0,0R1acquisition,left_hand,EMGg,20,13143.250090517056,136.03597419807238,0,0
4,0,0R1acquisition,right_hand,EMGd,20,18091.50527149355,84.78466757587952,0,0
4,0,0R1acquisition,right_hand,EMGg,20,13116.98886380441,148.89822410140164,0,0
4,0,1R2acquisition,left_hand,EMGd,20,19362.56327966596,43.87842500047062,0,0
4,0,1R2acquisition,left_hand,EMGg,20,14785.62612985691,143.2126205599473,0,0
4,0,1R2acquisition,right_hand,EMGd,20,19404.01567018691,43.29872100457581,0,0
4,0,1R2acquisition,right_hand,EMGg,20,15078.29373413052,141.09712181187288,0,0
4,0,2R3online,left_hand,EMGd,20,19664.66018196889,49.5388386562926,0,0
4,0,2R3online,left_hand,EMGg,20,18706.21449484686,148.20746630807167,0,0
4,0,2R3online,right_hand,EMGd,20,19657.70280612739,61.5234767545622,0,0
4,0,2R3online,right_hand,EMGg,20,18642.00517419331,145.2938794669041,0,0
4,0,3R4online,left_hand,EMGd,20,19793.818828339758,69.8911367366666,0,0
4,0,3R4online,left_hand,EMGg,20,11887.669818968592,142.29303413048592,0,0
4,0,3R4online,right_hand,EMGd,20,19788.3919848852,50.69665567239549,0,0
4,0,3R4online,right_hand,EMGg,20,11733.722327278556,139.19363065966303,0,0
4,0,4R5online,left_hand,EMGd,20,19682.22807760117,672.8456338555517,0,0
4,0,4R5online,left_hand,EMGg,20,11921.497985154214,434.5686520692792,0,0
4,0,4R5online,right_hand,EMGd,20,18998.197995604634,77.02334626015228,0,0
4,0,4R5online,right_hand,EMGg,20,10539.74286024186,190.2962955436948,0,0
4,0,5R6online,left_hand,EMGd,20,19662.65635356909,37.4802985645912,0,0
4,0,5R6online,left_hand,EMGg,20,8949.313326786953,156.48682648275604,0,0
4,0,5R6online,right_hand,EMGd,20,19740.32322609423,45.64366399927884,0,0
4,0,5R6online,right_hand,EMGg,20,9776.486613664758,150.48757023131714,0,0
5,0,0R1acquisition,left_hand,EMGd,20,-922.1276205088284,39.15308992041558,0,0
5,0,0R1acquisition,left_hand,EMGg,20,5957.541089708491,124.95138791318556,0,0
5,0,0R1acquisition,right_hand,EMGd,20,-1220.7338279411435,35.84843016727325,0,0
5,0,0R1acquisition,right_hand,EMGg,20,5304.029367839035,126.61075364967026,0,0
5,0,1R2acquisition,left_hand,EMGd,20,-70.8583327216236,50.83439075801401,0,0
5,0,1R2acquisition,left_hand,EMGg,20,5157.576005955341,127.1594210807052,0,0
5,0,1R2acquisition,right_hand,EMGd,20,-328.19733467800324,52.82835781095048,0,0
5,0,1R2acquisition,right_hand,EMGg,20,4971.569226102612,129.5756875918885,0,0
5,0,2R3online,left_hand,EMGd,20,-1714.7765618099013,24.85190960969806,0,0
5,0,2R3online,left_hand,EMGg,20,2841.980667118403,122.45304756804391,0,0
5,0,2R3online,right_hand,EMGd,20,-1558.9071300799978,24.573401797516983,0,0
5,0,2R3online,right_hand,EMGg,20,2423.288826255645,124.35356243922725,0,0
5,0,3R4online,left_hand,EMGd,20,1479.9701603803278,34.99120954332525,0,0
5,0,3R4online,left_hand,EMGg,20,460.398146408534,122.86934385470012,0,0
5,0,3R4online,right_hand,EMGd,20,1623.1484168253126,36.51184449967483,0,0
5,0,3R4online,right_hand,EMGg,20,331.49844889533654,128.80029956381276,0,0
5,0,4R5online,left_hand,EMGd,20,3021.8206761942392,43.24096559160684,0,0
5,0,4R5online,left_hand,EMGg,20,-2897.9024291945248,119.0362517599598,0,0
5,0,4R5online,right_hand,EMGd,20,2824.533180895133,40.9970825775796,0,0
5,0,4R5online,right_hand,EMGg,20,-2849.2661550461644,118.73427643547544,0,0
5,0,5R6online,left_hand,EMGd,20,2903.9182691108726,38.50154063909981,0,0
5,0,5R6online,left_hand,EMGg,20,-3103.969713628642,124.72223092220482,0,0
5,0,5R6online,right_hand,EMGd,20,2924.9509672026825,40.15130704788728,0,0
5,0,5R6online,right_hand,EMGg,20,-3136.5378326219825,124.16669771353388,0,0
6,0,0R1acquisition,left_hand,EMGd,20,-8359.64865702875,40.29980860942376,0,0
6,0,0R1acquisition,left_hand,EMGg,20,-3503.4672146233243,150.01449820329918,0,0
6,0,0R1acquisition,right_hand,EMGd,20,-7699.931152164599,42.45673027546499,0,0
6,0,0R1acquisition,right_hand,EMGg,20,-2280.0712180357264,150.3097350944433,0,0
6,0,1R2acquisition,left_hand,EMGd,20,-520.2460952431401,42.74513767037543,0,0
6,0,1R2acquisition,left_hand,EMGg,20,2836.5005978957743,145.49242356425242,0,0
6,0,1R2acquisition,right_hand,EMGd,20,-419.236941348415,41.930816148833415,0,0
6,0,1R2acquisition,right_hand,EMGg,20,2959.193575150514,144.96555647630038,0,0
6,0,2R3online,left_hand,EMGd,20,-3033.011039812255,36.54711685189925,0,0
6,0,2R3online,left_hand,EMGg,20,5078.332285107944,158.61368690447597,0,0
6,0,2R3online,right_hand,EMGd,20,-2864.025669459962,35.13775882159655,0,0
6,0,2R3online,right_hand,EMGg,20,5280.205338520652,157.45340114713662,0,0
6,0,3R4online,left_hand,EMGd,20,-3208.5888473557634,38.3393333943142,0,0
6,0,3R4online,left_hand,EMGg,20,5536.459728799063,156.83924830028326,0,0
6,0,3R4online,right_hand,EMGd,20,-3274.227447570108,37.55625763010646,0,0
6,0,3R4online,right_hand,EMGg,20,5686.066922235152,157.83698615357076,0,0
6,0,4R5online,left_hand,EMGd,20,2677.930785969736,34.87037930100133,0,0
6,0,4R5online,left_hand,EMGg,20,6841.518234316691,147.31705048586755,0,0
6,0,4R5online,right_hand,EMGd,20,2752.716851760987,33.640772456240434,0,0
6,0,4R5online,right_hand,EMGg,20,6843.69320086627,148.3947103193304,0,0
6,0,5R6online,left_hand,EMGd,20,5113.552758077468,34.77515865030225,0,0
6,0,5R6online,left_hand,EMGg,20,6719.156136975394,149.36192609764493,0,0
6,0,5R6online,right_hand,EMGd,20,5137.406575839315,31.5814711028424,0,0
6,0,5R6online,right_hand,EMGg,20,6707.195537031817,148.62743341598062,0,0
7,0,0R1acquisition,left_hand,EMGd,20,-12588.452246471586,97.69506443166264,0,0
7,0,0R1acquisition,left_hand,EMGg,20,-2826.8051320342497,164.83162051760684,0,0
7,0,0R1acquisition,right_hand,EMGd,20,-12693.814253050516,108.9510097152988,0,0
7,0,0R1acquisition,right_hand,EMGg,20,-2384.5859535136124,239.45835231710072,0,0
7,0,1R2acquisition,left_hand,EMGd,20,-9047.84937946706,49.26095662502448,0,0
7,0,1R2acquisition,left_hand,EMGg,20,-1468.65877855798,137.63612386809413,0,0
7,0,1R2acquisition,right_hand,EMGd,20,-9163.721133749066,51.83596042187202,0,0
7,0,1R2acquisition,right_hand,EMGg,20,-1736.6344582788015,140.73199601216294,0,0
7,0,2R3online,left_hand,EMGd,20,-7827.324577267083,74.99583796586816,0,0
7,0,2R3online,left_hand,EMGg,20,-5133.853125236399,174.1137416567024,0,0
7,0,2R3online,right_hand,EMGd,20,-8282.302132287366,98.3230402619015,0,0
7,0,2R3online,right_hand,EMGg,20,-5847.442751071783,161.5223210091363,0,0
7,0,3R4online,left_hand,EMGd,20,-6280.063376253343,47.05340253017692,0,0
7,0,3R4online,left_hand,EMGg,20,-1808.763354381599,144.68214164253544,0,0
7,0,3R4online,right_hand,EMGd,20,-6205.67551654584,45.118300448246565,0,0
7,0,3R4online,right_hand,EMGg,20,-2454.363704473334,140.75725706755847,0,0
7,0,4R5online,left_hand,EMGd,20,-8042.811867253874,46.309276032318735,0,0
7,0,4R5online,left_hand,EMGg,20,-750.7422005560443,134.2938621055909,0,0
7,0,4R5online,right_hand,EMGd,20,-8002.404288787164,43.9602025460231,0,0
7,0,4R5online,right_hand,EMGg,20,-790.064725983081,131.12578396365106,0,0
7,0,5R6online,left_hand,EMGd,20,-9399.24510713026,39.50633483763362,0,0
7,0,5R6online,left_hand,EMGg,20,-213.2856891564399,127.26849959452449,0,0
7,0,5R6online,right_hand,EMGd,20,-9487.05577110944,46.56652527765506,0,0
7,0,5R6online,right_hand,EMGg,20,-9.873729098695254,128.24701011622557,0,0
8,0,0R1acquisition,left_hand,EMGd,20,-3954.735141051242,37.14968270759458,0,0
8,0,0R1acquisition,left_hand,EMGg,20,-5314.318691154671,161.39254985997934,0,0
8,0,0R1acquisition,right_hand,EMGd,20,-3975.119668056312,44.43933395687129,0,0
8,0,0R1acquisition,right_hand,EMGg,20,-5384.525617779449,165.714647601778,0,0
8,0,1R2acquisition,left_hand,EMGd,20,-5856.948775402999,51.48476153924357,0,0
8,0,1R2acquisition,left_hand,EMGg,20,-5790.882625376169,166.9718662133091,0,0
8,0,1R2acquisition,right_hand,EMGd,20,-7311.602443155153,48.7110453370692,0,0
8,0,1R2acquisition,right_hand,EMGg,20,-6987.207390198966,162.78198176370523,0,0
8,0,2R3online,left_hand,EMGd,20,-9406.899784075142,43.70256354668732,0,0
8,0,2R3online,left_hand,EMGg,20,-7733.065331696338,173.86145165990362,0,0
8,0,2R3online,right_hand,EMGd,20,-9530.458696145626,38.24204266288414,0,0
8,0,2R3online,right_hand,EMGg,20,-8207.330973278602,169.81183916906866,0,0
8,0,3R4online,left_hand,EMGd,20,-7393.244440641193,47.620974029156045,0,0
8,0,3R4online,left_hand,EMGg,20,-5955.585617335726,164.54054896746214,0,0
8,0,3R4online,right_hand,EMGd,20,-7690.023975541956,67.41599543348619,0,0
8,0,3R4online,right_hand,EMGg,20,-6231.185039473088,174.2276230708416,0,0
8,0,4R5online,left_hand,EMGd,20,-3827.030850655677,33.78912469169806,0,0
8,0,4R5online,left_hand,EMGg,20,-3301.761437270009,163.59113142336642,0,0
8,0,4R5online,right_hand,EMGd,20,-3667.054858559345,30.551723902525577,0,0
8,0,4R5online,right_hand,EMGg,20,-3164.938942553764,165.32047998818192,0,0
8,0,5R6online,left_hand,EMGd,20,-3027.7908247945693,27.35415019525511,0,0
8,0,5R6online,left_hand,EMGg,20,-2835.9101507237538,164.942081094394,0,0
8,0,5R6online,right_hand,EMGd,20,-3252.0608811160228,28.88232115641945,0,0
8,0,5R6online,right_hand,EMGg,20,-3109.3947016087723,163.448503061007,0,0
9,0,0R1acquisition,left_hand,EMGd,20,10407.815206493957,38.198477882041104,0,0
9,0,0R1acquisition,left_hand,EMGg,20,10732.86744007202,78.64005664862505,0,0
9,0,0R1acquisition,right_hand,EMGd,20,10426.475373192876,39.248426697341216,0,0
9,0,0R1acquisition,right_hand,EMGg,20,10727.145761500804,77.54613658375139,0,0
9,0,1R2acquisition,left_hand,EMGd,20,12397.912401859672,34.83237669453883,0,0
9,0,1R2acquisition,left_hand,EMGg,20,10221.520065376297,71.52944661961446,0,0
9,0,1R2acquisition,right_hand,EMGd,20,12414.57065328245,35.57701818601131,0,0
9,0,1R2acquisition,right_hand,EMGg,20,10227.230367361715,73.61550074661473,0,0
9,0,2R3online,left_hand,EMGd,20,9750.917332144309,31.63679876109355,0,0
9,0,2R3online,left_hand,EMGg,20,5823.70883424785,69.08852717608998,0,0
9,0,2R3online,right_hand,EMGd,20,9729.32311740642,34.35532587489039,0,0
9,0,2R3online,right_hand,EMGg,20,5826.115579577951,68.88215448289891,0,0
9,0,3R4online,left_hand,EMGd,20,9277.56059056048,33.82818976211985,0,0
9,0,3R4online,left_hand,EMGg,20,5465.467277740657,75.23348226431715,0,0
9,0,3R4online,right_hand,EMGd,20,9288.470543045927,33.58136661949541,0,0
9,0,3R4online,right_hand,EMGg,20,5472.522604937274,74.13524427539754,0,0
9,0,4R5online,left_hand,EMGd,20,8252.907902914041,33.13839097178202,0,0
9,0,4R5online,left_hand,EMGg,20,4897.055427806727,74.28998553716998,0,0
9,0,4R5online,right_hand,EMGd,20,8320.766084439172,36.65149807793136,0,0
9,0,4R5online,right_hand,EMGg,20,4896.663002244781,74.26339003657084,0,0
9,0,5R6online,left_hand,EMGd,20,7166.785240062112,35.828326283288334,0,0
9,0,5R6online,left_hand,EMGg,20,4482.28545796427,61.384409096481065,0,0
9,0,5R6online,right_hand,EMGd,20,7210.017180544343,37.26775355282387,0,0
9,0,5R6online,right_hand,EMGg,20,4488.894817175367,61.037867670227214,0,0
10,0,0R1acquisition,left_hand,EMGd,20,13396.988918366009,83.25793856368577,0,0
10,0,0R1acquisition,left_hand,EMGg,20,9630.048941789408,72.32653292248963,0,0
10,0,0R1acquisition,right_hand,EMGd,20,13310.109703204707,69.2142548419499,0,0
10,0,0R1acquisition,right_hand,EMGg,20,9628.067170366758,70.6741101106822,0,0
10,0,1R2acquisition,left_hand,EMGd,20,13613.316077404274,28.57584698092641,0,0
10,0,1R2acquisition,left_hand,EMGg,20,9358.983520318816,71.76960575547724,0,0
10,0,1R2acquisition,right_hand,EMGd,20,13578.564401743675,30.66327396927365,0,0
10,0,1R2acquisition,right_hand,EMGg,20,9354.80351898979,71.61001305706638,0,0
10,0,2R3online,left_hand,EMGd,20,9979.542806704849,37.904052814784535,0,0
10,0,2R3online,left_hand,EMGg,20,7660.223241358903,71.77904775212947,0,0
10,0,2R3online,right_hand,EMGd,20,9491.871869744731,41.30258224430936,0,0
10,0,2R3online,right_hand,EMGg,20,7731.298668885126,75.26158527516274,0,0
10,0,3R4online,left_hand,EMGd,20,5365.067195347292,80.60166689074401,0,0
10,0,3R4online,left_hand,EMGg,20,4337.012638424913,113.99724826713282,0,0
10,0,3R4online,right_hand,EMGd,20,7645.604144710616,60.98818418099827,0,0
10,0,3R4online,right_hand,EMGg,20,5917.176139908023,96.5606931175744,0,0
10,0,4R5online,left_hand,EMGd,20,9026.586256801904,36.220010240049234,0,0
10,0,4R5online,left_hand,EMGg,20,6899.524354212175,73.40088934706016,0,0
10,0,4R5online,right_hand,EMGd,20,8892.492339528992,36.52939046528219,0,0
10,0,4R5online,right_hand,EMGg,20,6936.312192327345,72.51282862869809,0,0
10,0,5R6online,left_hand,EMGd,20,8155.9793187964,31.955847270214612,0,0
10,0,5R6online,left_hand,EMGg,20,6360.635708663383,72.8901767291089,0,0
10,0,5R6online,right_hand,EMGd,20,8217.325023208421,58.24990456236888,0,0
10,0,5R6online,right_hand,EMGg,20,6277.381718376352,80.03811827914595,0,0
11,0,0R1acquisition,left_hand,EMGd,20,-1379.0237948198878,73.45968921342947,0,0
11,0,0R1acquisition,left_hand,EMGg,20,330.1751898866552,112.8625392707331,0,0
11,0,0R1acquisition,right_hand,EMGd,20,-1703.2270625530668,74.34731760121335,0,0
11,0,0R1acquisition,right_hand,EMGg,20,-509.49870387943247,122.42931799225546,0,0
11,0,1R2acquisition,left_hand,EMGd,20,-1075.3714473586886,66.92889599481607,0,0
11,0,1R2acquisition,left_hand,EMGg,20,2525.4109174956743,107.47240011226329,0,0
11,0,1R2acquisition,right_hand,EMGd,20,-1107.377538278067,68.7545307075014,0,0
11,0,1R2acquisition,right_hand,EMGg,20,2576.735961065597,107.4856170889165,0,0
11,0,2R3online,left_hand,EMGd,20,-12.461411717104806,69.75844961218012,0,0
11,0,2R3online,left_hand,EMGg,20,4122.254781829613,110.04938229229974,0,0
11,0,2R3online,right_hand,EMGd,20,222.89687252037115,73.88285309289441,0,0
11,0,2R3online,right_hand,EMGg,20,4563.322921834944,112.88283683827174,0,0
11,0,3R4online,left_hand,EMGd,20,190.2276238766418,69.8732185560319,0,0
11,0,3R4online,left_hand,EMGg,20,5969.018587697405,108.52470690006952,0,0
11,0,3R4online,right_hand,EMGd,20,207.53847230242908,71.41180208989996,0,0
11,0,3R4online,right_hand,EMGg,20,5979.016826137248,110.49631521434678,0,0
11,0,4R5online,left_hand,EMGd,20,672.3804095801892,46.96301202904724,0,0
11,0,4R5online,left_hand,EMGg,20,6550.59564328626,100.354115091543,0,0
11,0,4R5online,right_hand,EMGd,20,646.7775600429499,47.84753840719494,0,0
11,0,4R5online,right_hand,EMGg,20,6470.347253013631,98.34919305046964,0,0
11,0,5R6online,left_hand,EMGd,20,577.7933047684021,81.38651084140785,0,0
11,0,5R6online,left_hand,EMGg,20,7938.767872611174,107.45973388785168,0,0
11,0,5R6online,right_hand,EMGd,20,641.4050896507036,83.86406030148478,0,0
11,0,5R6online,right_hand,EMGg,20,7771.011592460032,109.33134792908768,0,0
12,0,0R1acquisition,left_hand,EMGd,20,-11120.923378352603,29.696009530363845,0,0
12,0,0R1acquisition,left_hand,EMGg,20,-14919.13712554689,75.14024788912766,0,0
12,0,0R1acquisition,right_hand,EMGd,20,-11137.704534598715,27.539044544107146,0,0
12,0,0R1acquisition,right_hand,EMGg,20,-14909.091023002611,74.12213477444463,0,0
12,0,1R2acquisition,left_hand,EMGd,20,-10630.828219094654,25.91086378023371,0,0
12,0,1R2acquisition,left_hand,EMGg,20,-14744.15124075608,72.89504043573096,0,0
12,0,1R2acquisition,right_hand,EMGd,20,-10620.546664564254,28.637398741639664,0,0
12,0,1R2acquisition,right_hand,EMGg,20,-14752.469743934917,70.93077745105163,0,0
12,0,2R3online,left_hand,EMGd,20,-10661.679376450742,30.223373993073853,0,0
12,0,2R3online,left_hand,EMGg,20,-15255.977664361091,69.22039213266713,0,0
12,0,2R3online,right_hand,EMGd,20,-10664.175431304022,30.66723446548301,0,0
12,0,2R3online,right_hand,EMGg,20,-15304.487932333745,69.70431574200487,0,0
12,0,3R4online,left_hand,EMGd,20,-12645.336151432148,34.18783913634381,0,0
12,0,3R4online,left_hand,EMGg,20,-16720.341436260886,69.89100979439226,0,0
12,0,3R4online,right_hand,EMGd,20,-12374.337332484452,31.082294224174785,0,0
12,0,3R4online,right_hand,EMGg,20,-16423.905374405895,68.8775479671892,0,0
12,0,4R5online,left_hand,EMGd,20,-11999.491131042509,30.188360208786303,0,0
12,0,4R5online,left_hand,EMGg,20,-16669.750511919457,67.34074974931573,0,0
12,0,4R5online,right_hand,EMGd,20,-12053.468458450512,31.818109225346603,0,0
12,0,4R5online,right_hand,EMGg,20,-17070.236191179923,69.33158498186381,0,0
12,0,5R6online,left_hand,EMGd,20,-12201.252627643164,34.986356663090135,0,0
12,0,5R6online,left_hand,EMGg,20,-16707.338581123182,69.28408633075239,0,0
12,0,5R6online,right_hand,EMGd,20,-12214.51468461398,35.677870006695144,0,0
12,0,5R6online,right_hand,EMGg,20,-16710.22109089063,69.58413526053774,0,0
13,0,0R1acquisition,left_hand,EMGd,20,58404.93574021999,101.80068296047172,0,0
13,0,0R1acquisition,left_hand,EMGg,20,61498.54721051206,220.56853538245795,0,0
13,0,0R1acquisition,right_hand,EMGd,20,57812.78087160273,116.93021762966164,0,0
13,0,0R1acquisition,right_hand,EMGg,20,61462.70415355286,221.05015936465355,0,0
13,0,1R2acquisition,left_hand,EMGd,20,58053.14726319463,68.71268097335086,0,0
13,0,1R2acquisition,left_hand,EMGg,20,59753.1365892878,217.22986574028852,0,0
13,0,1R2acquisition,right_hand,EMGd,20,58319.23228527082,59.6055606306795,0,0
13,0,1R2acquisition,right_hand,EMGg,20,59734.6410494141,220.20552881032367,0,0
13,0,2R3online,left_hand,EMGd,20,59342.56440585946,56.73330504364016,0,0
13,0,2R3online,left_hand,EMGg,20,58204.6422454947,218.23741899182036,0,0
13,0,2R3online,right_hand,EMGd,20,58633.107757408274,61.34270995102727,0,0
13,0,2R3online,right_hand,EMGg,20,58244.55490737185,220.3394827136536,0,0
13,0,3R4online,left_hand,EMGd,20,59545.50198717761,53.65423162260024,0,0
13,0,3R4online,left_hand,EMGg,20,57962.118897765096,219.7842635761728,0,0
13,0,3R4online,right_hand,EMGd,20,59310.77558243724,56.42599110806651,0,0
13,0,3R4online,right_hand,EMGg,20,57933.35714180752,222.5001232986521,0,0
13,0,4R5online,left_hand,EMGd,20,59608.5316629458,63.11685886411895,0,0
13,0,4R5online,left_hand,EMGg,20,57441.69954366352,209.9429922452165,0,0
13,0,4R5online,right_hand,EMGd,20,59721.88042893626,62.15225543839229,0,0
13,0,4R5online,right_hand,EMGg,20,57390.86246551279,215.11205152575127,0,0
13,0,5R6online,left_hand,EMGd,20,1871.3884213325343,203.21461760295136,0,0
13,0,5R6online,left_hand,EMGg,20,-6582.000141012775,272.08239728105565,0,0
13,0,5R6online,right_hand,EMGd,20,-104.37045942726164,245.5759148409414,0,0
13,0,5R6online,right_hand,EMGg,20,-7730.681332555143,307.190078617719,0,0
14,0,0R1acquisition,left_hand,EMGd,20,10522.348120179377,222.30342844095048,0,0
14,0,0R1acquisition,left_hand,EMGg,20,-3058.5607310978376,317.0958092550646,0,0
14,0,0R1acquisition,right_hand,EMGd,20,8142.523341248442,199.37320440168588,0,0
14,0,0R1acquisition,right_hand,EMGg,20,-4993.59084460763,288.2536258157844,0,0
14,0,1R2acquisition,left_hand,EMGd,20,15115.441077062856,82.67765312258366,0,0
14,0,1R2acquisition,left_hand,EMGg,20,1948.5523697620683,232.1612670545,0,0
14,0,1R2acquisition,right_hand,EMGd,20,11347.292805036315,141.0486034381081,0,0
14,0,1R2acquisition,right_hand,EMGg,20,-1830.8865390541569,251.44494055312057,0,0
14,0,2R3online,left_hand,EMGd,20,401.9304993358423,218.2413044216204,0,0
14,0,2R3online,left_hand,EMGg,20,-7529.728702946513,290.4928280013038,0,0
14,0,2R3online,right_hand,EMGd,20,1365.0874625694307,230.5492280222724,0,0
14,0,2R3online,right_hand,EMGg,20,-6782.952770621404,288.7796478974709,0,0
14,0,3R4online,left_hand,EMGd,20,8463.4708083197,89.43111556965275,0,0
14,0,3R4online,left_hand,EMGg,20,-954.3068906987648,229.65326122453703,0,0
14,0,3R4online,right_hand,EMGd,20,8843.295372666631,78.43973187015312,0,0
14,0,3R4online,right_hand,EMGg,20,-792.8238232255233,222.3119599036293,0,0
14,0,4R5online,left_hand,EMGd,20,6835.221064742187,155.92463340912238,0,0
14,0,4R5online,left_hand,EMGg,20,-1515.2957556740216,258.2746354131487,0,0
14,0,4R5online,right_hand,EMGd,20,6687.340518463044,106.69821559126883,0,0
14,0,4R5online,right_hand,EMGg,20,-1632.5873459184372,231.57929517678716,0,0
14,0,5R6online,left_hand,EMGd,20,8904.82528619089,72.85575207788128,0,0
14,0,5R6online,left_hand,EMGg,20,562.9272441520753,221.44535394678024,0,0
14,0,5R6online,right_hand,EMGd,20,10039.403386964286,65.59897868249644,0,0
14,0,5R6online,right_hand,EMGg,20,1791.0408883443192,205.08860592101317,0,0
15,0,0R1acquisition,left_hand,EMGd,20,-4237.660303980532,56.25492748763141,0,0
15,0,0R1acquisition,left_hand,EMGg,20,-6927.626340143329,186.25740809857783,0,0
15,0,0R1acquisition,right_hand,EMGd,20,-4958.670348135734,60.23853446741519,0,0
15,0,0R1acquisition,right_hand,EMGg,20,-7148.9581983248045,185.3772487403909,0,0
15,0,1R2acquisition,left_hand,EMGd,20,-829.4575669247533,46.91665133419109,0,0
15,0,1R2acquisition,left_hand,EMGg,20,-5157.165387362006,186.6938352615588,0,0
15,0,1R2acquisition,right_hand,EMGd,20,-769.043096026918,52.67276351218574,0,0
15,0,1R2acquisition,right_hand,EMGg,20,-5111.66666888208,183.4769023073226,0,0
15,0,2R3online,left_hand,EMGd,20,41.86436623143808,45.78959990661595,0,0
15,0,2R3online,left_hand,EMGg,20,-4622.06046903131,183.6062306169558,0,0
15,0,2R3online,right_hand,EMGd,20,30.291056277888792,41.31380239680088,0,0
15,0,2R3online,right_hand,EMGg,20,-4549.611100116117,181.9113629714894,0,0
15,0,3R4online,left_hand,EMGd,20,-1923.4037617109263,64.62403210490326,0,0
15,0,3R4online,left_hand,EMGg,20,-4514.251793193123,191.7690381133487,0,0
15,0,3R4online,right_hand,EMGd,20,-1088.8330494526158,53.41093510216602,0,0
15,0,3R4online,right_hand,EMGg,20,-4055.829059303839,188.95165441220325,0,0
15,0,4R5online,left_hand,EMGd,20,-8580.420759710012,131.81072391981672,0,0
15,0,4R5online,left_hand,EMGg,20,-8660.58585980415,226.57015861187307,0,0
15,0,4R5online,right_hand,EMGd,20,-6657.93181726488,116.7824827597996,0,0
15,0,4R5online,right_hand,EMGg,20,-6910.949199317518,222.66764227657444,0,0
15,0,5R6online,left_hand,EMGd,20,-3079.737186733312,79.9366411038496,0,0
15,0,5R6online,left_hand,EMGg,20,-4318.581504793344,201.3868186901344,0,0
15,0,5R6online,right_hand,EMGd,20,-3483.1791850601285,90.28980871161882,0,0
15,0,5R6online,right_hand,EMGg,20,-4692.46733249928,199.95409653227367,0,0
16,0,0R1acquisition,left_hand,EMGd,20,-2395.468901385881,66.80456498791109,0,0
16,0,0R1acquisition,left_hand,EMGg,20,-4759.481368631175,125.66854567414732,0,0
16,0,0R1acquisition,right_hand,EMGd,20,-2577.029776158292,54.01917494995735,0,0
16,0,0R1acquisition,right_hand,EMGg,20,-4795.673573979306,127.0727014047981,0,0
16,0,1R2acquisition,left_hand,EMGd,20,30.68523699866767,49.5718292460996,0,0
16,0,1R2acquisition,left_hand,EMGg,20,-2766.5491913954497,124.41254335598478,0,0
16,0,1R2acquisition,right_hand,EMGd,20,17.151599660678052,56.41058555557489,0,0
16,0,1R2acquisition,right_hand,EMGg,20,-2845.475985275058,124.03122156917414,0,0
16,0,2R3online,left_hand,EMGd,20,2890.262555428189,78.09255007621273,0,0
16,0,2R3online,left_hand,EMGg,20,-106.21661915101812,155.44471377343004,0,0
16,0,2R3online,right_hand,EMGd,20,2769.07455614057,65.61024004096203,0,0
16,0,2R3online,right_hand,EMGg,20,-395.5253838968584,142.46731310556655,0,0
16,0,3R4online,left_hand,EMGd,20,3549.892597691508,47.042963311888,0,0
16,0,3R4online,left_hand,EMGg,20,1206.6637637187534,129.80026885866943,0,0
16,0,3R4online,right_hand,EMGd,20,3659.299963829324,43.07214860269445,0,0
16,0,3R4online,right_hand,EMGg,20,1316.467932500443,130.34481242997816,0,0
16,0,4R5online,left_hand,EMGd,20,4180.25362016402,74.42501809179612,0,0
16,0,4R5online,left_hand,EMGg,20,1664.0896086798325,135.70126238888255,0,0
16,0,4R5online,right_hand,EMGd,20,4197.448642518589,89.88669997456024,0,0
16,0,4R5online,right_hand,EMGg,20,1238.8595618416216,144.1271836606413,0,0
16,0,5R6online,left_hand,EMGd,20,3691.3314450212624,71.00190587012335,0,0
16,0,5R6online,left_hand,EMGg,20,1787.7560545003655,143.4123409348537,0,0
16,0,5R6online,right_hand,EMGd,20,4093.1616341176423,42.496609240365046,0,0
16,0,5R6online,right_hand,EMGg,20,2196.765555660516,136.3728972479108,0,0
17,0,0R1acquisition,left_hand,EMGd,20,13704.054181416384,61.38214796974237,0,0
17,0,0R1acquisition,left_hand,EMGg,20,5245.366814047498,101.11740334320268,0,0
17,0,0R1acquisition,right_hand,EMGd,20,12130.722390918498,78.92863405044476,0,0
17,0,0R1acquisition,right_hand,EMGg,20,3837.452935090822,114.48506000564905,0,0
17,0,1R2acquisition,left_hand,EMGd,20,15320.835684864553,52.071114629366114,0,0
17,0,1R2acquisition,left_hand,EMGg,20,7983.347073258393,102.70185818091072,0,0
17,0,1R2acquisition,right_hand,EMGd,20,15278.59339653113,50.75535684011881,0,0
17,0,1R2acquisition,right_hand,EMGg,20,7872.2085522681855,101.14786964339088,0,0
17,0,2R3online,left_hand,EMGd,20,14542.722811107666,66.24974963191218,0,0
17,0,2R3online,left_hand,EMGg,20,7446.48354343486,105.2937189974501,0,0
17,0,2R3online,right_hand,EMGd,20,14184.64972891787,70.89761207551979,0,0
17,0,2R3online,right_hand,EMGg,20,7027.29717681659,102.96606203471288,0,0
17,0,3R4online,left_hand,EMGd,20,13863.125349358068,66.83207499298132,0,0
17,0,3R4online,left_hand,EMGg,20,6243.088365589355,95.69429581057928,0,0
17,0,3R4online,right_hand,EMGd,20,13763.8172407401,70.31051453365333,0,0
17,0,3R4online,right_hand,EMGg,20,6099.191274186896,100.95536626107558,0,0
17,0,4R5online,left_hand,EMGd,20,11694.41916674285,71.55648458131212,0,0
17,0,4R5online,left_hand,EMGg,20,6189.335993410232,108.69795411612044,0,0
17,0,4R5online,right_hand,EMGd,20,11666.773455094064,71.61925372640457,0,0
17,0,4R5online,right_hand,EMGg,20,6142.7399961145775,113.2044613534956,0,0
17,0,5R6online,left_hand,EMGd,20,10166.79857759833,77.40274345161336,0,0
17,0,5R6online,left_hand,EMGg,20,5525.858931780982,112.45515881455906,0,0
17,0,5R6online,right_hand,EMGd,20,10122.326994497234,77.79428784182645,0,0
17,0,5R6online,right_hand,EMGg,20,5464.513581536083,113.51144549706864,0,0
18,0,0R1acquisition,left_hand,EMGd,20,-11008.536885323529,84.55412585188516,0,0
18,0,0R1acquisition,left_hand,EMGg,20,-16570.12920356046,186.33431156323667,0,0
18,0,0R1acquisition,right_hand,EMGd,20,-10762.949743447483,72.3190328976928,0,0
18,0,0R1acquisition,right_hand,EMGg,20,-16312.902501965224,165.77588638226192,0,0
18,0,1R2acquisition,left_hand,EMGd,20,-10649.83351956682,56.112621802849205,0,0
18,0,1R2acquisition,left_hand,EMGg,20,-14617.072578320998,783.7329584105934,0,0
18,0,1R2acquisition,right_hand,EMGd,20,-10572.679565074508,64.08214049198655,0,0
18,0,1R2acquisition,right_hand,EMGg,20,-14392.799523250887,667.8313618998898,0,0
18,0,2R3online,left_hand,EMGd,20,-6680.8846608689055,45.81789967025387,0,0
18,0,2R3online,left_hand,EMGg,20,-9506.180657960706,162.28724730214802,0,0
18,0,2R3online,right_hand,EMGd,20,-6605.515797567628,42.17496074689709,0,0
18,0,2R3online,right_hand,EMGg,20,-9335.900869369692,162.90481572506968,0,0
18,0,3R4online,left_hand,EMGd,20,-6660.440656003247,59.913833996398864,0,0
18,0,3R4online,left_hand,EMGg,20,-11921.336844001617,551.9234215310278,0,0
18,0,3R4online,right_hand,EMGd,20,-6955.519498558005,60.49278405305567,0,0
18,0,3R4online,right_hand,EMGg,20,-10136.820687532914,1031.7695803406573,0,0
18,0,4R5online,left_hand,EMGd,20,-6729.113756016978,70.75051221390098,0,0
18,0,4R5online,left_hand,EMGg,20,-8770.801461316258,2832.566191356292,0,0
18,0,4R5online,right_hand,EMGd,20,-6470.872120161816,51.62936327619271,0,0
18,0,4R5online,right_hand,EMGg,20,-9422.023348204562,2947.489089033832,0,0
18,0,5R6online,left_hand,EMGd,20,-7435.384775036096,64.59905838203969,0,0
18,0,5R6online,left_hand,EMGg,20,-4114.045280711133,153.8454471014051,0,0
18,0,5R6online,right_hand,EMGd,20,-7510.426753909206,67.55501027851408,0,0
18,0,5R6online,right_hand,EMGg,20,-3934.6610976524335,149.8972129446024,0,0
19,0,0R1acquisition,left_hand,EMGd,20,-1803.1716312453505,38.7982693543049,0,0
19,0,0R1acquisition,left_hand,EMGg,20,-322.43155370430304,124.21665766594944,0,0
19,0,0R1acquisition,right_hand,EMGd,20,-1831.968462280469,38.51923681704697,0,0
19,0,0R1acquisition,right_hand,EMGg,20,-337.4277409057581,123.7074627159276,0,0
19,0,1R2acquisition,left_hand,EMGd,20,-578.5977773317334,38.59087887073781,0,0
19,0,1R2acquisition,left_hand,EMGg,20,-36.51848755641176,125.51802634986812,0,0
19,0,1R2acquisition,right_hand,EMGd,20,-327.06249152341263,39.07660296695349,0,0
19,0,1R2acquisition,right_hand,EMGg,20,-68.47185053661931,127.74791882950808,0,0
19,0,2R3online,left_hand,EMGd,20,2803.8611369416967,42.62422353495988,0,0
19,0,2R3online,left_hand,EMGg,20,1219.291274523633,129.15271807676112,0,0
19,0,2R3online,right_hand,EMGd,20,2837.984041331212,44.16360907739875,0,0
19,0,2R3online,right_hand,EMGg,20,1203.1989515684477,128.79976052456863,0,0
19,0,3R4online,left_hand,EMGd,20,-773.159969157181,51.03260042740541,0,0
19,0,3R4online,left_hand,EMGg,20,579.379019546078,127.20354138823764,0,0
19,0,3R4online,right_hand,EMGd,20,-980.350689003599,52.93457045391976,0,0
19,0,3R4online,right_hand,EMGg,20,602.8755479534242,127.41851477439177,0,0
19,0,4R5online,left_hand,EMGd,20,700.9998024720488,45.42084136431466,0,0
19,0,4R5online,left_hand,EMGg,20,-717.597526814535,124.29994331098464,0,0
19,0,4R5online,right_hand,EMGd,20,794.9767969956026,70.39931199854632,0,0
19,0,4R5online,right_hand,EMGg,20,-701.126166366232,125.04764268703832,0,0
19,0,5R6online,left_hand,EMGd,20,157.43414032304713,42.15273333655798,0,0
19,0,5R6online,left_hand,EMGg,20,-2264.6940464535305,127.38760033971036,0,0
19,0,5R6online,right_hand,EMGd,20,-66.4588976160737,40.812087385557184,0,0
19,0,5R6online,right_hand,EMGg,20,-2387.015428954332,129.84996708441173,0,0
20,0,0R1acquisition,left_hand,EMGd,20,-13109.333606502396,36.700940840832885,0,0
20,0,0R1acquisition,left_hand,EMGg,20,-5273.965897398183,142.41972590683275,0,0
20,0,0R1acquisition,right_hand,EMGd,20,-13140.913291386672,34.60092906823518,0,0
20,0,0R1acquisition,right_hand,EMGg,20,-5239.230238852206,140.70150914550658,0,0
20,0,1R2acquisition,left_hand,EMGd,20,-13233.58747124236,32.77263917994508,0,0
20,0,1R2acquisition,left_hand,EMGg,20,-4414.778583520108,143.64531924092205,0,0
20,0,1R2acquisition,right_hand,EMGd,20,-13253.18439273755,40.75640696009002,0,0
20,0,1R2acquisition,right_hand,EMGg,20,-4404.071839089604,144.51584080146787,0,0
20,0,2R3online,left_hand,EMGd,20,-12038.056378182171,40.71092953427899,0,0
20,0,2R3online,left_hand,EMGg,20,-3368.3586010498084,151.22437838288664,0,0
20,0,2R3online,right_hand,EMGd,20,-11695.644849229411,46.88703117911872,0,0
20,0,2R3online,right_hand,EMGg,20,-2990.0154426556232,152.84199904567055,0,0
20,0,3R4online,left_hand,EMGd,20,-10149.31459934894,47.42901075148277,0,0
20,0,3R4online,left_hand,EMGg,20,2187.519711763087,154.55051634000912,0,0
20,0,3R4online,right_hand,EMGd,20,-10401.774605969224,60.40517255379308,0,0
20,0,3R4online,right_hand,EMGg,20,1881.6501465904144,152.90643914766304,0,0
20,0,4R5online,left_hand,EMGd,20,-5624.421950473998,61.30593712540429,0,0
20,0,4R5online,left_hand,EMGg,20,2999.238094248161,160.32383635499576,0,0
20,0,4R5online,right_hand,EMGd,20,-5727.037300548971,54.66186068489729,0,0
20,0,4R5online,right_hand,EMGg,20,2954.871256171891,160.20893044577133,0,0
20,0,5R6online,left_hand,EMGd,20,-6809.089750022938,68.88547308388341,0,0
20,0,5R6online,left_hand,EMGg,20,2741.5301348094704,163.69641731054426,0,0
20,0,5R6online,right_hand,EMGd,20,-6757.575705470025,67.37633042169642,0,0
20,0,5R6online,right_hand,EMGg,20,2726.681120463184,167.51915180409415,0,0
21,0,0R1acquisition,left_hand,EMGd,20,4019.851425104816,41.00850173564301,0,0
21,0,0R1acquisition,left_hand,EMGg,20,1590.8495548856754,98.9316466627044,0,0
21,0,0R1acquisition,right_hand,EMGd,20,4030.4334802478857,39.444984712325606,0,0
21,0,0R1acquisition,right_hand,EMGg,20,1645.0966961160475,98.37811518574937,0,0
21,0,1R2acquisition,left_hand,EMGd,20,2302.748799249457,49.11641867020693,0,0
21,0,1R2acquisition,left_hand,EMGg,20,1308.9662063993303,97.42751458719512,0,0
21,0,1R2acquisition,right_hand,EMGd,20,2565.3278946736805,50.44504401539019,0,0
21,0,1R2acquisition,right_hand,EMGg,20,1581.1659797497482,99.38370901761064,0,0
21,0,2R3online,left_hand,EMGd,20,4778.557143994329,63.78970111702726,0,0
21,0,2R3online,left_hand,EMGg,20,4375.698992970943,133.26711952893493,0,0
21,0,2R3online,right_hand,EMGd,20,3611.50511291181,59.0012845451616,0,0
21,0,2R3online,right_hand,EMGg,20,3371.526408287506,98.0982905627884,0,0
21,0,3R4online,left_hand,EMGd,20,11614.298663202117,56.49689301572729,0,0
21,0,3R4online,left_hand,EMGg,20,10034.94871596502,95.28197113946314,0,0
21,0,3R4online,right_hand,EMGd,20,10966.706964407836,70.16476591383318,0,0
21,0,3R4online,right_hand,EMGg,20,9469.871023154285,94.49625073145876,0,0
21,0,4R5online,left_hand,EMGd,20,15273.064699624843,91.12545246951558,0,0
21,0,4R5online,left_hand,EMGg,20,14217.344505060464,115.40702764386296,0,0
21,0,4R5online,right_hand,EMGd,20,14338.74206462014,88.396163923224,0,0
21,0,4R5online,right_hand,EMGg,20,13531.72026995487,119.63683674708167,0,0
21,0,5R6online,left_hand,EMGd,20,19969.67252804523,62.493515658814566,0,0
21,0,5R6online,left_hand,EMGg,20,18218.792595876508,103.2872289533619,0,0
21,0,5R6online,right_hand,EMGd,20,19774.33906031393,62.130018856522746,0,0
21,0,5R6online,right_hand,EMGg,20,18182.83775221243,97.5284063659054,0,0
22,0,0R1acquisition,left_hand,EMGd,20,33462.892131159395,39.365172211734304,0,0
22,0,0R1acquisition,left_hand,EMGg,20,30785.64161846341,168.49524194438516,0,0
22,0,0R1acquisition,right_hand,EMGd,20,33652.95137488925,40.03007307514271,0,0
22,0,0R1acquisition,right_hand,EMGg,20,30814.55858097165,168.78022734374912,0,0
22,0,1R2acquisition,left_hand,EMGd,20,35861.95213878942,45.95421358089918,0,0
22,0,1R2acquisition,left_hand,EMGg,20,32796.30286025268,168.18104774007233,0,0
22,0,1R2acquisition,right_hand,EMGd,20,35941.34005825684,45.034046861740734,0,0
22,0,1R2acquisition,right_hand,EMGg,20,32936.54529513158,170.14308044233258,0,0
22,0,2R3online,left_hand,EMGd,20,38860.02533218292,49.332483029598585,0,0
22,0,2R3online,left_hand,EMGg,20,34818.85925678795,172.27821258898138,0,0
22,0,2R3online,right_hand,EMGd,20,38850.688816449154,50.0418985017178,0,0
22,0,2R3online,right_hand,EMGg,20,34881.06450668623,174.11143423909468,0,0
22,0,3R4online,left_hand,EMGd,20,40211.4104277678,48.37478293357901,0,0
22,0,3R4online,left_hand,EMGg,20,36689.50802562341,173.9005036018621,0,0
22,0,3R4online,right_hand,EMGd,20,40187.50807319775,52.4348759716187,0,0
22,0,3R4online,right_hand,EMGg,20,36686.10665604486,173.25385206035656,0,0
22,0,4R5online,left_hand,EMGd,20,41681.39388157608,54.60659700345114,0,0
22,0,4R5online,left_hand,EMGg,20,37619.850969640655,177.08528195981876,0,0
22,0,4R5online,right_hand,EMGd,20,41787.9955729749,53.86357844592929,0,0
22,0,4R5online,right_hand,EMGg,20,37643.22534160237,176.34997304390816,0,0
22,0,5R6online,left_hand,EMGd,20,42574.89399399742,54.570030856213,0,0
22,0,5R6online,left_hand,EMGg,20,39041.32868914645,168.2727364076387,0,0
22,0,5R6online,right_hand,EMGd,20,42560.80265569197,59.81944981044673,0,0
22,0,5R6online,right_hand,EMGg,20,39006.52888781285,168.09217872144356,0,0
23,0,0R1acquisition,left_hand,EMGd,20,7446.448625835389,103.74480547405896,0,0
23,0,0R1acquisition,left_hand,EMGg,20,9887.930435264274,235.75216460913256,0,0
23,0,0R1acquisition,right_hand,EMGd,20,7991.393302638443,122.3989598554667,0,0
23,0,0R1acquisition,right_hand,EMGg,20,11309.45454815832,229.80177369303652,0,0
23,0,1R2acquisition,left_hand,EMGd,20,6447.026553521389,147.174055619679,0,0
23,0,1R2acquisition,left_hand,EMGg,20,10273.988466734574,284.0820414423059,0,0
23,0,1R2acquisition,right_hand,EMGd,20,6990.754762917779,106.43265097213516,0,0
23,0,1R2acquisition,right_hand,EMGg,20,10976.769528330637,223.7970731882667,0,0
23,0,2R3online,left_hand,EMGd,20,7066.827718790351,94.46909384501926,0,0
23,0,2R3online,left_hand,EMGg,20,7961.150087800635,236.58788842623716,0,0
23,0,2R3online,right_hand,EMGd,20,7203.772816294426,96.45865100528628,0,0
23,0,2R3online,right_hand,EMGg,20,8417.229427107117,252.32865760621007,0,0
23,0,3R4online,left_hand,EMGd,20,10034.936121445386,59.40430610213049,0,0
23,0,3R4online,left_hand,EMGg,20,14073.958679010228,132.8828695452342,0,0
23,0,3R4online,right_hand,EMGd,20,8943.127214803022,84.62965635966911,0,0
23,0,3R4online,right_hand,EMGg,20,12965.895113089353,205.07313999792825,0,0
23,0,4R5online,left_hand,EMGd,20,9356.60839788143,68.8408442957225,0,0
23,0,4R5online,left_hand,EMGg,20,12858.219338816209,200.6628059011838,0,0
23,0,4R5online,right_hand,EMGd,20,9095.29284367456,58.3905798788978,0,0
23,0,4R5online,right_hand,EMGg,20,12660.471875487276,152.88814416651752,0,0
23,0,5R6online,left_hand,EMGd,20,7303.7752972855105,94.3734484697748,0,0
23,0,5R6online,left_hand,EMGg,20,17240.829526638892,219.7006904054609,0,0
23,0,5R6online,right_hand,EMGd,20,8924.512365522185,82.65370965362436,0,0
23,0,5R6online,right_hand,EMGg,20,20741.552342220937,181.33544765672747,0,0
24,0,0R1acquisition,left_hand,EMGd,20,11755.374301655742,41.03508651355632,0,0
24,0,0R1acquisition,left_hand,EMGg,20,8685.643480108769,109.70223989440647,0,0
24,0,0R1acquisition,right_hand,EMGd,20,11608.466329221808,40.7545528983563,0,0
24,0,0R1acquisition,right_hand,EMGg,20,8607.949295053457,109.49096883165922,0,0
24,0,1R2acquisition,left_hand,EMGd,20,11737.58277591814,43.86272074332432,0,0
24,0,1R2acquisition,left_hand,EMGg,20,8435.034827827982,118.56022529235364,0,0
24,0,1R2acquisition,right_hand,EMGd,20,11739.70122704257,43.22836653593063,0,0
24,0,1R2acquisition,right_hand,EMGg,20,8454.568680554834,119.09933104318992,0,0
24,0,2R3online,left_hand,EMGd,20,10270.620520496606,42.14885429157668,0,0
24,0,2R3online,left_hand,EMGg,20,6860.863293192,116.6172965745232,0,0
24,0,2R3online,right_hand,EMGd,20,10297.054823466224,42.33686984602584,0,0
24,0,2R3online,right_hand,EMGg,20,6859.655147221294,117.34239737221296,0,0
24,0,3R4online,left_hand,EMGd,20,9622.773993718907,42.17592488500554,0,0
24,0,3R4online,left_hand,EMGg,20,5969.003213785019,116.41781791175352,0,0
24,0,3R4online,right_hand,EMGd,20,9530.347869994011,42.39830877016717,0,0
24,0,3R4online,right_hand,EMGg,20,5896.062180919446,117.15575400128482,0,0
24,0,4R5online,left_hand,EMGd,20,9258.231640977368,43.46115274767281,0,0
24,0,4R5online,left_hand,EMGg,20,5690.7299051804775,110.95320205632554,0,0
24,0,4R5online,right_hand,EMGd,20,9418.93957417924,42.07350240744777,0,0
24,0,4R5online,right_hand,EMGg,20,5686.425704820895,110.1952769531955,0,0
24,0,5R6online,left_hand,EMGd,20,9527.53964279037,41.95307132819852,0,0
24,0,5R6online,left_hand,EMGg,20,5395.734835058733,107.0103974797485,0,0
24,0,5R6online,right_hand,EMGd,20,9476.017896939124,43.103355769766864,0,0
24,0,5R6online,right_hand,EMGg,20,5361.475207275362,107.59208541326726,0,0
25,0,0R1acquisition,left_hand,EMGd,20,56707.77063522773,117.10079472266736,0,0
25,0,0R1acquisition,left_hand,EMGg,20,54026.78788298495,178.92508495351407,0,0
25,0,0R1acquisition,right_hand,EMGd,20,56552.63330813823,116.94423537459303,0,0
25,0,0R1acquisition,right_hand,EMGg,20,53814.74492804328,176.5501780652547,0,0
25,0,1R2acquisition,left_hand,EMGd,20,59997.3409435862,97.72872577687028,0,0
25,0,1R2acquisition,left_hand,EMGg,20,59168.96801558831,158.99350381614232,0,0
25,0,1R2acquisition,right_hand,EMGd,20,60569.61792004085,95.51566235808968,0,0
25,0,1R2acquisition,right_hand,EMGg,20,59765.82874437053,157.79791012114913,0,0
25,0,2R3online,left_hand,EMGd,20,61805.6787438503,84.74187196659395,0,0
25,0,2R3online,left_hand,EMGg,20,60062.22479579017,171.61905396504562,0,0
25,0,2R3online,right_hand,EMGd,20,61591.24479659891,90.16992861080452,0,0
25,0,2R3online,right_hand,EMGg,20,59526.839970147565,173.33693315889025,0,0
25,0,3R4online,left_hand,EMGd,20,62156.45562697056,64.06602553577474,0,0
25,0,3R4online,left_hand,EMGg,20,59747.21285961637,159.078631385885,0,0
25,0,3R4online,right_hand,EMGd,20,61983.90427948043,64.47360292048447,0,0
25,0,3R4online,right_hand,EMGg,20,59643.3570461028,163.51425063020676,0,0
25,0,4R5online,left_hand,EMGd,20,61481.88635834392,67.92092717447177,0,0
25,0,4R5online,left_hand,EMGg,20,58468.89952138563,157.81353925760052,0,0
25,0,4R5online,right_hand,EMGd,20,61510.38613667362,72.33347870852025,0,0
25,0,4R5online,right_hand,EMGg,20,58488.81134307016,158.14694409638045,0,0
25,0,5R6online,left_hand,EMGd,20,61723.97900333797,62.83838882699901,0,0
25,0,5R6online,left_hand,EMGg,20,57705.112191469176,145.15100209618836,0,0
25,0,5R6online,right_hand,EMGd,20,62073.52172189111,62.38997139357458,0,0
25,0,5R6online,right_hand,EMGg,20,57937.49308745573,146.5167289204646,0,0
26,0,0R1acquisition,left_hand,EMGd,20,963.0634186505888,48.019906852424285,0,0
26,0,0R1acquisition,left_hand,EMGg,20,5229.543043412777,219.1020183035999,0,0
26,0,0R1acquisition,right_hand,EMGd,20,812.8098366357844,48.77535141921152,0,0
26,0,0R1acquisition,right_hand,EMGg,20,5183.190097634261,214.82651383311745,0,0
26,0,1R2acquisition,left_hand,EMGd,20,525.6964908732758,39.17421724676937,0,0
26,0,1R2acquisition,left_hand,EMGg,20,4548.305470474645,215.15425568346365,0,0
26,0,1R2acquisition,right_hand,EMGd,20,442.27261548297867,39.43266212820542,0,0
26,0,1R2acquisition,right_hand,EMGg,20,4537.389445248822,216.1050648527745,0,0
26,0,2R3online,left_hand,EMGd,20,-711.3167544914041,42.14460621864648,0,0
26,0,2R3online,left_hand,EMGg,20,2702.0052749610345,216.4675888868952,0,0
26,0,2R3online,right_hand,EMGd,20,-777.7902029023464,43.65935252529569,0,0
26,0,2R3online,right_hand,EMGg,20,2736.493491946296,223.81049976056423,0,0
26,0,3R4online,left_hand,EMGd,20,-959.1456849498444,36.80052780244812,0,0
26,0,3R4online,left_hand,EMGg,20,2132.124588335016,204.79072333226907,0,0
26,0,3R4online,right_hand,EMGd,20,-948.0317016314764,38.18312968866819,0,0
26,0,3R4online,right_hand,EMGg,20,2114.303791748439,205.957233973624,0,0
26,0,4R5online,left_hand,EMGd,20,-1457.1127098488655,35.5337599538471,0,0
26,0,4R5online,left_hand,EMGg,20,1629.9571127235808,209.5826967581423,0,0
26,0,4R5online,right_hand,EMGd,20,-1482.6645793005675,38.26082456526136,0,0
26,0,4R5online,right_hand,EMGg,20,1580.2935266800798,209.5542483298081,0,0
26,0,5R6online,left_hand,EMGd,20,-2027.9944447116493,35.43691025962694,0,0
26,0,5R6online,left_hand,EMGg,20,912.7234789613498,212.48970445893573,0,0
26,0,5R6online,right_hand,EMGd,20,-1988.699076974429,35.50874237824011,0,0
26,0,5R6online,right_hand,EMGg,20,964.7169346197974,212.383621451634,0,0
27,0,0R1acquisition,left_hand,EMGd,20,75318.64617119255,39.199385893001605,0,0
27,0,0R1acquisition,left_hand,EMGg,20,75297.7491174827,154.42452179532432,0,0
27,0,0R1acquisition,right_hand,EMGd,20,75294.77509009016,38.62047897615992,0,0
27,0,0R1acquisition,right_hand,EMGg,20,75281.66588012691,153.8026618634026,0,0
27,0,1R2acquisition,left_hand,EMGd,20,74153.51429912864,35.6775040249432,0,0
27,0,1R2acquisition,left_hand,EMGg,20,74271.61328089255,162.24288412816833,0,0
27,0,1R2acquisition,right_hand,EMGd,20,74165.49454924477,33.50766968260736,0,0
27,0,1R2acquisition,right_hand,EMGg,20,74265.49207601107,160.64327899832114,0,0
27,0,2R3online,left_hand,EMGd,20,73176.7008406562,31.56328563388819,0,0
27,0,2R3online,left_hand,EMGg,20,73537.99568038533,169.20843105368758,0,0
27,0,2R3online,right_hand,EMGd,20,73228.24115487008,30.7584609019918,0,0
27,0,2R3online,right_hand,EMGg,20,73576.29924566732,169.92043845168303,0,0
27,0,3R4online,left_hand,EMGd,20,72045.05597694746,38.789877487426125,0,0
27,0,3R4online,left_hand,EMGg,20,72336.16981218709,167.36058237332486,0,0
27,0,3R4online,right_hand,EMGd,20,71942.72645504134,34.125168900485136,0,0
27,0,3R4online,right_hand,EMGg,20,72268.34319881,166.06139931516967,0,0
27,0,4R5online,left_hand,EMGd,20,70598.1143533783,34.632033348105914,0,0
27,0,4R5online,left_hand,EMGg,20,70991.91044400739,167.262950480489,0,0
27,0,4R5online,right_hand,EMGd,20,70658.80004701986,29.901994735682013,0,0
27,0,4R5online,right_hand,EMGg,20,71064.53489894429,164.44871816859958,0,0
27,0,5R6online,left_hand,EMGd,20,69608.33262471195,29.0099883092678,0,0
27,0,5R6online,left_hand,EMGg,20,70680.7082445524,164.9437074666082,0,0
27,0,5R6online,right_hand,EMGd,20,69586.56437310748,28.32740579835784,0,0
27,0,5R6online,right_hand,EMGg,20,70666.06982830045,166.79059210845634,0,0
28,0,0R1acquisition,left_hand,EMGd,20,29130.91080640401,175.56945058108064,0,0
28,0,0R1acquisition,left_hand,EMGg,20,33342.358053301854,179.91091494168205,0,0
28,0,0R1acquisition,right_hand,EMGd,20,30139.998521395773,293.4355895296661,0,0
28,0,0R1acquisition,right_hand,EMGg,20,33794.873184927645,228.08836179477825,0,0
28,0,1R2acquisition,left_hand,EMGd,20,35200.312508299095,94.00774899287346,0,0
28,0,1R2acquisition,left_hand,EMGg,20,34324.84986192446,106.74721094559531,0,0
28,0,1R2acquisition,right_hand,EMGd,20,34941.99107356966,120.45825819905048,0,0
28,0,1R2acquisition,right_hand,EMGg,20,34137.347826179146,111.79992352128234,0,0
28,0,2R3online,left_hand,EMGd,20,34688.02102741298,127.59981559862165,0,0
28,0,2R3online,left_hand,EMGg,20,33863.99795306197,107.53522122456134,0,0
28,0,2R3online,right_hand,EMGd,20,34482.40620758462,93.27036853405852,0,0
28,0,2R3online,right_hand,EMGg,20,34260.34551913962,110.86846359614772,0,0
28,0,3R4online,left_hand,EMGd,20,32443.211362763792,105.59864208999473,0,0
28,0,3R4online,left_hand,EMGg,20,32699.1430792492,118.93335320425685,0,0
28,0,3R4online,right_hand,EMGd,20,33075.538651193725,101.81250171660884,0,0
28,0,3R4online,right_hand,EMGg,20,32805.42143275861,111.90231920957804,0,0
28,0,4R5online,left_hand,EMGd,20,31666.704700144364,80.30106264047329,0,0
28,0,4R5online,left_hand,EMGg,20,30139.41220101157,111.80250991447068,0,0
28,0,4R5online,right_hand,EMGd,20,32149.405032826187,88.8087214257788,0,0
28,0,4R5online,right_hand,EMGg,20,30708.64846619245,108.65816269552025,0,0
28,0,5R6online,left_hand,EMGd,20,29727.43788084352,71.79615004031966,0,0
28,0,5R6online,left_hand,EMGg,20,29092.899680261755,112.61018494132642,0,0
28,0,5R6online,right_hand,EMGd,20,29508.087136260478,78.22504951100925,0,0
28,0,5R6online,right_hand,EMGg,20,29143.22129887684,110.35754670577543,0,0
29,0,0R1acquisition,left_hand,EMGd,20,-5749.897375428436,54.3966787338367,0,0
29,0,0R1acquisition,left_hand,EMGg,20,-6460.041516648666,170.9151716388787,0,0
29,0,0R1acquisition,right_hand,EMGd,20,-5783.613621598423,40.832270076578055,0,0
29,0,0R1acquisition,right_hand,EMGg,20,-6577.396600123526,163.5677458872701,0,0
29,0,1R2acquisition,left_hand,EMGd,20,-6172.22947768523,94.56169100531022,0,0
29,0,1R2acquisition,left_hand,EMGg,20,-7266.2423049562785,165.65040911013082,0,0
29,0,1R2acquisition,right_hand,EMGd,20,-5623.548249222746,76.17675871771716,0,0
29,0,1R2acquisition,right_hand,EMGg,20,-6491.363651010694,165.5361009885309,0,0
29,0,2R3online,left_hand,EMGd,20,-6046.522336851197,56.42372959478755,0,0
29,0,2R3online,left_hand,EMGg,20,-5979.088953565571,175.3236457090965,0,0
29,0,2R3online,right_hand,EMGd,20,-6109.014779508527,51.66508017869198,0,0
29,0,2R3online,right_hand,EMGg,20,-5935.182812703129,169.4050217923082,0,0
29,0,3R4online,left_hand,EMGd,20,-6819.497723750945,42.58047064171673,0,0
29,0,3R4online,left_hand,EMGg,20,-8198.601147806468,174.69192270661603,0,0
29,0,3R4online,right_hand,EMGd,20,-6723.032639224597,48.21146967718639,0,0
29,0,3R4online,right_hand,EMGg,20,-8279.008123633157,176.64740086163565,0,0
29,0,4R5online,left_hand,EMGd,20,-6803.168502844777,53.97007303419164,0,0
29,0,4R5online,left_hand,EMGg,20,-7807.79483517084,170.23714284777515,0,0
29,0,4R5online,right_hand,EMGd,20,-7158.730655173536,49.433090510054384,0,0
29,0,4R5online,right_hand,EMGg,20,-7987.669449444152,168.56403416806518,0,0
29,0,5R6online,left_hand,EMGd,20,-7856.90688789835,55.12326059794676,0,0
29,0,5R6online,left_hand,EMGg,20,-7959.304027785392,120.75238090439773,0,0
29,0,5R6online,right_hand,EMGd,20,-7269.5704918278225,62.86408512870857,0,0
29,0,5R6online,right_hand,EMGg,20,-7416.35496706849,121.16965461677908,0,0
30,0,0R1acquisition,left_hand,EMGd,20,15954.754381717794,47.07458750599959,0,0
30,0,0R1acquisition,left_hand,EMGg,20,14558.890209486966,176.02502079692056,0,0
30,0,0R1acquisition,right_hand,EMGd,20,15821.061704019614,47.42396575010675,0,0
30,0,0R1acquisition,right_hand,EMGg,20,14449.618423247006,177.55238128803953,0,0
30,0,1R2acquisition,left_hand,EMGd,20,17054.8328457165,42.0628897903147,0,0
30,0,1R2acquisition,left_hand,EMGg,20,16006.985649019867,168.67552853373212,0,0
30,0,1R2acquisition,right_hand,EMGd,20,16947.718809194757,44.10281823642735,0,0
30,0,1R2acquisition,right_hand,EMGg,20,16005.103635658405,170.1006774054288,0,0
30,0,2R3online,left_hand,EMGd,20,20059.93396083836,47.882660483176366,0,0
30,0,2R3online,left_hand,EMGg,20,18155.77568958484,165.54483398731094,0,0
30,0,2R3online,right_hand,EMGd,20,20130.93778578379,48.63413165518375,0,0
30,0,2R3online,right_hand,EMGg,20,18202.03405796286,167.1327777802192,0,0
30,0,3R4online,left_hand,EMGd,20,21078.47542429431,49.1906911767502,0,0
30,0,3R4online,left_hand,EMGg,20,18497.6166590355,180.38077349436148,0,0
30,0,3R4online,right_hand,EMGd,20,21140.645060196417,45.320096733263554,0,0
30,0,3R4online,right_hand,EMGg,20,18588.917084274864,179.05078997986158,0,0
30,0,4R5online,left_hand,EMGd,20,20881.10311641522,136.03512893855515,0,0
30,0,4R5online,left_hand,EMGg,20,17300.46153839928,266.0376119376717,0,0
30,0,4R5online,right_hand,EMGd,20,20638.78612964053,70.41765604837828,0,0
30,0,4R5online,right_hand,EMGg,20,16464.84031509858,192.41293945316,0,0
30,0,5R6online,left_hand,EMGd,20,22800.87860927171,67.55949572634054,0,0
30,0,5R6online,left_hand,EMGg,20,19149.737127401862,179.16287894252594,0,0
30,0,5R6online,right_hand,EMGd,20,21967.17728005558,76.4372552545116,0,0
30,0,5R6online,right_hand,EMGg,20,18259.14039773432,188.96392555056812,0,0
31,0,0R1acquisition,left_hand,EMGd,20,16770.56366566658,76.74879090659013,0,0
31,0,0R1acquisition,left_hand,EMGg,20,17055.702160883746,100.93153218187808,0,0
31,0,0R1acquisition,right_hand,EMGd,20,17011.788724967373,73.88718670208388,0,0
31,0,0R1acquisition,right_hand,EMGg,20,17517.354589238854,100.49832008480315,0,0
31,0,1R2acquisition,left_hand,EMGd,20,17131.51509457869,80.77554663210573,0,0
31,0,1R2acquisition,left_hand,EMGg,20,20498.7536751684,100.51339182885864,0,0
31,0,1R2acquisition,right_hand,EMGd,20,17037.96543037878,80.5742654670369,0,0
31,0,1R2acquisition,right_hand,EMGg,20,20473.449826182725,99.44409812628494,0,0
31,0,2R3online,left_hand,EMGd,20,13757.180964696608,75.50773089762512,0,0
31,0,2R3online,left_hand,EMGg,20,21598.4333115618,103.6211566811437,0,0
31,0,2R3online,right_hand,EMGd,20,13089.249009632384,91.4797690376373,0,0
31,0,2R3online,right_hand,EMGg,20,21026.348778360072,106.70701737258447,0,0
31,0,3R4online,left_hand,EMGd,20,16094.478968459967,65.25640559275827,0,0
31,0,3R4online,left_hand,EMGg,20,23229.63718779359,92.48492648815262,0,0
31,0,3R4online,right_hand,EMGd,20,16124.693822089115,85.52317950325386,0,0
31,0,3R4online,right_hand,EMGg,20,23303.04333157144,96.44351355099464,0,0
31,0,4R5online,left_hand,EMGd,20,17110.909928600413,60.789152756537945,0,0
31,0,4R5online,left_hand,EMGg,20,24374.04174984896,104.20832704054088,0,0
31,0,4R5online,right_hand,EMGd,20,17150.633271453386,61.20902854831549,0,0
31,0,4R5online,right_hand,EMGg,20,24381.19798218298,105.53370524428158,0,0
31,0,5R6online,left_hand,EMGd,20,17810.38541165222,69.52742631820198,0,0
31,0,5R6online,left_hand,EMGg,20,24388.827046712064,102.91106823327904,0,0
31,0,5R6online,right_hand,EMGd,20,17835.24743617146,74.26221620999999,0,0
31,0,5R6online,right_hand,EMGg,20,24356.01887057985,99.81705155095604,0,0
32,0,0R1acquisition,left_hand,EMGd,20,5391.723839697546,42.43507852887528,0,0
32,0,0R1acquisition,left_hand,EMGg,20,-7239.642651420547,97.44281885434302,0,0
32,0,0R1acquisition,right_hand,EMGd,20,5441.1285953746265,42.010979088272784,0,0
32,0,0R1acquisition,right_hand,EMGg,20,-7516.125877952564,98.39260596438206,0,0
32,0,1R2acquisition,left_hand,EMGd,20,6696.989053376115,42.58681444999803,0,0
32,0,1R2acquisition,left_hand,EMGg,20,-5661.383488304201,103.19173412557656,0,0
32,0,1R2acquisition,right_hand,EMGd,20,6710.293741396798,43.42689822142464,0,0
32,0,1R2acquisition,right_hand,EMGg,20,-5730.199247189119,103.96917980594426,0,0
32,0,2R3online,left_hand,EMGd,20,10487.780289300708,43.97628731019061,0,0
32,0,2R3online,left_hand,EMGg,20,-780.6693699638887,103.45077548671516,0,0
32,0,2R3online,right_hand,EMGd,20,10635.520702756534,43.00904864672161,0,0
32,0,2R3online,right_hand,EMGg,20,-618.70018105506,102.82674900880318,0,0
32,0,3R4online,left_hand,EMGd,20,13906.683244558768,43.04916714931975,0,0
32,0,3R4online,left_hand,EMGg,20,2866.6992852787434,104.24673052466504,0,0
32,0,3R4online,right_hand,EMGd,20,13965.245567550326,42.7271156252472,0,0
32,0,3R4online,right_hand,EMGg,20,3078.713630503621,102.32922501796234,0,0
32,0,4R5online,left_hand,EMGd,20,16126.866211420784,44.73832508335378,0,0
32,0,4R5online,left_hand,EMGg,20,3843.7840959673567,107.02863637226169,0,0
32,0,4R5online,right_hand,EMGd,20,16225.268160776928,46.464072341459214,0,0
32,0,4R5online,right_hand,EMGg,20,4018.5443745433504,106.2466061161766,0,0
32,0,5R6online,left_hand,EMGd,20,21780.724866365323,61.46248674746797,0,0
32,0,5R6online,left_hand,EMGg,20,11418.627709171744,116.56099225604557,0,0
32,0,5R6online,right_hand,EMGd,20,21382.269913369662,56.80294248792577,0,0
32,0,5R6online,right_hand,EMGg,20,10911.214502864465,117.74807882621856,0,0
33,0,0R1acquisition,left_hand,EMGd,20,60329.540969444286,58.57771091232856,0,0
33,0,0R1acquisition,left_hand,EMGg,20,56586.40973048638,170.03763514674424,0,0
33,0,0R1acquisition,right_hand,EMGd,20,60197.1699169223,62.09790969818363,0,0
33,0,0R1acquisition,right_hand,EMGg,20,56493.98650144927,169.92061306949557,0,0
33,0,1R2acquisition,left_hand,EMGd,20,58761.036322338405,60.69835152782274,0,0
33,0,1R2acquisition,left_hand,EMGg,20,54940.12725281095,173.9211479911414,0,0
33,0,1R2acquisition,right_hand,EMGd,20,58906.4566022204,66.04760728531514,0,0
33,0,1R2acquisition,right_hand,EMGg,20,54983.57453583105,172.94113370219378,0,0
33,0,2R3online,left_hand,EMGd,20,55304.14559084245,61.00018696146035,0,0
33,0,2R3online,left_hand,EMGg,20,52967.22157804493,183.4935456135094,0,0
33,0,2R3online,right_hand,EMGd,20,55416.07475632402,59.49148050709236,0,0
33,0,2R3online,right_hand,EMGg,20,52964.97173344142,183.61669204694465,0,0
33,0,3R4online,left_hand,EMGd,20,54604.93383559202,70.71164414362951,0,0
33,0,3R4online,left_hand,EMGg,20,50995.44379887586,188.23032945170377,0,0
33,0,3R4online,right_hand,EMGd,20,54482.30842626128,76.84408192212761,0,0
33,0,3R4online,right_hand,EMGg,20,50830.46677663534,189.770546197314,0,0
33,0,4R5online,left_hand,EMGd,20,51301.93635630081,79.06465787323773,0,0
33,0,4R5online,left_hand,EMGg,20,47150.25106812756,213.90416632777743,0,0
33,0,4R5online,right_hand,EMGd,20,51230.20204187349,78.34112504671086,0,0
33,0,4R5online,right_hand,EMGg,20,46994.54567512584,199.9980606006218,0,0
33,0,5R6online,left_hand,EMGd,20,48280.08244253832,69.05079672825414,0,0
33,0,5R6online,left_hand,EMGg,20,46487.42728716617,189.31036446689703,0,0
33,0,5R6online,right_hand,EMGd,20,47670.35756391662,73.52523438127068,0,0
33,0,5R6online,right_hand,EMGg,20,45847.73756138256,188.22618622595445,0,0
34,0,0R1acquisition,left_hand,EMGd,20,18303.72079681624,50.08913582451599,0,0
34,0,0R1acquisition,left_hand,EMGg,20,18732.0276718328,95.00511803776928,0,0
34,0,0R1acquisition,right_hand,EMGd,20,18492.01228616174,47.36287043176023,0,0
34,0,0R1acquisition,right_hand,EMGg,20,18780.46744114193,95.8522753255495,0,0
34,0,1R2acquisition,left_hand,EMGd,20,19626.17270747244,59.02234801459984,0,0
34,0,1R2acquisition,left_hand,EMGg,20,18595.289369505164,97.61110597302375,0,0
34,0,1R2acquisition,right_hand,EMGd,20,19767.35257871987,49.72936595277305,0,0
34,0,1R2acquisition,right_hand,EMGg,20,18700.644025150443,100.677062621001,0,0
34,0,2R3online,left_hand,EMGd,20,20826.79500214778,45.901450141409086,0,0
34,0,2R3online,left_hand,EMGg,20,19318.852659862747,116.97489818014114,0,0
34,0,2R3online,right_hand,EMGd,20,20783.455033059905,49.773389209524,0,0
34,0,2R3online,right_hand,EMGg,20,19281.35707227658,119.68807677693285,0,0
34,0,3R4online,left_hand,EMGd,20,21460.580395680343,41.62153124503037,0,0
34,0,3R4online,left_hand,EMGg,20,19780.51310005441,108.29337567246796,0,0
34,0,3R4online,right_hand,EMGd,20,21390.417875172905,40.73086512782263,0,0
34,0,3R4online,right_hand,EMGg,20,19728.48907807793,107.25587111148488,0,0
34,0,4R5online,left_hand,EMGd,20,21588.936208030394,44.37521103882572,0,0
34,0,4R5online,left_hand,EMGg,20,19602.89231607764,107.83795447370426,0,0
34,0,4R5online,right_hand,EMGd,20,21534.101276978625,42.41380530459907,0,0
34,0,4R5online,right_hand,EMGg,20,19563.406141203468,108.67301193569378,0,0
34,0,5R6online,left_hand,EMGd,20,22109.79649302699,41.53027111499367,0,0
34,0,5R6online,left_hand,EMGg,20,19921.52047315657,108.46521687612815,0,0
34,0,5R6online,right_hand,EMGd,20,22044.10967544678,42.37846436336029,0,0
34,0,5R6online,right_hand,EMGg,20,19924.560750770645,108.6360086492303,0,0
35,0,0R1acquisition,left_hand,EMGd,20,15930.584782882084,43.89487802188677,0,0
35,0,0R1acquisition,left_hand,EMGg,20,12919.382295845951,140.6904824538411,0,0
35,0,0R1acquisition,right_hand,EMGd,20,15744.383124403106,45.75340690970853,0,0
35,0,0R1acquisition,right_hand,EMGg,20,12839.499166215875,144.95077029650275,0,0
35,0,1R2acquisition,left_hand,EMGd,20,16084.406993292994,27.918280189684907,0,0
35,0,1R2acquisition,left_hand,EMGg,20,12291.071128072535,148.68571819463733,0,0
35,0,1R2acquisition,right_hand,EMGd,20,16220.643838146903,26.070411574871184,0,0
35,0,1R2acquisition,right_hand,EMGg,20,12287.66295728832,147.24921003681803,0,0
35,0,2R3online,left_hand,EMGd,20,16731.345822687366,31.912832866381923,0,0
35,0,2R3online,left_hand,EMGg,20,11500.90444027619,148.12273641165214,0,0
35,0,2R3online,right_hand,EMGd,20,16693.679258111428,30.835270388079863,0,0
35,0,2R3online,right_hand,EMGg,20,11462.1137428875,147.9860610031943,0,0
35,0,3R4online,left_hand,EMGd,20,16185.78509186216,30.184999375376,0,0
35,0,3R4online,left_hand,EMGg,20,10754.486222260046,146.57257449685272,0,0
35,0,3R4online,right_hand,EMGd,20,16169.501896644462,29.07873046272037,0,0
35,0,3R4online,right_hand,EMGg,20,10758.392669884608,147.2266772147438,0,0
35,0,4R5online,left_hand,EMGd,20,15651.86246002044,30.2578845799322,0,0
35,0,4R5online,left_hand,EMGg,20,10986.019631093392,143.84998517078316,0,0
35,0,4R5online,right_hand,EMGd,20,15589.939272963398,27.68368827763244,0,0
35,0,4R5online,right_hand,EMGg,20,11002.447535029483,146.6118203894128,0,0
35,0,5R6online,left_hand,EMGd,20,15129.86134033002,29.499494445554262,0,0
35,0,5R6online,left_hand,EMGg,20,10937.440103454022,146.10900207935532,0,0
35,0,5R6online,right_hand,EMGd,20,15140.21890814012,31.797666619916463,0,0
35,0,5R6online,right_hand,EMGg,20,10947.81675816701,146.52934775395332,0,0
36,0,0R1acquisition,left_hand,EMGd,20,-16681.582905306666,72.44607495239177,0,0
36,0,0R1acquisition,left_hand,EMGg,20,-27952.1691287651,140.69547110696263,0,0
36,0,0R1acquisition,right_hand,EMGd,20,-16836.41957319149,66.77205328923554,0,0
36,0,0R1acquisition,right_hand,EMGg,20,-27729.23136880224,138.6085840290643,0,0
36,0,1R2acquisition,left_hand,EMGd,20,-15926.83287836738,56.00145132611833,0,0
36,0,1R2acquisition,left_hand,EMGg,20,-23761.12205277881,110.21577611503564,0,0
36,0,1R2acquisition,right_hand,EMGd,20,-16304.208896255932,57.31033266730238,0,0
36,0,1R2acquisition,right_hand,EMGg,20,-24675.487222471413,114.60521246434264,0,0
36,0,2R3online,left_hand,EMGd,20,-15484.286646306718,55.62085311781694,0,0
36,0,2R3online,left_hand,EMGg,20,-24149.020073545165,113.31194574745405,0,0
36,0,2R3online,right_hand,EMGd,20,-15455.088568675765,59.17089418990614,0,0
36,0,2R3online,right_hand,EMGg,20,-23758.37406931549,115.3926766366078,0,0
36,0,3R4online,left_hand,EMGd,20,-15129.853393932712,55.02767081025509,0,0
36,0,3R4online,left_hand,EMGg,20,-23436.46473263136,111.1261250249024,0,0
36,0,3R4online,right_hand,EMGd,20,-15175.920268494068,61.78579040669465,0,0
36,0,3R4online,right_hand,EMGg,20,-23742.097603516697,120.57363171570314,0,0
36,0,4R5online,left_hand,EMGd,20,-15040.08157165901,55.949733879244526,0,0
36,0,4R5online,left_hand,EMGg,20,-23038.33179488468,114.44291956285444,0,0
36,0,4R5online,right_hand,EMGd,20,-15062.691018201906,58.10975105805503,0,0
36,0,4R5online,right_hand,EMGg,20,-22967.26949273227,115.76994729553208,0,0
36,0,5R6online,left_hand,EMGd,20,-15198.213574940522,58.34294852701,0,0
36,0,5R6online,left_hand,EMGg,20,-23525.13380467072,111.84803640257186,0,0
36,0,5R6online,right_hand,EMGd,20,-15187.8948400665,59.67063150270151,0,0
36,0,5R6online,right_hand,EMGg,20,-23375.095469293192,105.96451387283142,0,0
37,0,0R1acquisition,left_hand,EMGd,20,-2457.285725864588,2818.3596518058143,0,0
37,0,0R1acquisition,left_hand,EMGg,20,16221.201340332907,162.5126852669158,0,0
37,0,0R1acquisition,right_hand,EMGd,20,-4095.3611564603225,3038.478077887884,0,0
37,0,0R1acquisition,right_hand,EMGg,20,16169.458824488096,167.6300141105095,0,0
37,0,1R2acquisition,left_hand,EMGd,20,18348.1476806272,83.99132480661322,0,0
37,0,1R2acquisition,left_hand,EMGg,20,17147.17096936264,167.89466996382717,0,0
37,0,1R2acquisition,right_hand,EMGd,20,18182.723036818992,87.66666129202727,0,0
37,0,1R2acquisition,right_hand,EMGg,20,17182.347230096788,164.83335447577971,0,0
37,0,2R3online,left_hand,EMGd,20,20691.46712630681,99.09114715577006,0,0
37,0,2R3online,left_hand,EMGg,20,18512.396125898747,164.49552455857108,0,0
37,0,2R3online,right_hand,EMGd,20,20696.134105551064,85.17264070471896,0,0
37,0,2R3online,right_hand,EMGg,20,18491.29685756824,163.20235024662475,0,0
37,0,3R4online,left_hand,EMGd,20,20510.95780750851,84.51782140378627,0,0
37,0,3R4online,left_hand,EMGg,20,18777.802262874477,156.32726095477548,0,0
37,0,3R4online,right_hand,EMGd,20,20556.690847697468,77.95554728149482,0,0
37,0,3R4online,right_hand,EMGg,20,18821.517723778623,158.83887320821063,0,0
37,0,4R5online,left_hand,EMGd,20,20563.66388633083,105.92052627768598,0,0
37,0,4R5online,left_hand,EMGg,20,19437.28040768615,164.2076505366741,0,0
37,0,4R5online,right_hand,EMGd,20,20567.824783062773,75.59975318300945,0,0
37,0,4R5online,right_hand,EMGg,20,19469.907408335555,167.0639163617313,0,0
37,0,5R6online,left_hand,EMGd,20,19073.632104052544,88.34396167949822,0,0
37,0,5R6online,left_hand,EMGg,20,18057.48117112457,164.67280891751582,0,0
37,0,5R6online,right_hand,EMGd,20,18924.31255032945,109.10981523060512,0,0
37,0,5R6online,right_hand,EMGg,20,17984.21231684284,166.58724209401288,0,0
38,0,0R1acquisition,left_hand,EMGd,20,24759.27332885634,61.51274442347646,0,0
38,0,0R1acquisition,left_hand,EMGg,20,20534.41293519055,179.81410862618537,0,0
38,0,0R1acquisition,right_hand,EMGd,20,24698.976049315133,65.24057742474432,0,0
38,0,0R1acquisition,right_hand,EMGg,20,20592.090474011977,181.96217493432923,0,0
38,0,1R2acquisition,left_hand,EMGd,20,24915.114579391608,67.56427068143037,0,0
38,0,1R2acquisition,left_hand,EMGg,20,22495.11899395033,181.913485311748,0,0
38,0,1R2acquisition,right_hand,EMGd,20,24863.91779524795,65.8041686832191,0,0
38,0,1R2acquisition,right_hand,EMGg,20,22399.38000331814,177.97106202171116,0,0
38,0,2R3online,left_hand,EMGd,20,23855.838949921286,62.23163646546308,0,0
38,0,2R3online,left_hand,EMGg,20,21954.62804445457,172.9499465978847,0,0
38,0,2R3online,right_hand,EMGd,20,23848.266784258318,62.927061350542864,0,0
38,0,2R3online,right_hand,EMGg,20,21915.993116610996,171.01816495840325,0,0
38,0,3R4online,left_hand,EMGd,20,22549.96157002124,59.61097107626402,0,0
38,0,3R4online,left_hand,EMGg,20,21792.333329696008,167.77419398041587,0,0
38,0,3R4online,right_hand,EMGd,20,22692.971945495425,56.779030296286976,0,0
38,0,3R4online,right_hand,EMGg,20,21975.148561156435,163.86703618304972,0,0
38,0,4R5online,left_hand,EMGd,20,21631.839836922973,61.42982870975767,0,0
38,0,4R5online,left_hand,EMGg,20,21180.31811384968,169.84259608925603,0,0
38,0,4R5online,right_hand,EMGd,20,21650.433975397485,58.50720032966392,0,0
38,0,4R5online,right_hand,EMGg,20,21146.8746977784,168.270970034753,0,0
38,0,5R6online,left_hand,EMGd,20,20512.859315508173,69.13228776979746,0,0
38,0,5R6online,left_hand,EMGg,20,20527.554760673087,166.66853892771366,0,0
38,0,5R6online,right_hand,EMGd,20,20532.80229918229,68.84513951503763,0,0
38,0,5R6online,right_hand,EMGg,20,20517.72202403638,166.90965806260962,0,0
39,0,0R1acquisition,left_hand,EMGd,20,2152.284246672328,97.81713170456835,0,0
39,0,0R1acquisition,left_hand,EMGg,20,-4278.783026982441,224.80180761703664,0,0
39,0,0R1acquisition,right_hand,EMGd,20,2241.65406920698,115.7554450462197,0,0
39,0,0R1acquisition,right_hand,EMGg,20,-4535.009188787537,269.6163829431453,0,0
39,0,1R2acquisition,left_hand,EMGd,20,13289.149217119644,41.00464699209839,0,0
39,0,1R2acquisition,left_hand,EMGg,20,14989.67555265735,163.29652166370423,0,0
39,0,1R2acquisition,right_hand,EMGd,20,13614.445459359118,37.44697399825564,0,0
39,0,1R2acquisition,right_hand,EMGg,20,15906.34389638556,159.77394615308452,0,0
39,0,2R3online,left_hand,EMGd,20,6475.276736761881,61.9714960807745,0,0
39,0,2R3online,left_hand,EMGg,20,6948.145746138463,171.94462637271323,0,0
39,0,2R3online,right_hand,EMGd,20,6690.464416129008,87.24918759598066,0,0
39,0,2R3online,right_hand,EMGg,20,7327.067498403658,190.6006290263084,0,0
39,0,3R4online,left_hand,EMGd,20,17009.584222634647,42.48829247318682,0,0
39,0,3R4online,left_hand,EMGg,20,20560.617867313984,154.91317482933843,0,0
39,0,3R4online,right_hand,EMGd,20,16809.897860109824,66.19638446727603,0,0
39,0,3R4online,right_hand,EMGg,20,20409.098257859943,160.08076264084025,0,0
39,0,4R5online,left_hand,EMGd,20,18965.201513205604,48.97899746490998,0,0
39,0,4R5online,left_hand,EMGg,20,20389.53281587474,164.24138671081417,0,0
39,0,4R5online,right_hand,EMGd,20,18957.998686628467,52.71963796826875,0,0
39,0,4R5online,right_hand,EMGg,20,20354.879225542543,161.71499809392907,0,0
39,0,5R6online,left_hand,EMGd,20,19850.624866441944,48.616694020500674,0,0
39,0,5R6online,left_hand,EMGg,20,21603.90086596652,163.14354025029905,0,0
39,0,5R6online,right_hand,EMGd,20,19744.940175350413,56.21445492145799,0,0
39,0,5R6online,right_hand,EMGg,20,21595.973835651148,166.07679180548388,0,0
40,0,0R1acquisition,left_hand,EMGd,20,4921.082183024284,53.19710303693741,0,0
40,0,0R1acquisition,left_hand,EMGg,20,3150.656060525919,103.51872018987363,0,0
40,0,0R1acquisition,right_hand,EMGd,20,5073.927588425922,45.87104005458188,0,0
40,0,0R1acquisition,right_hand,EMGg,20,3083.121052852326,102.73976981767063,0,0
40,0,1R2acquisition,left_hand,EMGd,20,2976.862783025749,69.7513788969633,0,0
40,0,1R2acquisition,left_hand,EMGg,20,5101.132619570376,132.66176969311582,0,0
40,0,1R2acquisition,right_hand,EMGd,20,2324.926334375192,84.63022560311587,0,0
40,0,1R2acquisition,right_hand,EMGg,20,4578.636775171048,133.33452430882957,0,0
40,0,2R3online,left_hand,EMGd,14,1883.3468820551984,49.85858368534995,0,0
40,0,2R3online,left_hand,EMGg,14,10187.192843423005,103.1674270163764,0,0
40,0,2R3online,right_hand,EMGd,18,2165.57217169144,55.361494767547015,0,0
40,0,2R3online,right_hand,EMGg,18,10161.412021695169,103.41264243016887,0,0
40,0,3R4online,left_hand,EMGd,20,2218.6604379674764,134.72759676768143,0,0
40,0,3R4online,left_hand,EMGg,20,9697.952851967026,100.0766082082662,0,0
40,0,3R4online,right_hand,EMGd,20,2060.1527945744533,150.7660480870528,0,0
40,0,3R4online,right_hand,EMGg,20,9541.310179231525,99.66956776328855,0,0
40,0,4R5online,left_hand,EMGd,20,3778.785382189121,112.75752187785766,0,0
40,0,4R5online,left_hand,EMGg,20,8714.123601743397,94.64818263727038,0,0
40,0,4R5online,right_hand,EMGd,20,3545.9883995305245,107.51686576076447,0,0
40,0,4R5online,right_hand,EMGg,20,8744.355712047716,93.25665397704849,0,0
40,0,5R6online,left_hand,EMGd,20,7591.924573156454,112.6797849131394,0,0
40,0,5R6online,left_hand,EMGg,20,9543.049832080893,97.27765003075704,0,0
40,0,5R6online,right_hand,EMGd,20,7113.800624797567,110.40203459882164,0,0
40,0,5R6online,right_hand,EMGg,20,9603.564977058502,97.09037113090632,0,0
41,0,0R1acquisition,left_hand,EMGd,20,9826.068918447983,92.65832346724646,0,0
41,0,0R1acquisition,left_hand,EMGg,20,11482.763161181643,153.878317191952,0,0
41,0,0R1acquisition,right_hand,EMGd,20,9873.779382498444,92.98038056785484,0,0
41,0,0R1acquisition,right_hand,EMGg,20,11497.681685067992,152.27843376257815,0,0
41,0,1R2acquisition,left_hand,EMGd,20,9997.292919986498,84.20080004831627,0,0
41,0,1R2acquisition,left_hand,EMGg,20,11588.221459336984,149.1295408988132,0,0
41,0,1R2acquisition,right_hand,EMGd,20,9933.248652546092,82.33232109456154,0,0
41,0,1R2acquisition,right_hand,EMGg,20,11569.15737369853,148.3977460869715,0,0
41,0,2R3online,left_hand,EMGd,20,9525.451294574646,86.0814170335134,0,0
41,0,2R3online,left_hand,EMGg,20,11880.267509938993,150.7602013171864,0,0
41,0,2R3online,right_hand,EMGd,20,9487.640900190914,84.12970996937132,0,0
41,0,2R3online,right_hand,EMGg,20,11917.690326901598,153.61783418012578,0,0
41,0,3R4online,left_hand,EMGd,20,10625.723637968684,89.55762257112345,0,0
41,0,3R4online,left_hand,EMGg,20,13221.282107400491,159.01803155971987,0,0
41,0,3R4online,right_hand,EMGd,20,10704.867937803903,89.70261808244717,0,0
41,0,3R4online,right_hand,EMGg,20,13288.043970876684,159.88429115335057,0,0
41,0,4R5online,left_hand,EMGd,20,12191.723844854154,104.20689606489664,0,0
41,0,4R5online,left_hand,EMGg,20,14167.249821311803,166.6938583191188,0,0
41,0,4R5online,right_hand,EMGd,20,11764.070255586768,91.70825215383428,0,0
41,0,4R5online,right_hand,EMGg,20,13881.047740909573,153.2882135195311,0,0
41,0,5R6online,left_hand,EMGd,20,13739.21219967088,94.3830496781954,0,0
41,0,5R6online,left_hand,EMGg,20,15597.838435929338,150.5847853597804,0,0
41,0,5R6online,right_hand,EMGd,20,13716.637323780878,95.38981248808268,0,0
41,0,5R6online,right_hand,EMGg,20,15376.964878417864,154.03740915899743,0,0
42,0,0R1acquisition,left_hand,EMGd,20,-13423.487572334076,39.60038924896221,0,0
42,0,0R1acquisition,left_hand,EMGg,20,-20604.62118807339,132.5734106954229,0,0
42,0,0R1acquisition,right_hand,EMGd,20,-13409.141877858929,41.33765527347227,0,0
42,0,0R1acquisition,right_hand,EMGg,20,-20612.622149364845,131.58081479730362,0,0
42,0,1R2acquisition,left_hand,EMGd,20,-15122.794254826167,35.01677522312714,0,0
42,0,1R2acquisition,left_hand,EMGg,20,-20199.55690032325,127.08631385234573,0,0
42,0,1R2acquisition,right_hand,EMGd,20,-15091.33660146168,36.97960327342889,0,0
42,0,1R2acquisition,right_hand,EMGg,20,-20272.877946217894,126.80505582493144,0,0
42,0,2R3online,left_hand,EMGd,20,-16373.614688448384,35.231062340865705,0,0
42,0,2R3online,left_hand,EMGg,20,-20277.35375601154,132.14202369311627,0,0
42,0,2R3online,right_hand,EMGd,20,-16375.84489929571,34.379742007643344,0,0
42,0,2R3online,right_hand,EMGg,20,-20321.76126982061,132.62046871556214,0,0
42,0,3R4online,left_hand,EMGd,20,-16281.351862529636,36.0265704246982,0,0
42,0,3R4online,left_hand,EMGg,20,-19661.87137085541,125.12146248403594,0,0
42,0,3R4online,right_hand,EMGd,20,-16156.611098924064,34.48504969638241,0,0
42,0,3R4online,right_hand,EMGg,20,-19764.758186018986,126.83954771521114,0,0
42,0,4R5online,left_hand,EMGd,20,-16219.7359971119,38.1825862452425,0,0
42,0,4R5online,left_hand,EMGg,20,-19135.84600486541,111.49080566047584,0,0
42,0,4R5online,right_hand,EMGd,20,-16198.106457420048,40.76391191478344,0,0
42,0,4R5online,right_hand,EMGg,20,-19116.34493578324,108.17130102274808,0,0
42,0,5R6online,left_hand,EMGd,20,-16498.35531124242,33.286225031914604,0,0
42,0,5R6online,left_hand,EMGg,20,-18394.59097644484,137.95110779521616,0,0
42,0,5R6online,right_hand,EMGd,20,-16546.899897554817,31.945897548778458,0,0
42,0,5R6online,right_hand,EMGg,20,-18396.79070840148,137.10880784261087,0,0
43,0,0R1acquisition,left_hand,EMGd,20,78344.42863874385,40.6449576725917,0,0
43,0,0R1acquisition,left_hand,EMGg,20,73992.88409532513,147.17443989547968,0,0
43,0,0R1acquisition,right_hand,EMGd,20,78312.57494964128,39.1498341520016,0,0
43,0,0R1acquisition,right_hand,EMGg,20,73935.59515939899,149.40907984674868,0,0
43,0,1R2acquisition,left_hand,EMGd,20,77912.72240616143,42.774451241298834,0,0
43,0,1R2acquisition,left_hand,EMGg,20,73312.56021845649,146.74343580513766,0,0
43,0,1R2acquisition,right_hand,EMGd,20,77907.48206256378,39.77517372275472,0,0
43,0,1R2acquisition,right_hand,EMGg,20,73261.53039737094,146.3760401644186,0,0
43,0,2R3online,left_hand,EMGd,20,77703.2226244304,39.999983165644,0,0
43,0,2R3online,left_hand,EMGg,20,72710.29325805433,148.26800526414482,0,0
43,0,2R3online,right_hand,EMGd,20,77763.62421617229,38.4053125352959,0,0
43,0,2R3online,right_hand,EMGg,20,72767.83463635207,147.03270227373102,0,0
43,0,3R4online,left_hand,EMGd,20,76936.21884766214,39.96070710339588,0,0
43,0,3R4online,left_hand,EMGg,20,71924.05014219297,147.59927718719933,0,0
43,0,3R4online,right_hand,EMGd,20,76920.31165568305,39.6954445431378,0,0
43,0,3R4online,right_hand,EMGg,20,71908.19483981079,147.6030431975124,0,0
43,0,4R5online,left_hand,EMGd,20,75861.15403043755,41.60905119875785,0,0
43,0,4R5online,left_hand,EMGg,20,69700.45020401248,158.64081187805917,0,0
43,0,4R5online,right_hand,EMGd,20,75844.38149014949,41.0171539600268,0,0
43,0,4R5online,right_hand,EMGg,20,69978.5882441701,158.88696189015857,0,0
43,0,5R6online,left_hand,EMGd,20,75173.55911148436,39.637518135747946,0,0
43,0,5R6online,left_hand,EMGg,20,70533.42254589059,152.59318351453678,0,0
43,0,5R6online,right_hand,EMGd,20,75091.25403247464,43.030862677067205,0,0
43,0,5R6online,right_hand,EMGg,20,70450.6406085688,153.34504078479344,0,0
44,0,0R1acquisition,left_hand,EMGd,20,64484.79954041834,38.53949134077803,0,0
44,0,0R1acquisition,left_hand,EMGg,20,66143.53932065264,99.2520627805646,0,0
44,0,0R1acquisition,right_hand,EMGd,20,64626.72506689889,37.93372229113177,0,0
44,0,0R1acquisition,right_hand,EMGg,20,66251.31882260469,99.0684637233684,0,0
44,0,1R2acquisition,left_hand,EMGd,20,64110.32873189256,28.247109747819803,0,0
44,0,1R2acquisition,left_hand,EMGg,20,64427.54044496034,104.0377343172623,0,0
44,0,1R2acquisition,right_hand,EMGd,20,64371.24383842212,28.96287469956036,0,0
44,0,1R2acquisition,right_hand,EMGg,20,64627.01160519019,104.65007057769174,0,0
44,0,2R3online,left_hand,EMGd,20,59574.87384306536,34.08126941923593,0,0
44,0,2R3online,left_hand,EMGg,20,61542.30062239043,112.00653962366404,0,0
44,0,2R3online,right_hand,EMGd,20,59399.59260907138,38.60082015914023,0,0
44,0,2R3online,right_hand,EMGg,20,61440.56947371332,112.49850464665548,0,0
44,0,3R4online,left_hand,EMGd,20,56195.393761746935,38.80821816710127,0,0
44,0,3R4online,left_hand,EMGg,20,58325.26514087212,107.92887074823618,0,0
44,0,3R4online,right_hand,EMGd,20,56132.03888942936,37.25968654068721,0,0
44,0,3R4online,right_hand,EMGg,20,58242.24289704807,106.74448745116544,0,0
44,0,4R5online,left_hand,EMGd,20,53754.76061010357,38.74077797570954,0,0
44,0,4R5online,left_hand,EMGg,20,54552.81041984862,108.44442186434928,0,0
44,0,4R5online,right_hand,EMGd,20,53677.70862337425,39.855940274291335,0,0
44,0,4R5online,right_hand,EMGg,20,54396.67428444397,106.67960821963024,0,0
44,0,5R6online,left_hand,EMGd,20,51023.20316012376,33.66087552584956,0,0
44,0,5R6online,left_hand,EMGg,20,51666.09713118976,103.9248601623518,0,0
44,0,5R6online,right_hand,EMGd,20,51242.75923817645,35.49825855711218,0,0
44,0,5R6online,right_hand,EMGg,20,51862.13492397168,106.98474307397844,0,0
45,0,0R1acquisition,left_hand,EMGd,20,-15036.613532942074,41.93196292152197,0,0
45,0,0R1acquisition,left_hand,EMGg,20,-9379.179373372071,115.58712835075472,0,0
45,0,0R1acquisition,right_hand,EMGd,20,-15078.167475795362,42.31261149312631,0,0
45,0,0R1acquisition,right_hand,EMGg,20,-9418.189112221764,115.83705807194757,0,0
45,0,1R2acquisition,left_hand,EMGd,20,-13691.077120819178,39.273101538367584,0,0
45,0,1R2acquisition,left_hand,EMGg,20,-8385.918605484427,119.50233379051336,0,0
45,0,1R2acquisition,right_hand,EMGd,20,-13640.644923069394,38.603683598625686,0,0
45,0,1R2acquisition,right_hand,EMGg,20,-8382.890978141404,118.63382928603492,0,0
45,0,2R3online,left_hand,EMGd,20,-11368.949941777704,38.6400000192579,0,0
45,0,2R3online,left_hand,EMGg,20,-6927.536522561868,109.66671690007963,0,0
45,0,2R3online,right_hand,EMGd,20,-11341.291122941757,38.67206410488709,0,0
45,0,2R3online,right_hand,EMGg,20,-6917.798355008784,110.72620801634228,0,0
45,0,3R4online,left_hand,EMGd,20,-11206.15535974733,37.17822280793631,0,0
45,0,3R4online,left_hand,EMGg,20,-6559.7873840532975,111.58576388960178,0,0
45,0,3R4online,right_hand,EMGd,20,-11218.17758046524,36.85907367775936,0,0
45,0,3R4online,right_hand,EMGg,20,-6574.64196243976,111.82390566481834,0,0
45,0,4R5online,left_hand,EMGd,20,-10651.042075465866,35.02929847509132,0,0
45,0,4R5online,left_hand,EMGg,20,-6214.302803365112,110.2994396024242,0,0
45,0,4R5online,right_hand,EMGd,20,-10637.918566199203,34.77044605740696,0,0
45,0,4R5online,right_hand,EMGg,20,-6202.912375622619,109.65034645159471,0,0
45,0,5R6online,left_hand,EMGd,20,-10268.507379041628,34.300553277608714,0,0
45,0,5R6online,left_hand,EMGg,20,-5766.414002813925,108.63996366964632,0,0
45,0,5R6online,right_hand,EMGd,20,-10290.886819188012,36.3209868325099,0,0
45,0,5R6online,right_hand,EMGg,20,-5777.564676915585,108.8785592097796,0,0
46,0,0R1acquisition,left_hand,EMGd,20,-11389.244509826289,60.18058317726267,0,0
46,0,0R1acquisition,left_hand,EMGg,20,-12732.463853032848,175.46455425993213,0,0
46,0,0R1acquisition,right_hand,EMGd,20,-11321.234717183972,60.37975024778992,0,0
46,0,0R1acquisition,right_hand,EMGg,20,-12601.475285301743,171.53240445147352,0,0
46,0,1R2acquisition,left_hand,EMGd,20,-10651.43793905859,65.59740603790624,0,0
46,0,1R2acquisition,left_hand,EMGg,20,-11852.84061912396,169.53495902751868,0,0
46,0,1R2acquisition,right_hand,EMGd,20,-9805.956806054968,65.18648235513903,0,0
46,0,1R2acquisition,right_hand,EMGg,20,-11072.795294969825,165.0003405226741,0,0
46,0,2R3online,left_hand,EMGd,20,-11826.335635704823,70.75811569462184,0,0
46,0,2R3online,left_hand,EMGg,20,-12429.640335663224,175.87147288772644,0,0
46,0,2R3online,right_hand,EMGd,20,-11815.632338089512,71.61301377988728,0,0
46,0,2R3online,right_hand,EMGg,20,-12565.872595855286,178.12639602222436,0,0
46,0,3R4online,left_hand,EMGd,20,-12728.463181026544,73.44347775995695,0,0
46,0,3R4online,left_hand,EMGg,20,-12096.260039357623,167.22449702757473,0,0
46,0,3R4online,right_hand,EMGd,20,-12805.921927726828,79.02371771386292,0,0
46,0,3R4online,right_hand,EMGg,20,-11969.307871807763,163.65202799786468,0,0
46,0,4R5online,left_hand,EMGd,20,-15406.06075491898,76.33813406949322,0,0
46,0,4R5online,left_hand,EMGg,20,-14408.54791420703,184.81005441299732,0,0
46,0,4R5online,right_hand,EMGd,20,-15314.107761854311,77.59636824021905,0,0
46,0,4R5online,right_hand,EMGg,20,-14433.5749323223,191.0027090083317,0,0
46,0,5R6online,left_hand,EMGd,20,-16655.052823761926,77.4789563028371,0,0
46,0,5R6online,left_hand,EMGg,20,-16220.616581287064,171.50009112341266,0,0
46,0,5R6online,right_hand,EMGd,20,-16439.249366146476,83.18782862184732,0,0
46,0,5R6online,right_hand,EMGg,20,-15885.484170104512,178.75267306059274,0,0
47,0,0R1acquisition,left_hand,EMGd,20,8346.43277163366,35.9581450482015,0,0
47,0,0R1acquisition,left_hand,EMGg,20,6806.361236245975,173.29751121583604,0,0
47,0,0R1acquisition,right_hand,EMGd,20,8833.111950305622,34.013113111292775,0,0
47,0,0R1acquisition,right_hand,EMGg,20,7577.276100665802,174.12801806850365,0,0
47,0,1R2acquisition,left_hand,EMGd,20,10628.90950179317,31.876331730128705,0,0
47,0,1R2acquisition,left_hand,EMGg,20,8392.130908508185,175.7897835743525,0,0
47,0,1R2acquisition,right_hand,EMGd,20,10628.235592760417,33.443217382651696,0,0
47,0,1R2acquisition,right_hand,EMGg,20,8305.438459053901,172.74563120707086,0,0
47,0,2R3online,left_hand,EMGd,20,10939.211133775389,46.4055364994941,0,0
47,0,2R3online,left_hand,EMGg,20,8618.589334510783,172.74660185111364,0,0
47,0,2R3online,right_hand,EMGd,20,11244.144282862164,46.85461856684629,0,0
47,0,2R3online,right_hand,EMGg,20,8563.974368007483,174.23181486652646,0,0
47,0,3R4online,left_hand,EMGd,20,13490.567353300798,34.4200772804367,0,0
47,0,3R4online,left_hand,EMGg,20,8404.345114257518,178.41340221843572,0,0
47,0,3R4online,right_hand,EMGd,20,13502.08539305414,34.337801263842714,0,0
47,0,3R4online,right_hand,EMGg,20,8598.939015770413,177.0451525545323,0,0
47,0,4R5online,left_hand,EMGd,20,13557.946359417325,36.14212962880991,0,0
47,0,4R5online,left_hand,EMGg,20,7380.101152427642,175.98759630561975,0,0
47,0,4R5online,right_hand,EMGd,20,13560.870214781628,36.86463717618405,0,0
47,0,4R5online,right_hand,EMGg,20,7424.907123190159,179.5337775018408,0,0
47,0,5R6online,left_hand,EMGd,20,14447.531509383723,33.77863812071344,0,0
47,0,5R6online,left_hand,EMGg,20,8818.64509585825,168.99969470047634,0,0
47,0,5R6online,right_hand,EMGd,20,14364.256077130942,36.223717681535405,0,0
47,0,5R6online,right_hand,EMGg,20,8506.523358608461,179.96096868235963,0,0
48,0,0R1acquisition,left_hand,EMGd,20,41425.51338942209,108.88856006857075,0,0
48,0,0R1acquisition,left_hand,EMGg,20,39936.04852087218,157.67263456327242,0,0
48,0,0R1acquisition,right_hand,EMGd,20,44351.9210765779,64.88578658798943,0,0
48,0,0R1acquisition,right_hand,EMGg,20,43228.45314630135,123.41858295841809,0,0
48,0,1R2acquisition,left_hand,EMGd,20,45423.32298296001,111.94301941994723,0,0
48,0,1R2acquisition,left_hand,EMGg,20,44355.59500995101,185.34974424276731,0,0
48,0,1R2acquisition,right_hand,EMGd,20,46211.4133802327,70.25551697368476,0,0
48,0,1R2acquisition,right_hand,EMGg,20,45339.99013389045,133.50630519136,0,0
48,0,2R3online,left_hand,EMGd,20,39122.12721007022,118.54411479379344,0,0
48,0,2R3online,left_hand,EMGg,20,36671.181613372966,177.64959381771789,0,0
48,0,2R3online,right_hand,EMGd,20,39487.35015237053,113.21767948327116,0,0
48,0,2R3online,right_hand,EMGg,20,37098.94818116222,174.92573391337132,0,0
48,0,3R4online,left_hand,EMGd,20,41434.88589054739,96.22776696841896,0,0
48,0,3R4online,left_hand,EMGg,20,38135.572881182736,144.2097399263527,0,0
48,0,3R4online,right_hand,EMGd,20,40558.8027866308,82.99845009048445,0,0
48,0,3R4online,right_hand,EMGg,20,37077.51278857098,147.76659631108015,0,0
48,0,4R5online,left_hand,EMGd,20,34276.05200230082,114.71866233830728,0,0
48,0,4R5online,left_hand,EMGg,20,30117.23670887943,163.37708247330116,0,0
48,0,4R5online,right_hand,EMGd,20,35184.1641860174,118.5611660353042,0,0
48,0,4R5online,right_hand,EMGg,20,31226.141063396062,197.71166654402543,0,0
48,0,5R6online,left_hand,EMGd,20,34774.99792522133,89.24291327324559,0,0
48,0,5R6online,left_hand,EMGg,20,30599.22055660292,145.9890196775238,0,0
48,0,5R6online,right_hand,EMGd,20,34360.59616031358,128.9024571511818,0,0
48,0,5R6online,right_hand,EMGg,20,30358.545273672644,165.96463492099258,0,0
49,0,0R1acquisition,left_hand,EMGd,20,5479.92555167305,24.40099841117353,0,0
49,0,0R1acquisition,left_hand,EMGg,20,7325.249808382267,100.5029992468625,0,0
49,0,0R1acquisition,right_hand,EMGd,20,5082.1257092118885,24.46101709421085,0,0
49,0,0R1acquisition,right_hand,EMGg,20,7102.661446492447,99.86887658609292,0,0
49,0,1R2acquisition,left_hand,EMGd,20,12069.168580214711,26.31201716502315,0,0
49,0,1R2acquisition,left_hand,EMGg,20,10434.015787953907,97.14644093381226,0,0
49,0,1R2acquisition,right_hand,EMGd,20,12120.42096690524,28.245683214503327,0,0
49,0,1R2acquisition,right_hand,EMGg,20,10489.187912883275,98.52189413511432,0,0
49,0,2R3online,left_hand,EMGd,20,9383.831002701078,37.55716695499804,0,0
49,0,2R3online,left_hand,EMGg,20,11392.551808662774,101.27526419806344,0,0
49,0,2R3online,right_hand,EMGd,20,9465.080356375222,33.63595242341783,0,0
49,0,2R3online,right_hand,EMGg,20,11373.853984669218,100.14318667635872,0,0
49,0,3R4online,left_hand,EMGd,20,11864.47053155923,34.748204700406305,0,0
49,0,3R4online,left_hand,EMGg,20,12034.553629993678,98.12834132912374,0,0
49,0,3R4online,right_hand,EMGd,20,11754.495972159371,33.51443294661577,0,0
49,0,3R4online,right_hand,EMGg,20,12040.247687885478,101.7029073055466,0,0
49,0,4R5online,left_hand,EMGd,20,11348.140689639516,32.330348467130804,0,0
49,0,4R5online,left_hand,EMGg,20,11919.686994165646,98.7956852026239,0,0
49,0,4R5online,right_hand,EMGd,20,11473.572106332937,33.24351153891718,0,0
49,0,4R5online,right_hand,EMGg,20,11907.080368803205,98.6201893472853,0,0
49,0,5R6online,left_hand,EMGd,20,10096.694558154944,23.167359205911893,0,0
49,0,5R6online,left_hand,EMGg,20,11398.59686264902,101.83021616486164,0,0
49,0,5R6online,right_hand,EMGd,20,10142.464098387778,28.275075144103937,0,0
49,0,5R6online,right_hand,EMGg,20,11429.652709943732,98.55771535973768,0,0
50,0,0R1acquisition,left_hand,EMGd,20,-1517.0871537363842,52.81213877874272,0,0
50,0,0R1acquisition,left_hand,EMGg,20,770.3059137351822,84.9709985795994,0,0
50,0,0R1acquisition,right_hand,EMGd,20,-1663.2433479512342,41.79856362809115,0,0
50,0,0R1acquisition,right_hand,EMGg,20,468.33404998590834,77.40985749146267,0,0
50,0,1R2acquisition,left_hand,EMGd,20,1807.3029137174135,39.62484978229603,0,0
50,0,1R2acquisition,left_hand,EMGg,20,5808.171873018264,83.72767843822476,0,0
50,0,1R2acquisition,right_hand,EMGd,20,1727.955434597069,43.31819085319855,0,0
50,0,1R2acquisition,right_hand,EMGg,20,5577.975383695033,80.19463692572003,0,0
50,0,2R3online,left_hand,EMGd,20,6797.637517467137,43.34507940328812,0,0
50,0,2R3online,left_hand,EMGg,20,9867.35052425342,93.14536928091458,0,0
50,0,2R3online,right_hand,EMGd,20,7064.902199388448,50.273717465056805,0,0
50,0,2R3online,right_hand,EMGg,20,10030.339735618005,88.99031389863347,0,0
50,0,3R4online,left_hand,EMGd,20,9750.869465180407,50.08142083657812,0,0
50,0,3R4online,left_hand,EMGg,20,13792.251960244395,94.3939977807027,0,0
50,0,3R4online,right_hand,EMGd,20,9772.841345953411,64.36301979275683,0,0
50,0,3R4online,right_hand,EMGg,20,13827.574443279143,105.29291217247984,0,0
50,0,4R5online,left_hand,EMGd,20,14833.791101732751,65.31193320486399,0,0
50,0,4R5online,left_hand,EMGg,20,18812.816329963065,108.81456444779433,0,0
50,0,4R5online,right_hand,EMGd,20,14964.909163232074,52.52701712453452,0,0
50,0,4R5online,right_hand,EMGg,20,18831.436686951776,93.04742267480783,0,0
50,0,5R6online,left_hand,EMGd,20,21571.90886753836,43.52976950064322,0,0
50,0,5R6online,left_hand,EMGg,20,26138.63171596547,85.21863361568488,0,0
50,0,5R6online,right_hand,EMGd,20,22748.688498530817,45.32540439141805,0,0
50,0,5R6online,right_hand,EMGg,20,27247.362596991723,108.60504420827358,0,0
51,0,0R1acquisition,left_hand,EMGd,20,4965.190084382784,68.21535708474332,0,0
51,0,0R1acquisition,left_hand,EMGg,20,3548.476575757863,156.3518835857612,0,0
51,0,0R1acquisition,right_hand,EMGd,20,5123.342900830565,67.0730668222462,0,0
51,0,0R1acquisition,right_hand,EMGg,20,3638.204441169105,157.72119573583404,0,0
51,0,1R2acquisition,left_hand,EMGd,20,2245.479968523508,64.92365298682955,0,0
51,0,1R2acquisition,left_hand,EMGg,20,2260.6112371713457,157.10830369433492,0,0
51,0,1R2acquisition,right_hand,EMGd,20,1919.6215690746683,66.48008065057743,0,0
51,0,1R2acquisition,right_hand,EMGg,20,2201.920183316527,159.46604140081843,0,0
51,0,2R3online,left_hand,EMGd,20,664.1747306997574,64.62708572381116,0,0
51,0,2R3online,left_hand,EMGg,20,1848.9969910753323,163.3332315759168,0,0
51,0,2R3online,right_hand,EMGd,20,686.9530292637871,64.60129783302862,0,0
51,0,2R3online,right_hand,EMGg,20,1841.2254608888488,162.28689870827858,0,0
51,0,3R4online,left_hand,EMGd,20,318.492004032992,61.85055078487137,0,0
51,0,3R4online,left_hand,EMGg,20,1316.8963270215122,158.18618030282113,0,0
51,0,3R4online,right_hand,EMGd,20,339.50785750558106,61.14189500358575,0,0
51,0,3R4online,right_hand,EMGg,20,1314.2159764283028,159.10553777964589,0,0
51,0,4R5online,left_hand,EMGd,20,-297.9210281566173,59.08482494331997,0,0
51,0,4R5online,left_hand,EMGg,20,765.3002114634712,164.36840207026825,0,0
51,0,4R5online,right_hand,EMGd,20,-270.75870667352683,67.51554859167878,0,0
51,0,4R5online,right_hand,EMGg,20,729.7401442031947,164.21041675883063,0,0
51,0,5R6online,left_hand,EMGd,20,-411.9733450416473,63.202456154320295,0,0
51,0,5R6online,left_hand,EMGg,20,575.6553323271493,174.92280375550231,0,0
51,0,5R6online,right_hand,EMGd,20,-418.18797290163695,60.93478261005614,0,0
51,0,5R6online,right_hand,EMGg,20,556.7153560337129,172.47593894277136,0,0
52,0,0R1acquisition,left_hand,EMGd,20,-6922.14828645021,54.72271957654469,0,0
52,0,0R1acquisition,left_hand,EMGg,20,-12825.970633982552,134.93085664885152,0,0
52,0,0R1acquisition,right_hand,EMGd,20,-6740.302542047352,51.598096770712615,0,0
52,0,0R1acquisition,right_hand,EMGg,20,-12482.84122210694,123.99297249246132,0,0
52,0,1R2acquisition,left_hand,EMGd,20,-5404.944740019756,77.9418206366972,0,0
52,0,1R2acquisition,left_hand,EMGg,20,-11394.636650227929,140.9547596574112,0,0
52,0,1R2acquisition,right_hand,EMGd,20,-5490.655755826735,69.14050048534065,0,0
52,0,1R2acquisition,right_hand,EMGg,20,-11619.970935727157,131.89827204950356,0,0
52,0,2R3online,left_hand,EMGd,20,-9452.299884756374,96.30145557796436,0,0
52,0,2R3online,left_hand,EMGg,20,-13035.783865850102,146.04524884770825,0,0
52,0,2R3online,right_hand,EMGd,20,-8971.447890070946,84.04722874717427,0,0
52,0,2R3online,right_hand,EMGg,20,-12561.910500903983,146.06300179869254,0,0
52,0,3R4online,left_hand,EMGd,20,-5688.557413606486,121.0580918082416,0,0
52,0,3R4online,left_hand,EMGg,20,-9269.463550220877,118.21642868426696,0,0
52,0,3R4online,right_hand,EMGd,20,-5729.745585817857,141.77018201027226,0,0
52,0,3R4online,right_hand,EMGg,20,-9271.970732561364,119.11679762627054,0,0
52,0,4R5online,left_hand,EMGd,20,-5554.428022702113,134.19824067017336,0,0
52,0,4R5online,left_hand,EMGg,20,-11419.045202163568,129.92663457020137,0,0
52,0,4R5online,right_hand,EMGd,20,-5299.120795235165,139.54091748529424,0,0
52,0,4R5online,right_hand,EMGg,20,-11362.510152017963,141.20834115876616,0,0
52,0,5R6online,left_hand,EMGd,20,-5195.178206761872,139.97629475835734,0,0
52,0,5R6online,left_hand,EMGg,20,-10106.522872365344,145.87901751119517,0,0
52,0,5R6online,right_hand,EMGd,20,-5207.912222552701,133.1213794210419,0,0
52,0,5R6online,right_hand,EMGg,20,-10458.777858302628,134.7139613443813,0,0
53,0,0R1acquisition,left_hand,EMGd,20,21723.16857164818,42.41537382492339,0,0
53,0,0R1acquisition,left_hand,EMGg,20,15343.266175941735,105.24293015888313,0,0
53,0,0R1acquisition,right_hand,EMGd,20,21463.943222749567,38.425618680798536,0,0
53,0,0R1acquisition,right_hand,EMGg,20,14883.108955286734,99.24650031507436,0,0
53,0,1R2acquisition,left_hand,EMGd,20,21067.68755595509,38.41157872354599,0,0
53,0,1R2acquisition,left_hand,EMGg,20,13050.016306679428,104.48859060499063,0,0
53,0,1R2acquisition,right_hand,EMGd,20,21095.179825408733,38.13964921430165,0,0
53,0,1R2acquisition,right_hand,EMGg,20,12485.358872270795,111.93903528857338,0,0
53,0,2R3online,left_hand,EMGd,20,18936.80591656547,41.52752613761224,0,0
53,0,2R3online,left_hand,EMGg,20,15837.315539722116,109.69307833108492,0,0
53,0,2R3online,right_hand,EMGd,20,18980.565242712222,46.36248333927625,0,0
53,0,2R3online,right_hand,EMGg,20,15751.767205447835,108.29067391704014,0,0
53,0,3R4online,left_hand,EMGd,20,19207.78347235801,44.8768700710688,0,0
53,0,3R4online,left_hand,EMGg,20,15265.678692266729,105.36910575298376,0,0
53,0,3R4online,right_hand,EMGd,20,19088.917176470448,62.29834361069645,0,0
53,0,3R4online,right_hand,EMGg,20,14985.979766360217,105.33682315285505,0,0
53,0,4R5online,left_hand,EMGd,20,15134.62782606619,111.1191344446155,0,0
53,0,4R5online,left_hand,EMGg,20,12829.993488086522,138.9095499013065,0,0
53,0,4R5online,right_hand,EMGd,20,18355.549760573034,67.93432794910505,0,0
53,0,4R5online,right_hand,EMGg,20,15187.093517846262,123.05092316094644,0,0
53,0,5R6online,left_hand,EMGd,20,17994.967304147107,36.71711863206024,0,0
53,0,5R6online,left_hand,EMGg,20,16430.857058407088,105.42053081545984,0,0
53,0,5R6online,right_hand,EMGd,20,18097.35144116991,38.033082374522834,0,0
53,0,5R6online,right_hand,EMGg,20,16469.079280214537,106.7696949661748,0,0
54,0,0R1acquisition,left_hand,EMGd,20,40953.58480325453,40.11568042287993,0,0
54,0,0R1acquisition,left_hand,EMGg,20,44133.52653616715,114.0527509730246,0,0
54,0,0R1acquisition,right_hand,EMGd,20,41093.82307409146,41.5157316013967,0,0
54,0,0R1acquisition,right_hand,EMGg,20,44209.032545252616,117.32139620486878,0,0
54,0,1R2acquisition,left_hand,EMGd,20,44076.73674904801,34.30000471973868,0,0
54,0,1R2acquisition,left_hand,EMGg,20,46081.88162134952,114.42537532284229,0,0
54,0,1R2acquisition,right_hand,EMGd,20,43813.46178923482,35.423507295236675,0,0
54,0,1R2acquisition,right_hand,EMGg,20,45938.70398637711,113.98302190854244,0,0
54,0,2R3online,left_hand,EMGd,20,45538.044288522455,35.99429901810173,0,0
54,0,2R3online,left_hand,EMGg,20,46407.435376221,112.09327830190333,0,0
54,0,2R3online,right_hand,EMGd,20,45565.37906930368,40.33855518541814,0,0
54,0,2R3online,right_hand,EMGg,20,46423.14658173973,116.97324479363331,0,0
54,0,3R4online,left_hand,EMGd,20,45827.55105957013,33.57334586012788,0,0
54,0,3R4online,left_hand,EMGg,20,46486.16816614814,111.34236042685276,0,0
54,0,3R4online,right_hand,EMGd,20,45861.01402840056,32.06407969320086,0,0
54,0,3R4online,right_hand,EMGg,20,46500.5460813586,110.54611717515164,0,0
54,0,4R5online,left_hand,EMGd,20,46286.3156853905,38.25877440950415,0,0
54,0,4R5online,left_hand,EMGg,20,46731.977154298285,105.91331000943131,0,0
54,0,4R5online,right_hand,EMGd,20,46250.86688112705,31.960100135187417,0,0
54,0,4R5online,right_hand,EMGg,20,46693.652533740176,104.1562221871982,0,0
54,0,5R6online,left_hand,EMGd,20,45939.12989616687,30.038696852838267,0,0
54,0,5R6online,left_hand,EMGg,20,46018.68634174093,107.376478979094,0,0
54,0,5R6online,right_hand,EMGd,20,45958.0922479974,35.83108226437928,0,0
54,0,5R6online,right_hand,EMGg,20,45999.034099315206,107.04722214462964,0,0
55,0,0R1acquisition,left_hand,EMGd,20,6680.992622052072,50.74277558565795,0,0
55,0,0R1acquisition,left_hand,EMGg,20,2041.4722326785757,104.61938551084434,0,0
55,0,0R1acquisition,right_hand,EMGd,20,6694.575161626538,50.67079569065488,0,0
55,0,0R1acquisition,right_hand,EMGg,20,1897.9522396103305,102.80956080326958,0,0
55,0,1R2acquisition,left_hand,EMGd,20,6347.714300069012,47.23331126255159,0,0
55,0,1R2acquisition,left_hand,EMGg,20,2939.980898091532,99.81352369641284,0,0
55,0,1R2acquisition,right_hand,EMGd,20,6149.284517860563,46.28852020122441,0,0
55,0,1R2acquisition,right_hand,EMGg,20,2890.901742579877,101.88884312691272,0,0
55,0,2R3online,left_hand,EMGd,20,10694.944569681937,46.616185214651104,0,0
55,0,2R3online,left_hand,EMGg,20,6349.57477125155,98.56450466435604,0,0
55,0,2R3online,right_hand,EMGd,20,10661.878224143727,47.7803892623138,0,0
55,0,2R3online,right_hand,EMGg,20,6314.609195888088,99.51744526250904,0,0
55,0,3R4online,left_hand,EMGd,20,9376.905149225306,41.8813288171108,0,0
55,0,3R4online,left_hand,EMGg,20,7137.452474404769,104.21544995440384,0,0
55,0,3R4online,right_hand,EMGd,20,9442.967670878952,46.89607303456663,0,0
55,0,3R4online,right_hand,EMGg,20,6721.259623834741,100.45153747388618,0,0
55,0,4R5online,left_hand,EMGd,20,9692.5928865127,49.72381239276322,0,0
55,0,4R5online,left_hand,EMGg,20,11911.355242069758,101.71188554918952,0,0
55,0,4R5online,right_hand,EMGd,20,9644.814360267925,68.30764568310158,0,0
55,0,4R5online,right_hand,EMGg,20,12003.487667440451,125.63638062329711,0,0
55,0,5R6online,left_hand,EMGd,20,8678.021882110615,43.30182725440861,0,0
55,0,5R6online,left_hand,EMGg,20,11399.76690949615,103.46322013695294,0,0
55,0,5R6online,right_hand,EMGd,20,8809.95642763683,41.07404863940123,0,0
55,0,5R6online,right_hand,EMGg,20,11822.786537515543,101.78611341315067,0,0
56,0,0R1acquisition,left_hand,EMGd,20,4393.2722011307815,48.90538493315188,0,0
56,0,0R1acquisition,left_hand,EMGg,20,7024.831315370187,156.80293839890902,0,0
56,0,0R1acquisition,right_hand,EMGd,20,4453.29382602231,48.33260630634259,0,0
56,0,0R1acquisition,right_hand,EMGg,20,6924.571865477568,156.23828091722584,0,0
56,0,1R2acquisition,left_hand,EMGd,20,4161.405669393726,49.50043632364553,0,0
56,0,1R2acquisition,left_hand,EMGg,20,7144.554847669936,158.46962275176017,0,0
56,0,1R2acquisition,right_hand,EMGd,20,4107.258099524008,52.492090367198784,0,0
56,0,1R2acquisition,right_hand,EMGg,20,7114.226060176028,158.65989749924512,0,0
56,0,2R3online,left_hand,EMGd,20,3973.1239316806377,42.599282237767,0,0
56,0,2R3online,left_hand,EMGg,20,7234.949550563969,151.63871766240294,0,0
56,0,2R3online,right_hand,EMGd,20,4012.957012905145,42.40184741000775,0,0
56,0,2R3online,right_hand,EMGg,20,7155.689003793782,150.29833129436582,0,0
56,0,3R4online,left_hand,EMGd,20,2284.779673364893,59.15610719811633,0,0
56,0,3R4online,left_hand,EMGg,20,4412.316567951619,162.4517319545067,0,0
56,0,3R4online,right_hand,EMGd,20,2350.4297763283894,62.0980250645286,0,0
56,0,3R4online,right_hand,EMGg,20,4428.997177784557,162.0615128053268,0,0
56,0,4R5online,left_hand,EMGd,20,2189.5355882841286,43.55910235112539,0,0
56,0,4R5online,left_hand,EMGg,20,6499.397397920563,153.1026747769325,0,0
56,0,4R5online,right_hand,EMGd,20,2169.426919205632,44.95995006042655,0,0
56,0,4R5online,right_hand,EMGg,20,6462.498774543247,153.36872489943363,0,0
56,0,5R6online,left_hand,EMGd,20,2161.0677433869005,42.35445777511261,0,0
56,0,5R6online,left_hand,EMGg,20,7029.427396322974,146.9646156328507,0,0
56,0,5R6online,right_hand,EMGd,20,2198.3425914167938,41.66042298283004,0,0
56,0,5R6online,right_hand,EMGg,20,7118.940142662856,144.37942775055558,0,0
57,0,0R1acquisition,left_hand,EMGd,20,14962.218845152687,67.89970134181223,0,0
57,0,0R1acquisition,left_hand,EMGg,20,10706.71175724162,232.68514163599545,0,0
57,0,0R1acquisition,right_hand,EMGd,20,14947.447251553018,68.37291491370435,0,0
57,0,0R1acquisition,right_hand,EMGg,20,10694.910801767744,232.06976527863844,0,0
57,0,1R2acquisition,left_hand,EMGd,20,16647.719285123654,58.38537931552603,0,0
57,0,1R2acquisition,left_hand,EMGg,20,10837.7510673883,220.6133397954285,0,0
57,0,1R2acquisition,right_hand,EMGd,20,16438.758492193745,60.8871596889897,0,0
57,0,1R2acquisition,right_hand,EMGg,20,10799.823455340642,218.82128893410703,0,0
57,0,2R3online,left_hand,EMGd,20,16687.89052351861,59.03407738273168,0,0
57,0,2R3online,left_hand,EMGg,20,10933.904308168248,233.0470755165356,0,0
57,0,2R3online,right_hand,EMGd,20,16729.926767799774,56.41066864042276,0,0
57,0,2R3online,right_hand,EMGg,20,10923.591384608128,231.786667909557,0,0
57,0,3R4online,left_hand,EMGd,20,18591.769367409717,70.45745848716044,0,0
57,0,3R4online,left_hand,EMGg,20,11271.38211258608,249.82442521398332,0,0
57,0,3R4online,right_hand,EMGd,20,18507.505020809345,60.32576003775959,0,0
57,0,3R4online,right_hand,EMGg,20,10835.37321609644,241.55883718923437,0,0
57,0,4R5online,left_hand,EMGd,20,20633.73034235988,45.9445724183475,0,0
57,0,4R5online,left_hand,EMGg,20,13277.195197929168,239.51814999800257,0,0
57,0,4R5online,right_hand,EMGd,20,20520.42187261824,43.880836783283065,0,0
57,0,4R5online,right_hand,EMGg,20,13070.386440225857,239.51141978298315,0,0
57,0,5R6online,left_hand,EMGd,20,22663.854516565025,85.5598086128932,0,0
57,0,5R6online,left_hand,EMGg,20,14210.205056097378,229.6331794993003,0,0
57,0,5R6online,right_hand,EMGd,20,22493.6431534081,58.39890396029345,0,0
57,0,5R6online,right_hand,EMGg,20,14065.86607589524,224.55024480579624,0,0
58,0,0R1acquisition,left_hand,EMGd,20,-5639.291633158575,56.79241625641181,0,0
58,0,0R1acquisition,left_hand,EMGg,20,126.7324443201126,111.09133188994876,0,0
58,0,0R1acquisition,right_hand,EMGd,20,-5635.582566993374,57.11659749787683,0,0
58,0,0R1acquisition,right_hand,EMGg,20,115.34764152598213,111.24181811920656,0,0
58,0,1R2acquisition,left_hand,EMGd,20,-5778.203955489184,57.64288646320057,0,0
58,0,1R2acquisition,left_hand,EMGg,20,-1329.2343190893275,111.49309782603524,0,0
58,0,1R2acquisition,right_hand,EMGd,20,-5812.813618042209,57.741183338387806,0,0
58,0,1R2acquisition,right_hand,EMGg,20,-1325.4834343946463,110.57492345257312,0,0
58,0,2R3online,left_hand,EMGd,20,-6011.070103836884,55.03583277305124,0,0
58,0,2R3online,left_hand,EMGg,20,-2500.974385043781,102.69498029457164,0,0
58,0,2R3online,right_hand,EMGd,20,-6081.568419881738,56.513007569897965,0,0
58,0,2R3online,right_hand,EMGg,20,-2521.658637255249,103.57201698549804,0,0
58,0,3R4online,left_hand,EMGd,20,-6520.924745793435,77.03022347828025,0,0
58,0,3R4online,left_hand,EMGg,20,-3367.434957185399,113.60183639998245,0,0
58,0,3R4online,right_hand,EMGd,20,-6355.586422674043,71.79994984421455,0,0
58,0,3R4online,right_hand,EMGg,20,-3237.7500277303675,104.11254156105198,0,0
58,0,4R5online,left_hand,EMGd,20,-5836.833616969029,59.72124578368778,0,0
58,0,4R5online,left_hand,EMGg,20,-3163.346349749032,96.68553475809388,0,0
58,0,4R5online,right_hand,EMGd,20,-5673.491371281998,57.00425383688328,0,0
58,0,4R5online,right_hand,EMGg,20,-3134.5252657730853,97.31494726292463,0,0
58,0,5R6online,left_hand,EMGd,20,-5844.494037995971,53.89327444598284,0,0
58,0,5R6online,left_hand,EMGg,20,-3435.104810894009,96.87290751561623,0,0
58,0,5R6online,right_hand,EMGd,20,-5867.456839100276,53.98305580364737,0,0
58,0,5R6online,right_hand,EMGg,20,-3443.998017109568,96.49173729270548,0,0
59,0,0R1acquisition,left_hand,EMGd,20,47678.80108115671,90.73457164458006,0,0
59,0,0R1acquisition,left_hand,EMGg,20,46326.47192582262,281.9200087646313,0,0
59,0,0R1acquisition,right_hand,EMGd,20,47979.66854633839,103.8313686368027,0,0
59,0,0R1acquisition,right_hand,EMGg,20,46850.242818778745,291.5587121056357,0,0
59,0,1R2acquisition,left_hand,EMGd,20,50802.78707650475,90.759882024304,0,0
59,0,1R2acquisition,left_hand,EMGg,20,49329.904695653575,267.5457627916761,0,0
59,0,1R2acquisition,right_hand,EMGd,20,48927.2534791723,91.47907259675638,0,0
59,0,1R2acquisition,right_hand,EMGg,20,47540.08797465669,251.2620941979864,0,0
59,0,2R3online,left_hand,EMGd,20,52126.73832795689,53.51327253135671,0,0
59,0,2R3online,left_hand,EMGg,20,51412.53201504005,234.4905095374558,0,0
59,0,2R3online,right_hand,EMGd,20,51741.99680480304,58.09465649713659,0,0
59,0,2R3online,right_hand,EMGg,20,50963.448265902014,236.3666428347687,0,0
59,0,3R4online,left_hand,EMGd,20,50268.501484281165,67.47064182805572,0,0
59,0,3R4online,left_hand,EMGg,20,49329.130822367726,236.0051594868873,0,0
59,0,3R4online,right_hand,EMGd,20,50127.02103255411,52.96037165505139,0,0
59,0,3R4online,right_hand,EMGg,20,49111.32000414404,229.08980878793272,0,0
60,0,0R1acquisition,left_hand,EMGd,20,-9239.65679528166,58.46598041014048,0,0
60,0,0R1acquisition,left_hand,EMGg,20,-4055.593803421684,119.17229649304696,0,0
60,0,0R1acquisition,right_hand,EMGd,20,-9498.67455863961,55.983978060741855,0,0
60,0,0R1acquisition,right_hand,EMGg,20,-4083.0187334031993,124.12482657004811,0,0
60,0,1R2acquisition,left_hand,EMGd,20,-9537.316297087911,77.65598284182104,0,0
60,0,1R2acquisition,left_hand,EMGg,20,37.30483597655575,118.615824957266,0,0
60,0,1R2acquisition,right_hand,EMGd,20,-10605.964721092205,79.02399728613982,0,0
60,0,1R2acquisition,right_hand,EMGg,20,-385.2953477066336,127.49109717221909,0,0
60,0,2R3online,left_hand,EMGd,20,-8266.47608892104,70.61688686619108,0,0
60,0,2R3online,left_hand,EMGg,20,325.5153266902745,127.16865754482563,0,0
60,0,2R3online,right_hand,EMGd,20,-7896.994833154352,101.81293659453443,0,0
60,0,2R3online,right_hand,EMGg,20,415.3132945726429,172.50360994016015,0,0
60,0,3R4online,left_hand,EMGd,20,-1294.9375806865128,99.83352423698824,0,0
60,0,3R4online,left_hand,EMGg,20,4404.545643531127,133.13791362378367,0,0
60,0,3R4online,right_hand,EMGd,20,-1300.1953693549694,80.60992489745567,0,0
60,0,3R4online,right_hand,EMGg,20,4417.624218846547,133.12133277203972,0,0
60,0,4R5online,left_hand,EMGd,20,-361.1672351244146,83.95160268665342,0,0
60,0,4R5online,left_hand,EMGg,20,6267.16425803051,137.8043950820325,0,0
60,0,4R5online,right_hand,EMGd,20,-135.84050182060827,98.62291434500077,0,0
60,0,4R5online,right_hand,EMGg,20,6359.302748020107,153.4295680393182,0,0
60,0,5R6online,left_hand,EMGd,20,2754.892008613489,72.69479051507165,0,0
60,0,5R6online,left_hand,EMGg,20,9483.87572988329,138.27458164650312,0,0
60,0,5R6online,right_hand,EMGd,20,1982.9515137441756,96.1969105014094,0,0
60,0,5R6online,right_hand,EMGg,20,8704.475405178702,147.28690053887175,0,0
61,0,0R1acquisition,left_hand,EMGd,20,6163.079645987257,33.9899742316945,0,0
61,0,0R1acquisition,left_hand,EMGg,20,7543.409461523968,95.9499917619481,0,0
61,0,0R1acquisition,right_hand,EMGd,20,6174.362061824689,33.743098903263544,0,0
61,0,0R1acquisition,right_hand,EMGg,20,7543.983138578263,94.948412032908,0,0
61,0,1R2acquisition,left_hand,EMGd,20,5719.484144807836,33.403338448198866,0,0
61,0,1R2acquisition,left_hand,EMGg,20,7518.372190079947,93.77838116257688,0,0
61,0,1R2acquisition,right_hand,EMGd,20,5711.187945207199,33.28891699606099,0,0
61,0,1R2acquisition,right_hand,EMGg,20,7579.891567097053,94.911555885577,0,0
61,0,2R3online,left_hand,EMGd,20,4002.6803684237566,38.9121007942552,0,0
61,0,2R3online,left_hand,EMGg,20,4749.463918941755,105.73411851867108,0,0
61,0,2R3online,right_hand,EMGd,20,4107.004961403844,39.40004209755429,0,0
61,0,2R3online,right_hand,EMGg,20,4772.003690820242,105.43518420420874,0,0
61,0,3R4online,left_hand,EMGd,20,3003.373371890085,35.928745717837515,0,0
61,0,3R4online,left_hand,EMGg,20,3906.525068561916,100.8482786845302,0,0
61,0,3R4online,right_hand,EMGd,20,3006.001251372237,36.57177617626279,0,0
61,0,3R4online,right_hand,EMGg,20,3882.680655530474,98.48624048222672,0,0
61,0,4R5online,left_hand,EMGd,20,1570.6494231801928,42.71870740933007,0,0
61,0,4R5online,left_hand,EMGg,20,1415.790320699798,116.88467168666357,0,0
61,0,4R5online,right_hand,EMGd,20,1596.5902518214682,50.49912909835999,0,0
61,0,4R5online,right_hand,EMGg,20,1325.3025443293768,104.01948762002046,0,0
61,0,5R6online,left_hand,EMGd,20,-1025.2385739799815,37.08515094841261,0,0
61,0,5R6online,left_hand,EMGg,20,-2245.605904003552,116.64608446529834,0,0
61,0,5R6online,right_hand,EMGd,20,-948.954276605956,37.88602571332659,0,0
61,0,5R6online,right_hand,EMGg,20,-2190.04835945146,119.98758649493487,0,0
62,0,0R1acquisition,left_hand,EMGd,20,30942.78463062697,32.25349571095895,0,0
62,0,0R1acquisition,left_hand,EMGg,20,28289.277898735098,138.8571353341287,0,0
62,0,0R1acquisition,right_hand,EMGd,20,30941.866221081986,32.28603449952764,0,0
62,0,0R1acquisition,right_hand,EMGg,20,28284.679911630188,138.17915772347203,0,0
62,0,1R2acquisition,left_hand,EMGd,20,30598.4133351696,29.771597151183016,0,0
62,0,1R2acquisition,left_hand,EMGg,20,28465.18067521244,143.5474347875387,0,0
62,0,1R2acquisition,right_hand,EMGd,20,30625.271036161743,32.348010874757314,0,0
62,0,1R2acquisition,right_hand,EMGg,20,28516.803873806097,140.75802803519397,0,0
62,0,2R3online,left_hand,EMGd,20,29752.57720196865,31.21310328804016,0,0
62,0,2R3online,left_hand,EMGg,20,27564.67329775358,145.1080700581409,0,0
62,0,2R3online,right_hand,EMGd,20,29753.220132636918,29.005247505247404,0,0
62,0,2R3online,right_hand,EMGg,20,27588.47278386599,145.67914522688065,0,0
62,0,3R4online,left_hand,EMGd,20,28816.88991958811,31.346404406696298,0,0
62,0,3R4online,left_hand,EMGg,20,26938.636120409403,134.96307213671906,0,0
62,0,3R4online,right_hand,EMGd,20,28814.658750124137,39.0185807764955,0,0
62,0,3R4online,right_hand,EMGg,20,26875.882158877,133.17293868738642,0,0
62,0,4R5online,left_hand,EMGd,20,28759.76332497421,32.274828992123176,0,0
62,0,4R5online,left_hand,EMGg,20,26779.64391526675,143.18255684792916,0,0
62,0,4R5online,right_hand,EMGd,20,28756.78277201127,37.14709143013886,0,0
62,0,4R5online,right_hand,EMGg,20,26685.913593084824,140.60974694874105,0,0
62,0,5R6online,left_hand,EMGd,20,28340.20348103012,31.001953970626325,0,0
62,0,5R6online,left_hand,EMGg,20,26756.272272369715,168.52474228553768,0,0
62,0,5R6online,right_hand,EMGd,20,28366.065777913704,36.1376648395727,0,0
62,0,5R6online,right_hand,EMGg,20,26742.43689806772,170.46510355795246,0,0
63,0,0R1acquisition,left_hand,EMGd,20,3741.03078435191,45.81674688680789,0,0
63,0,0R1acquisition,left_hand,EMGg,20,1363.009571012381,124.5566591912526,0,0
63,0,0R1acquisition,right_hand,EMGd,20,4071.8471800741945,42.62983357449225,0,0
63,0,0R1acquisition,right_hand,EMGg,20,1666.0940658294062,123.88430831527576,0,0
63,0,1R2acquisition,left_hand,EMGd,20,6026.879548521271,36.118306256363766,0,0
63,0,1R2acquisition,left_hand,EMGg,20,4018.5255442802713,131.48577403247478,0,0
63,0,1R2acquisition,right_hand,EMGd,20,5742.9243483247365,40.336354334271,0,0
63,0,1R2acquisition,right_hand,EMGg,20,3722.6238427541552,130.09955381736594,0,0
63,0,2R3online,left_hand,EMGd,20,2974.7739083093884,39.94277709306791,0,0
63,0,2R3online,left_hand,EMGg,20,1270.5374734508196,128.3059784727172,0,0
63,0,2R3online,right_hand,EMGd,20,3036.203185902994,42.62779230330988,0,0
63,0,2R3online,right_hand,EMGg,20,1350.4974847959188,130.99288859088242,0,0
63,0,3R4online,left_hand,EMGd,20,4770.9152340570345,36.53313908702082,0,0
63,0,3R4online,left_hand,EMGg,20,2469.905587817118,130.27779181539444,0,0
63,0,3R4online,right_hand,EMGd,20,4631.664611328735,36.13572683074496,0,0
63,0,3R4online,right_hand,EMGg,20,2373.7112062379383,131.5344335252034,0,0
63,0,4R5online,left_hand,EMGd,20,5062.64179302547,37.794318351322765,0,0
63,0,4R5online,left_hand,EMGg,20,2446.8171153010785,133.17896329109587,0,0
63,0,4R5online,right_hand,EMGd,20,4965.447863182487,34.95352976135686,0,0
63,0,4R5online,right_hand,EMGg,20,2256.12224999768,133.7347876126519,0,0
63,0,5R6online,left_hand,EMGd,20,4409.554609224343,35.79188082346941,0,0
63,0,5R6online,left_hand,EMGg,20,2277.6715226648494,133.5430573062538,0,0
63,0,5R6online,right_hand,EMGd,20,4259.145776215934,35.94198609058378,0,0
63,0,5R6online,right_hand,EMGg,20,2141.3085542654844,134.10479612287952,0,0
64,0,0R1acquisition,left_hand,EMGd,20,-13683.488583229318,34.281240391274494,0,0
64,0,0R1acquisition,left_hand,EMGg,20,-13519.011298568785,114.27910241568864,0,0
64,0,0R1acquisition,right_hand,EMGd,20,-13785.342009758837,38.19853783535405,0,0
64,0,0R1acquisition,right_hand,EMGg,20,-13709.497496532556,113.45903818978552,0,0
64,0,1R2acquisition,left_hand,EMGd,20,-14816.8520991723,36.3096196208478,0,0
64,0,1R2acquisition,left_hand,EMGg,20,-14431.11218812596,112.32610335615534,0,0
64,0,1R2acquisition,right_hand,EMGd,20,-14825.636957313543,35.685299042725084,0,0
64,0,1R2acquisition,right_hand,EMGg,20,-14387.145147291254,112.43584894727664,0,0
64,0,2R3online,left_hand,EMGd,20,-15452.811390294515,39.40154757659734,0,0
64,0,2R3online,left_hand,EMGg,20,-16048.473181276146,111.75921807447124,0,0
64,0,2R3online,right_hand,EMGd,20,-15409.433079288952,42.13165718528946,0,0
64,0,2R3online,right_hand,EMGg,20,-16059.797400264182,113.14335107732784,0,0
64,0,3R4online,left_hand,EMGd,20,-15530.74257033863,40.56990785027699,0,0
64,0,3R4online,left_hand,EMGg,20,-16285.303685013492,110.46940339861096,0,0
64,0,3R4online,right_hand,EMGd,20,-15468.611283605547,38.819692996894446,0,0
64,0,3R4online,right_hand,EMGg,20,-16150.864579375097,111.79074891528414,0,0
64,0,4R5online,left_hand,EMGd,20,-16042.063955943147,40.19033432099398,0,0
64,0,4R5online,left_hand,EMGg,20,-16334.066452968504,113.25499450526992,0,0
64,0,4R5online,right_hand,EMGd,20,-16154.467871283385,41.03863190087636,0,0
64,0,4R5online,right_hand,EMGg,20,-16381.16456293994,114.16046240250364,0,0
64,0,5R6online,left_hand,EMGd,20,-14219.635922767187,38.631063365931865,0,0
64,0,5R6online,left_hand,EMGg,20,-14571.224208354632,113.19385698119056,0,0
64,0,5R6online,right_hand,EMGd,20,-14353.309385490737,41.64140683024947,0,0
64,0,5R6online,right_hand,EMGg,20,-14620.565493083745,114.0496494993834,0,0
65,0,0R1acquisition,left_hand,EMGd,20,-3759.706751548847,35.29184528659711,0,0
65,0,0R1acquisition,left_hand,EMGg,20,-7488.522716302718,153.15053992790143,0,0
65,0,0R1acquisition,right_hand,EMGd,20,-4037.989925962738,34.44633260109835,0,0
65,0,0R1acquisition,right_hand,EMGg,20,-7716.473788936545,152.65271759462115,0,0
65,0,1R2acquisition,left_hand,EMGd,20,-6612.748001730792,34.16333356365732,0,0
65,0,1R2acquisition,left_hand,EMGg,20,-9445.02725723956,145.77197781728168,0,0
65,0,1R2acquisition,right_hand,EMGd,20,-6602.584630099988,36.99236269761778,0,0
65,0,1R2acquisition,right_hand,EMGg,20,-9434.286053053209,143.91988198378849,0,0
65,0,2R3online,left_hand,EMGd,20,-9152.46055777202,38.68596264123399,0,0
65,0,2R3online,left_hand,EMGg,20,-11193.379541582197,154.00128888530315,0,0
65,0,2R3online,right_hand,EMGd,20,-9125.0801344541,39.9605836676262,0,0
65,0,2R3online,right_hand,EMGg,20,-11200.70666338453,155.18926563249798,0,0
65,0,3R4online,left_hand,EMGd,20,-9532.32891134806,33.005766555729245,0,0
65,0,3R4online,left_hand,EMGg,20,-11176.131443348217,150.43112448025266,0,0
65,0,3R4online,right_hand,EMGd,20,-9483.15602914895,35.02420695317927,0,0
65,0,3R4online,right_hand,EMGg,20,-11191.946969957293,151.44534201974014,0,0
65,0,4R5online,left_hand,EMGd,20,-10258.429098514987,32.16325135182427,0,0
65,0,4R5online,left_hand,EMGg,20,-12044.084315962962,150.3632338843689,0,0
65,0,4R5online,right_hand,EMGd,20,-10262.131939477878,33.94057754556313,0,0
65,0,4R5online,right_hand,EMGg,20,-12014.705626439598,150.8608172807403,0,0
65,0,5R6online,left_hand,EMGd,20,-9873.889525795128,33.576659600534875,0,0
65,0,5R6online,left_hand,EMGg,20,-11550.363978125024,140.93753747419402,0,0
65,0,5R6online,right_hand,EMGd,20,-9902.832440220049,33.39251811023591,0,0
65,0,5R6online,right_hand,EMGg,20,-11575.100351873483,143.21219665693394,0,0
66,0,0R1acquisition,left_hand,EMGd,20,-53785.23577008614,1095.1392469288255,0,0
66,0,0R1acquisition,left_hand,EMGg,20,9456.851974831268,99.95589131759746,0,0
66,0,0R1acquisition,right_hand,EMGd,20,-41880.86262803104,1194.4496450371284,0,0
66,0,0R1acquisition,right_hand,EMGg,20,9455.684594958857,98.68900652544934,0,0
66,0,1R2acquisition,left_hand,EMGd,20,13046.49581506802,35.66002428336267,0,0
66,0,1R2acquisition,left_hand,EMGg,20,7958.187569218595,94.42027667380516,0,0
66,0,1R2acquisition,right_hand,EMGd,20,12784.96393802128,38.1993504555134,0,0
66,0,1R2acquisition,right_hand,EMGg,20,7685.649726346669,94.69343869894762,0,0
66,0,2R3online,left_hand,EMGd,20,6815.516788075585,34.29057860161721,0,0
66,0,2R3online,left_hand,EMGg,20,1358.087102250247,106.33248451987927,0,0
66,0,2R3online,right_hand,EMGd,20,6745.299335227707,36.895899476926296,0,0
66,0,2R3online,right_hand,EMGg,20,1405.9684681016097,104.64689886349888,0,0
66,0,3R4online,left_hand,EMGd,20,5952.332364454976,32.53103788094681,0,0
66,0,3R4online,left_hand,EMGg,20,860.8103933583423,104.00609216389398,0,0
66,0,3R4online,right_hand,EMGd,20,5948.44408963773,37.03133713626721,0,0
66,0,3R4online,right_hand,EMGg,20,871.4586652794396,100.94651961147026,0,0
66,0,4R5online,left_hand,EMGd,20,4901.106225572554,34.799138208714645,0,0
66,0,4R5online,left_hand,EMGg,20,159.15533457653143,101.249358177367,0,0
66,0,4R5online,right_hand,EMGd,20,4887.779666371684,38.51056775719478,0,0
66,0,4R5online,right_hand,EMGg,20,223.970478416874,100.61161060263288,0,0
66,0,5R6online,left_hand,EMGd,20,4096.954189797079,32.77217638725311,0,0
66,0,5R6online,left_hand,EMGg,20,-743.265486337084,101.58098009740246,0,0
66,0,5R6online,right_hand,EMGd,20,4218.036422578007,37.53337208845904,0,0
66,0,5R6online,right_hand,EMGg,20,-626.1098167720723,97.99478052093284,0,0
67,0,0R1acquisition,left_hand,EMGd,20,-10113.897349622246,79.56825630819135,0,0
67,0,0R1acquisition,left_hand,EMGg,20,-8827.391964378738,184.55147102793225,0,0
67,0,0R1acquisition,right_hand,EMGd,20,-10264.77548696796,64.46453338648674,0,0
67,0,0R1acquisition,right_hand,EMGg,20,-8964.865218367308,170.83702184917044,0,0
67,0,1R2acquisition,left_hand,EMGd,20,-8647.728616265864,65.98299229242079,0,0
67,0,1R2acquisition,left_hand,EMGg,20,-7255.806281091517,181.31504888252465,0,0
67,0,1R2acquisition,right_hand,EMGd,20,-8725.63858775211,72.88943479288665,0,0
67,0,1R2acquisition,right_hand,EMGg,20,-7401.941131759634,189.55817142601992,0,0
67,0,2R3online,left_hand,EMGd,20,-9319.273006314945,61.12773272817012,0,0
67,0,2R3online,left_hand,EMGg,20,-8400.246447839509,186.76947399950745,0,0
67,0,2R3online,right_hand,EMGd,20,-10856.616796811277,73.91072771589506,0,0
67,0,2R3online,right_hand,EMGg,20,-9903.920410992489,185.31545211925211,0,0
67,0,3R4online,left_hand,EMGd,20,-4851.451380450755,66.85350944573442,0,0
67,0,3R4online,left_hand,EMGg,20,-4494.061865193479,203.3097766101609,0,0
67,0,3R4online,right_hand,EMGd,20,-4392.725796550693,63.175896936216304,0,0
67,0,3R4online,right_hand,EMGg,20,-4064.858772122719,202.54671966121367,0,0
67,0,4R5online,left_hand,EMGd,20,-1757.701865063066,58.30189053909438,0,0
67,0,4R5online,left_hand,EMGg,20,-1631.3625847509736,191.5051775566917,0,0
67,0,4R5online,right_hand,EMGd,20,-1918.306475784874,60.40299227052393,0,0
67,0,4R5online,right_hand,EMGg,20,-1801.0732676207438,190.14377526068148,0,0
67,0,5R6online,left_hand,EMGd,20,-2121.165985386104,54.78879214531937,0,0
67,0,5R6online,left_hand,EMGg,20,-1542.71143665542,182.79666815729811,0,0
67,0,5R6online,right_hand,EMGd,20,-2045.8489874450895,56.31520793080447,0,0
67,0,5R6online,right_hand,EMGg,20,-1488.0362554736903,184.0175579495721,0,0
68,0,0R1acquisition,left_hand,EMGd,20,-6683.07929095875,215.5056612918896,0,0
68,0,0R1acquisition,left_hand,EMGg,20,-9824.6914902712,235.63352216285935,0,0
68,0,0R1acquisition,right_hand,EMGd,20,-4734.090452596987,196.70426137651532,0,0
68,0,0R1acquisition,right_hand,EMGg,20,-8029.393898419263,209.69064140195496,0,0
68,0,1R2acquisition,left_hand,EMGd,20,-1891.050845417664,84.11130120312818,0,0
68,0,1R2acquisition,left_hand,EMGg,20,-5984.369181817341,129.73448674271646,0,0
68,0,1R2acquisition,right_hand,EMGd,20,-1862.828956204729,79.89091104176948,0,0
68,0,1R2acquisition,right_hand,EMGg,20,-6071.553571894074,123.4660462528337,0,0
68,0,2R3online,left_hand,EMGd,20,1843.6145968726864,67.36856235917584,0,0
68,0,2R3online,left_hand,EMGg,20,783.2207385315546,154.34265323185102,0,0
68,0,2R3online,right_hand,EMGd,20,2022.7600857036275,71.16339838086094,0,0
68,0,2R3online,right_hand,EMGg,20,1017.5287807494836,156.60193989726466,0,0
68,0,3R4online,left_hand,EMGd,20,-5800.116694031723,112.59077554948304,0,0
68,0,3R4online,left_hand,EMGg,20,-3157.0552253681763,180.26337246045108,0,0
68,0,3R4online,right_hand,EMGd,20,-4005.548465432065,100.2538906431316,0,0
68,0,3R4online,right_hand,EMGg,20,-1273.9377456686595,140.83838098732608,0,0
68,0,4R5online,left_hand,EMGd,20,3213.106093571484,50.087092500900255,0,0
68,0,4R5online,left_hand,EMGg,20,1949.987231579879,132.82815209386217,0,0
68,0,4R5online,right_hand,EMGd,20,2370.3190181005093,53.55679241221283,0,0
68,0,4R5online,right_hand,EMGg,20,1858.9815554684271,129.1743017987762,0,0
68,0,5R6online,left_hand,EMGd,20,2170.1994671190578,46.85444922989623,0,0
68,0,5R6online,left_hand,EMGg,20,495.764635854636,133.7734745865447,0,0
68,0,5R6online,right_hand,EMGd,20,2392.170911651977,47.22464819459104,0,0
68,0,5R6online,right_hand,EMGg,20,557.410022563545,134.5864739047958,0,0
69,0,0R1acquisition,left_hand,EMGd,20,-2789.141484076407,58.34243748830388,0,0
69,0,0R1acquisition,left_hand,EMGg,20,4287.03720393939,118.26918467532629,0,0
69,0,0R1acquisition,right_hand,EMGd,20,-3432.6184592404825,64.88170093305878,0,0
69,0,0R1acquisition,right_hand,EMGg,20,3690.88142244489,133.65612652844305,0,0
69,0,1R2acquisition,left_hand,EMGd,20,-3556.460330310415,70.91253829711822,0,0
69,0,1R2acquisition,left_hand,EMGg,20,4239.734603471318,146.50602694366887,0,0
69,0,1R2acquisition,right_hand,EMGd,20,-2672.6422559189286,67.38803589856562,0,0
69,0,1R2acquisition,right_hand,EMGg,20,5403.042392838854,148.82173073325157,0,0
69,0,2R3online,left_hand,EMGd,20,370.0564199685948,42.3582670883554,0,0
69,0,2R3online,left_hand,EMGg,20,12754.254715343432,112.55442546284262,0,0
69,0,2R3online,right_hand,EMGd,20,160.2618641207238,38.10961234686069,0,0
69,0,2R3online,right_hand,EMGg,20,12522.22291240662,112.1919454236531,0,0
69,0,3R4online,left_hand,EMGd,20,1992.3442453771288,41.63089202033644,0,0
69,0,3R4online,left_hand,EMGg,20,12428.811363479464,126.19970260811736,0,0
69,0,3R4online,right_hand,EMGd,20,1920.807020230944,42.83024981097756,0,0
69,0,3R4online,right_hand,EMGg,20,12200.84353681203,123.95013159961108,0,0
69,0,4R5online,left_hand,EMGd,20,3153.9120224496246,40.43081516955653,0,0
69,0,4R5online,left_hand,EMGg,20,12205.943487045126,119.77566270680528,0,0
69,0,4R5online,right_hand,EMGd,20,3313.6760982205624,38.96004495771853,0,0
69,0,4R5online,right_hand,EMGg,20,12259.296245647463,121.12993372024404,0,0
69,0,5R6online,left_hand,EMGd,20,2925.6411818627234,42.79617750532874,0,0
69,0,5R6online,left_hand,EMGg,20,12010.297110980204,117.70963898101346,0,0
69,0,5R6online,right_hand,EMGd,20,2848.251867317638,31.99181573207023,0,0
69,0,5R6online,right_hand,EMGg,20,11958.303305292751,119.89274670686224,0,0
70,0,0R1acquisition,left_hand,EMGd,20,7406.424520123111,99.84039427030692,0,0
70,0,0R1acquisition,left_hand,EMGg,20,7129.125407986639,41.99584718163696,0,0
70,0,0R1acquisition,right_hand,EMGd,20,7391.544225874271,98.30769277565004,0,0
70,0,0R1acquisition,right_hand,EMGg,20,7152.951091674467,41.70983878839712,0,0
70,0,1R2acquisition,left_hand,EMGd,20,6749.044577273728,96.65283341356027,0,0
70,0,1R2acquisition,left_hand,EMGg,20,6384.726022184362,45.54542860678473,0,0
70,0,1R2acquisition,right_hand,EMGd,20,6619.140712872145,95.88230338064535,0,0
70,0,1R2acquisition,right_hand,EMGg,20,6179.335722248391,42.93449385020829,0,0
70,0,2R3online,left_hand,EMGd,20,5736.668499512507,121.17553010566334,0,0
70,0,2R3online,left_hand,EMGg,20,5723.298369130967,48.12295405608988,0,0
70,0,2R3online,right_hand,EMGd,20,5797.264138319182,98.91781240585814,0,0
70,0,2R3online,right_hand,EMGg,20,5548.612169566023,47.81813427097035,0,0
70,0,3R4online,left_hand,EMGd,20,5608.971109705923,99.49246369338184,0,0
70,0,3R4online,left_hand,EMGg,20,4783.453039621477,41.08900769313867,0,0
70,0,3R4online,right_hand,EMGd,20,5609.892052039232,99.986854449538,0,0
70,0,3R4online,right_hand,EMGg,20,4794.093628895747,42.832190150283765,0,0
70,0,4R5online,left_hand,EMGd,20,4904.475556442316,97.9604282839433,0,0
70,0,4R5online,left_hand,EMGg,20,4480.887650380911,46.923374930395184,0,0
70,0,4R5online,right_hand,EMGd,20,4957.360964749454,96.89402900197572,0,0
70,0,4R5online,right_hand,EMGg,20,4466.782205976098,47.87012439750335,0,0
70,0,5R6online,left_hand,EMGd,20,5413.048597602037,99.32320497105032,0,0
70,0,5R6online,left_hand,EMGg,20,4532.330662587385,46.05791484320314,0,0
70,0,5R6online,right_hand,EMGd,20,5456.47504535119,101.41141472359666,0,0
70,0,5R6online,right_hand,EMGg,20,4527.585533657778,44.74675692825012,0,0
71,0,0R1acquisition,left_hand,EMGd,20,9369.35300141668,50.91220889323319,0,0
71,0,0R1acquisition,left_hand,EMGg,20,10054.831467247115,111.12790856674852,0,0
71,0,0R1acquisition,right_hand,EMGd,20,8902.821016104926,50.70181404474244,0,0
71,0,0R1acquisition,right_hand,EMGg,20,10184.122826090295,111.2068728511288,0,0
71,0,1R2acquisition,left_hand,EMGd,20,12362.82462559282,50.57912837520986,0,0
71,0,1R2acquisition,left_hand,EMGg,20,10468.99076249814,111.33519938539902,0,0
71,0,1R2acquisition,right_hand,EMGd,20,12416.738836769808,47.90148562382114,0,0
71,0,1R2acquisition,right_hand,EMGg,20,10474.793193936042,109.67979197193496,0,0
71,0,2R3online,left_hand,EMGd,20,463.433204408578,80.64767205547925,0,0
71,0,2R3online,left_hand,EMGg,20,1157.97797216532,165.5391741587932,0,0
71,0,2R3online,right_hand,EMGd,20,1714.496258411748,81.17810724046234,0,0
71,0,2R3online,right_hand,EMGg,20,3228.747174402368,134.78642377759064,0,0
71,0,3R4online,left_hand,EMGd,20,4548.091635505201,57.86237062935385,0,0
71,0,3R4online,left_hand,EMGg,20,7484.963914367983,114.95695246871728,0,0
71,0,3R4online,right_hand,EMGd,20,4215.636695042307,56.599247369969774,0,0
71,0,3R4online,right_hand,EMGg,20,7277.417037327732,112.03421051944612,0,0
71,0,4R5online,left_hand,EMGd,20,3612.1240548594055,83.95659410788026,0,0
71,0,4R5online,left_hand,EMGg,20,4390.017715228093,133.16813477754155,0,0
71,0,4R5online,right_hand,EMGd,20,3545.0304410487306,99.99320438050322,0,0
71,0,4R5online,right_hand,EMGg,20,4377.800292294244,189.13947735668123,0,0
71,0,5R6online,left_hand,EMGd,20,3204.843132546965,73.22841030488459,0,0
71,0,5R6online,left_hand,EMGg,20,2902.6549578394124,131.43018279480353,0,0
71,0,5R6online,right_hand,EMGd,20,3023.791091177078,79.42930961700287,0,0
71,0,5R6online,right_hand,EMGg,20,2676.745084545508,145.38499320564176,0,0
72,0,0R1acquisition,left_hand,EMGd,20,-9776.957454735371,76.41359031279674,0,0
72,0,0R1acquisition,left_hand,EMGg,20,-10132.906912901615,164.36343813437452,0,0
72,0,0R1acquisition,right_hand,EMGd,20,-9340.175503525525,50.02109370842159,0,0
72,0,0R1acquisition,right_hand,EMGg,20,-9527.485064062908,145.45460353410996,0,0
72,0,1R2acquisition,left_hand,EMGd,20,-6822.26278125488,43.76447772875333,0,0
72,0,1R2acquisition,left_hand,EMGg,20,-6423.365631513173,140.72736303868646,0,0
72,0,1R2acquisition,right_hand,EMGd,20,-7045.061106215052,44.36952747480207,0,0
72,0,1R2acquisition,right_hand,EMGg,20,-6491.175521332383,142.65936160369878,0,0
72,0,2R3online,left_hand,EMGd,20,-3500.2407181998306,41.778290064437485,0,0
72,0,2R3online,left_hand,EMGg,20,-7986.560961237199,153.48039766267536,0,0
72,0,2R3online,right_hand,EMGd,20,-3727.5374358405543,45.92210455611055,0,0
72,0,2R3online,right_hand,EMGg,20,-8271.47620286857,149.95504011776433,0,0
72,0,3R4online,left_hand,EMGd,20,-1656.2116061075346,33.882747047583244,0,0
72,0,3R4online,left_hand,EMGg,20,-4788.652200039544,153.04160290420575,0,0
72,0,3R4online,right_hand,EMGd,20,-1886.29283277924,45.75785747306711,0,0
72,0,3R4online,right_hand,EMGg,20,-5519.725474168214,149.8828439090114,0,0
72,0,4R5online,left_hand,EMGd,20,-3755.960148343013,68.86440731819705,0,0
72,0,4R5online,left_hand,EMGg,20,-4992.202350248116,159.01739090599798,0,0
72,0,4R5online,right_hand,EMGd,20,-3731.037652551438,95.99844549869168,0,0
72,0,4R5online,right_hand,EMGg,20,-4954.506682444256,189.92191462009987,0,0
72,0,5R6online,left_hand,EMGd,20,66.92041459767037,44.478451115673984,0,0
72,0,5R6online,left_hand,EMGg,20,-1145.2704489687608,154.25599921713587,0,0
72,0,5R6online,right_hand,EMGd,20,-1371.352290457816,75.34956107142645,0,0
72,0,5R6online,right_hand,EMGg,20,-2917.384486141736,171.82923767943288,0,0
73,0,0R1acquisition,left_hand,EMGd,20,-6840.573134561819,61.1425539013066,0,0
73,0,0R1acquisition,left_hand,EMGg,20,-9719.019953127146,89.85668881838032,0,0
73,0,0R1acquisition,right_hand,EMGd,20,-7167.955551688634,70.12908120485206,0,0
73,0,0R1acquisition,right_hand,EMGg,20,-10188.943154629384,93.70258380024852,0,0
73,0,1R2acquisition,left_hand,EMGd,20,-1819.64386796644,38.39604357951335,0,0
73,0,1R2acquisition,left_hand,EMGg,20,-10151.823512147346,92.0244104512868,0,0
73,0,1R2acquisition,right_hand,EMGd,20,-1520.1880590812923,41.51682754748665,0,0
73,0,1R2acquisition,right_hand,EMGg,20,-9954.429237971004,99.62743764723248,0,0
73,0,2R3online,left_hand,EMGd,20,-5820.91165374508,28.86004655556389,0,0
73,0,2R3online,left_hand,EMGg,20,-10007.6221629084,80.8276881221615,0,0
73,0,2R3online,right_hand,EMGd,20,-5903.6394020376165,33.689492167576226,0,0
73,0,2R3online,right_hand,EMGg,20,-10097.115668547023,88.30062339148495,0,0
73,0,3R4online,left_hand,EMGd,20,-6719.294957091462,43.16951662097196,0,0
73,0,3R4online,left_hand,EMGg,20,-8907.667779615595,80.71191889182867,0,0
73,0,3R4online,right_hand,EMGd,20,-7930.9348444781235,47.14125306106839,0,0
73,0,3R4online,right_hand,EMGg,20,-10759.15642666334,85.42182875013948,0,0
73,0,4R5online,left_hand,EMGd,20,-6302.919565302782,40.62061879306931,0,0
73,0,4R5online,left_hand,EMGg,20,-9442.171637688183,90.28900994280414,0,0
73,0,4R5online,right_hand,EMGd,20,-6785.306169052621,46.2974965171955,0,0
73,0,4R5online,right_hand,EMGg,20,-10148.087085797535,88.63306099774493,0,0
73,0,5R6online,left_hand,EMGd,20,-8637.4888931415,52.10151137617074,0,0
73,0,5R6online,left_hand,EMGg,20,-10743.021048567854,89.57922019852393,0,0
73,0,5R6online,right_hand,EMGd,20,-8304.004620231297,39.15146572065771,0,0
73,0,5R6online,right_hand,EMGg,20,-10310.847914584,93.28761351080784,0,0
74,0,0R1acquisition,left_hand,EMGd,20,-20987.10678638314,89.21033866013606,0,0
74,0,0R1acquisition,left_hand,EMGg,20,-7938.114665257104,222.1487265914576,0,0
74,0,0R1acquisition,right_hand,EMGd,20,-20808.687785095444,91.9157525689833,0,0
74,0,0R1acquisition,right_hand,EMGg,20,-7930.964799125676,226.809901494705,0,0
74,0,1R2acquisition,left_hand,EMGd,20,-16736.073116392516,76.58670706982163,0,0
74,0,1R2acquisition,left_hand,EMGg,20,-4783.07572067511,213.58341681840437,0,0
74,0,1R2acquisition,right_hand,EMGd,20,-16758.600222389527,79.25321991177553,0,0
74,0,1R2acquisition,right_hand,EMGg,20,-4713.492673673616,211.09052488684335,0,0
74,0,2R3online,left_hand,EMGd,20,-20753.900501517317,99.59756352139418,0,0
74,0,2R3online,left_hand,EMGg,20,-8426.142071810198,228.6226318499744,0,0
74,0,2R3online,right_hand,EMGd,20,-20979.458521023756,111.83956002647996,0,0
74,0,2R3online,right_hand,EMGg,20,-8556.93824958678,233.2192572785603,0,0
74,0,3R4online,left_hand,EMGd,20,-20573.001465770416,102.34116389752651,0,0
74,0,3R4online,left_hand,EMGg,20,-8823.888128260112,224.88272504145465,0,0
74,0,3R4online,right_hand,EMGd,20,-20535.26173547943,114.83095060328594,0,0
74,0,3R4online,right_hand,EMGg,20,-8780.243690465515,222.4401387378072,0,0
74,0,4R5online,left_hand,EMGd,20,-18223.723121052,90.23586832266813,0,0
74,0,4R5online,left_hand,EMGg,20,-7689.837572922821,225.6828610213401,0,0
74,0,4R5online,right_hand,EMGd,20,-18186.638524933263,107.57592150846824,0,0
74,0,4R5online,right_hand,EMGg,20,-7788.405999644655,218.04571823891283,0,0
74,0,5R6online,left_hand,EMGd,20,-17867.29437504236,100.33699780391512,0,0
74,0,5R6online,left_hand,EMGg,20,-7295.24506893963,215.29804833332992,0,0
74,0,5R6online,right_hand,EMGd,20,-17852.59789556287,91.9396190492104,0,0
74,0,5R6online,right_hand,EMGg,20,-7187.349354093176,205.63689571320384,0,0
75,0,0R1acquisition,left_hand,EMGd,20,-17429.63290602361,63.92911821277388,0,0
75,0,0R1acquisition,left_hand,EMGg,20,-20404.683023280348,244.04769230392557,0,0
75,0,0R1acquisition,right_hand,EMGd,20,-16622.978215274543,66.27000421068823,0,0
75,0,0R1acquisition,right_hand,EMGg,20,-19636.472015051764,248.6720988429275,0,0
75,0,1R2acquisition,left_hand,EMGd,20,-17228.66441706322,85.18882338066314,0,0
75,0,1R2acquisition,left_hand,EMGg,20,-20265.6385553138,234.42763470093985,0,0
75,0,1R2acquisition,right_hand,EMGd,20,-16804.507852651226,58.81558465509869,0,0
75,0,1R2acquisition,right_hand,EMGg,20,-19811.623308752267,235.87526457249004,0,0
75,0,2R3online,left_hand,EMGd,20,-20615.98581542218,61.929382904856105,0,0
75,0,2R3online,left_hand,EMGg,20,-24251.55551239159,232.83229789218305,0,0
75,0,2R3online,right_hand,EMGd,20,-20577.873030236024,62.237808767148906,0,0
75,0,2R3online,right_hand,EMGg,20,-24042.266698517757,232.4781693768838,0,0
75,0,3R4online,left_hand,EMGd,20,-21832.37810647868,52.04671365080856,0,0
75,0,3R4online,left_hand,EMGg,20,-26308.62027107046,223.64922640848815,0,0
75,0,3R4online,right_hand,EMGd,20,-22347.550888274152,53.09250316865421,0,0
75,0,3R4online,right_hand,EMGg,20,-26933.60348274935,221.28853765557065,0,0
75,0,4R5online,left_hand,EMGd,20,-23748.296456184173,68.63178020892163,0,0
75,0,4R5online,left_hand,EMGg,20,-28315.271170008466,235.56838725700615,0,0
75,0,4R5online,right_hand,EMGd,20,-23527.66359150217,60.44625301005707,0,0
75,0,4R5online,right_hand,EMGg,20,-28147.596922769008,234.9937733356673,0,0
75,0,5R6online,left_hand,EMGd,20,-21995.70793859752,53.00135821100368,0,0
75,0,5R6online,left_hand,EMGg,20,-26523.78698057077,226.4588752115092,0,0
75,0,5R6online,right_hand,EMGd,20,-21992.455317544325,55.69471993150408,0,0
75,0,5R6online,right_hand,EMGg,20,-26501.21197737281,226.06215318777373,0,0
76,0,0R1acquisition,left_hand,EMGd,20,3693.503675260303,119.28629779841012,0,0
76,0,0R1acquisition,left_hand,EMGg,20,121.239683697896,192.4919790882449,0,0
76,0,0R1acquisition,right_hand,EMGd,20,4004.002860126416,79.18071836887952,0,0
76,0,0R1acquisition,right_hand,EMGg,20,359.60665542788985,161.13255451758215,0,0
76,0,1R2acquisition,left_hand,EMGd,20,3392.89032390545,64.80229789649766,0,0
76,0,1R2acquisition,left_hand,EMGg,20,380.0104213223103,159.1668900078651,0,0
76,0,1R2acquisition,right_hand,EMGd,20,3584.0615556330617,78.45188327858759,0,0
76,0,1R2acquisition,right_hand,EMGg,20,464.66491470885865,171.87080110928892,0,0
76,0,2R3online,left_hand,EMGd,20,5591.204403610494,58.88418584814159,0,0
76,0,2R3online,left_hand,EMGg,20,857.8346535440454,154.25167530264207,0,0
76,0,2R3online,right_hand,EMGd,20,5453.02065211439,57.44469573057658,0,0
76,0,2R3online,right_hand,EMGg,20,842.2247712460327,156.30623979001425,0,0
76,0,3R4online,left_hand,EMGd,20,5517.56937130874,65.77901825126348,0,0
76,0,3R4online,left_hand,EMGg,20,1945.160918961389,158.77953920457884,0,0
76,0,3R4online,right_hand,EMGd,20,5491.90458379434,60.767401958455615,0,0
76,0,3R4online,right_hand,EMGg,20,1983.1888255979727,153.76670113407744,0,0
76,0,4R5online,left_hand,EMGd,20,6848.703833277982,58.41662315789712,0,0
76,0,4R5online,left_hand,EMGg,20,2502.6146260382498,150.1008237166089,0,0
76,0,4R5online,right_hand,EMGd,20,6951.903717378316,57.98208131407019,0,0
76,0,4R5online,right_hand,EMGg,20,2545.849588491378,150.26221676267843,0,0
76,0,5R6online,left_hand,EMGd,20,8690.72676597285,58.66161253632246,0,0
76,0,5R6online,left_hand,EMGg,20,3983.89159911558,153.981697753503,0,0
76,0,5R6online,right_hand,EMGd,20,8490.88352390404,57.98694298452957,0,0
76,0,5R6online,right_hand,EMGg,20,3783.100205772093,149.94973452259612,0,0
77,0,0R1acquisition,left_hand,EMGd,20,-6209.112153230289,49.02592382873677,0,0
77,0,0R1acquisition,left_hand,EMGg,20,-18584.00275210339,140.29329023403437,0,0
77,0,0R1acquisition,right_hand,EMGd,20,-5798.668280114616,42.9827065048308,0,0
77,0,0R1acquisition,right_hand,EMGg,20,-18808.791848188725,132.99028793353958,0,0
77,0,1R2acquisition,left_hand,EMGd,20,-7171.284843020416,39.76921437427564,0,0
77,0,1R2acquisition,left_hand,EMGg,20,-19100.88987357707,143.0902779841524,0,0
77,0,1R2acquisition,right_hand,EMGd,20,-6982.956643498032,43.71007427774074,0,0
77,0,1R2acquisition,right_hand,EMGg,20,-18894.36019510483,149.7876035796379,0,0
77,0,2R3online,left_hand,EMGd,20,-10661.515340276872,52.90347068890544,0,0
77,0,2R3online,left_hand,EMGg,20,-17932.310224920227,139.77119873821607,0,0
77,0,2R3online,right_hand,EMGd,20,-10874.50460749871,50.6876463280892,0,0
77,0,2R3online,right_hand,EMGg,20,-18148.81573019194,141.3670771418512,0,0
77,0,3R4online,left_hand,EMGd,20,-6050.81562810385,45.27778353652717,0,0
77,0,3R4online,left_hand,EMGg,20,-13100.38466316485,139.367738591006,0,0
77,0,3R4online,right_hand,EMGd,20,-5792.564540143188,44.67482366938324,0,0
77,0,3R4online,right_hand,EMGg,20,-12767.03384460366,140.58162016330814,0,0
77,0,4R5online,left_hand,EMGd,20,-5412.605085935926,46.78855939688916,0,0
77,0,4R5online,left_hand,EMGg,20,-12295.03677763079,150.690432778192,0,0
77,0,4R5online,right_hand,EMGd,20,-5187.5320273249845,45.56950347182826,0,0
77,0,4R5online,right_hand,EMGg,20,-11689.74456853446,154.97507883689428,0,0
77,0,5R6online,left_hand,EMGd,20,-4190.016746738936,37.585367660869416,0,0
77,0,5R6online,left_hand,EMGg,20,-10313.901577075649,138.5299796580711,0,0
77,0,5R6online,right_hand,EMGd,20,-4159.600983260996,38.66990756528526,0,0
77,0,5R6online,right_hand,EMGg,20,-10264.46050809076,137.08273287867777,0,0
78,0,0R1acquisition,left_hand,EMGd,20,3603.5673303914737,70.53687881454306,0,0
78,0,0R1acquisition,left_hand,EMGg,20,1512.2904511522315,137.25850338881864,0,0
78,0,0R1acquisition,right_hand,EMGd,20,3315.373889284657,53.18671819447112,0,0
78,0,0R1acquisition,right_hand,EMGg,20,1264.380474651901,122.87731432667016,0,0
78,0,1R2acquisition,left_hand,EMGd,20,3686.051904646511,48.04915944144562,0,0
78,0,1R2acquisition,left_hand,EMGg,20,2070.652419463247,119.7259217655048,0,0
78,0,1R2acquisition,right_hand,EMGd,20,2911.236860923715,49.01076963517716,0,0
78,0,1R2acquisition,right_hand,EMGg,20,1271.5425004330732,118.91556889115652,0,0
78,0,2R3online,left_hand,EMGd,20,3480.331897662997,60.86829172979908,0,0
78,0,2R3online,left_hand,EMGg,20,1138.9728244974333,130.52737063527783,0,0
78,0,2R3online,right_hand,EMGd,20,3138.321757276393,59.19141204245674,0,0
78,0,2R3online,right_hand,EMGg,20,785.9064533024118,120.41053176047016,0,0
78,0,3R4online,left_hand,EMGd,20,5195.594837873408,48.49076920567993,0,0
78,0,3R4online,left_hand,EMGg,20,2787.881310740665,110.10772800719516,0,0
78,0,3R4online,right_hand,EMGd,20,5471.125586013567,57.16241175850352,0,0
78,0,3R4online,right_hand,EMGg,20,3047.513187026256,109.28878313163602,0,0
78,0,4R5online,left_hand,EMGd,20,5187.107101673255,63.37848824726007,0,0
78,0,4R5online,left_hand,EMGg,20,2620.552667484781,126.96801050094152,0,0
78,0,4R5online,right_hand,EMGd,20,5211.472095169355,100.47080551382484,0,0
78,0,4R5online,right_hand,EMGg,20,2680.892113139273,206.29312695007,0,0
78,0,5R6online,left_hand,EMGd,20,5599.700432768068,45.557123345260166,0,0
78,0,5R6online,left_hand,EMGg,20,2672.1631089369384,114.43371862492828,0,0
78,0,5R6online,right_hand,EMGd,20,6192.87435485935,54.065800856782936,0,0
78,0,5R6online,right_hand,EMGg,20,3173.3271549239507,121.38283792263375,0,0
79,0,0R1acquisition,left_hand,EMGd,20,-5198.673533292521,42.23361997402704,0,0
79,0,0R1acquisition,left_hand,EMGg,20,-5217.440193045253,98.28555594490132,0,0
79,0,0R1acquisition,right_hand,EMGd,20,-4081.987507286638,48.34438430043417,0,0
79,0,0R1acquisition,right_hand,EMGg,20,-3890.353527312616,102.4788593142894,0,0
79,0,1R2acquisition,left_hand,EMGd,20,575.9253267544908,45.8790343059499,0,0
79,0,1R2acquisition,left_hand,EMGg,20,1498.9017525449112,104.96378307656536,0,0
79,0,1R2acquisition,right_hand,EMGd,20,1328.7131297994542,35.73332347951963,0,0
79,0,1R2acquisition,right_hand,EMGg,20,2046.6545866586948,102.4982979141842,0,0
79,0,2R3online,left_hand,EMGd,20,-839.8996309742813,54.17989240390058,0,0
79,0,2R3online,left_hand,EMGg,20,-880.34870734703,108.2572975399804,0,0
79,0,2R3online,right_hand,EMGd,20,223.9830368160664,42.16854118123962,0,0
79,0,2R3online,right_hand,EMGg,20,389.694796255346,107.04364136108568,0,0
79,0,3R4online,left_hand,EMGd,20,5248.223413752023,43.133533918070746,0,0
79,0,3R4online,left_hand,EMGg,20,4908.100134441364,107.67119780182163,0,0
79,0,3R4online,right_hand,EMGd,20,4784.403550320863,46.03182438131846,0,0
79,0,3R4online,right_hand,EMGg,20,4677.644029915618,107.29205890563858,0,0
79,0,4R5online,left_hand,EMGd,20,6886.543722254313,42.74093336951576,0,0
79,0,4R5online,left_hand,EMGg,20,6319.575791293062,103.80080426271776,0,0
79,0,4R5online,right_hand,EMGd,20,7570.956037497769,40.97452969344784,0,0
79,0,4R5online,right_hand,EMGg,20,6653.258361569053,102.48373847330129,0,0
79,0,5R6online,left_hand,EMGd,20,5159.520651948434,40.383111140916064,0,0
79,0,5R6online,left_hand,EMGg,20,4596.741168008331,108.17761295181649,0,0
79,0,5R6online,right_hand,EMGd,20,5286.93827790597,53.28094383500384,0,0
79,0,5R6online,right_hand,EMGg,20,4698.36827329765,112.4807701881535,0,0
80,0,0R1acquisition,left_hand,EMGd,20,-3398.7027747250977,84.50938744482922,0,0
80,0,0R1acquisition,left_hand,EMGg,20,-4310.927781600298,118.84936054652584,0,0
80,0,0R1acquisition,right_hand,EMGd,20,-3321.6360027747223,83.24359947514087,0,0
80,0,0R1acquisition,right_hand,EMGg,20,-4169.534708950994,122.2090393210682,0,0
80,0,1R2acquisition,left_hand,EMGd,20,-3120.077476723974,69.50216030421332,0,0
80,0,1R2acquisition,left_hand,EMGg,20,-3693.946936837802,120.75989349668008,0,0
80,0,1R2acquisition,right_hand,EMGd,20,-3256.2885537799025,106.66542628125583,0,0
80,0,1R2acquisition,right_hand,EMGg,20,-3763.0256917778665,143.18237266565538,0,0
80,0,2R3online,left_hand,EMGd,20,-2719.7082893948777,124.7956055715495,0,0
80,0,2R3online,left_hand,EMGg,20,-2806.2896732348354,195.44934551802868,0,0
80,0,2R3online,right_hand,EMGd,20,-2801.041620560436,101.15425603396302,0,0
80,0,2R3online,right_hand,EMGg,20,-2858.4133884270386,150.5619539110118,0,0
80,0,3R4online,left_hand,EMGd,20,-1779.9595673821773,47.63015763631565,0,0
80,0,3R4online,left_hand,EMGg,20,-2044.7460745471992,128.2255783821481,0,0
80,0,3R4online,right_hand,EMGd,20,-1797.3500054814815,78.48279776798798,0,0
80,0,3R4online,right_hand,EMGg,20,-2132.437521963432,170.1282202101103,0,0
80,0,4R5online,left_hand,EMGd,20,-1555.1560801309597,43.46158057045922,0,0
80,0,4R5online,left_hand,EMGg,20,-1656.4464964401109,123.65778701643956,0,0
80,0,4R5online,right_hand,EMGd,20,-2007.8198031038569,83.7233849088053,0,0
80,0,4R5online,right_hand,EMGg,20,-2033.00702126057,146.8670858241629,0,0
80,0,5R6online,left_hand,EMGd,20,-1459.260729831053,43.75802821791634,0,0
80,0,5R6online,left_hand,EMGg,20,-1161.207714688162,134.24101482088074,0,0
80,0,5R6online,right_hand,EMGd,20,-1606.0360310812746,51.99174122382031,0,0
80,0,5R6online,right_hand,EMGg,20,-1391.87935295333,130.91369419961666,0,0
81,0,0R1acquisition,left_hand,EMGd,20,-7067.098836571802,35.826791771884515,0,0
81,0,0R1acquisition,left_hand,EMGg,20,-8161.733945270306,134.651446173917,0,0
81,0,0R1acquisition,right_hand,EMGd,20,-7148.756550364187,35.157220138538634,0,0
81,0,0R1acquisition,right_hand,EMGg,20,-8246.376779928647,134.3097090235007,0,0
81,0,1R2acquisition,left_hand,EMGd,20,-5549.1384328445865,35.64745381154762,0,0
81,0,1R2acquisition,left_hand,EMGg,20,-6421.570595110741,136.16784932753166,0,0
81,0,1R2acquisition,right_hand,EMGd,20,-5038.674820321575,30.514538214246407,0,0
81,0,1R2acquisition,right_hand,EMGg,20,-5626.703934514193,135.09946300295263,0,0
81,0,2R3online,left_hand,EMGd,20,-6635.530528277855,35.923271976437924,0,0
81,0,2R3online,left_hand,EMGg,20,-6776.331767727915,117.03925830900494,0,0
81,0,2R3online,right_hand,EMGd,20,-6576.894969811261,37.24310757053587,0,0
81,0,2R3online,right_hand,EMGg,20,-6664.973386695696,119.40551795381884,0,0
81,0,3R4online,left_hand,EMGd,20,-6383.36816256261,31.307267806560752,0,0
81,0,3R4online,left_hand,EMGg,20,-6791.061526378054,126.71005561674647,0,0
81,0,3R4online,right_hand,EMGd,20,-6401.667203453503,29.97254720255803,0,0
81,0,3R4online,right_hand,EMGg,20,-6764.4604495992535,129.30125509292876,0,0
81,0,4R5online,left_hand,EMGd,20,-4186.100861831596,31.136589205395055,0,0
81,0,4R5online,left_hand,EMGg,20,-4251.605118883099,125.3090618166978,0,0
81,0,4R5online,right_hand,EMGd,20,-4136.347349548386,31.94038875299348,0,0
81,0,4R5online,right_hand,EMGg,20,-4267.761047072983,126.9003681134722,0,0
81,0,5R6online,left_hand,EMGd,20,-4296.66404103833,26.491612200125484,0,0
81,0,5R6online,left_hand,EMGg,20,-3476.2070168926243,125.90091307699484,0,0
81,0,5R6online,right_hand,EMGd,20,-4230.753512933694,28.412248937450187,0,0
81,0,5R6online,right_hand,EMGg,20,-3399.94165004022,126.22667847860998,0,0
82,0,0R1acquisition,left_hand,EMGd,20,-9602.910116139155,46.15110462974404,0,0
82,0,0R1acquisition,left_hand,EMGg,20,-4644.434893959901,118.92858469976392,0,0
82,0,0R1acquisition,right_hand,EMGd,20,-9566.188056459108,46.00054550607716,0,0
82,0,0R1acquisition,right_hand,EMGg,20,-4618.082123914195,119.93861679369712,0,0
82,0,1R2acquisition,left_hand,EMGd,20,-10373.320951400305,43.91644034070016,0,0
82,0,1R2acquisition,left_hand,EMGg,20,-5490.408665825964,124.38543188845244,0,0
82,0,1R2acquisition,right_hand,EMGd,20,-10333.67681666285,43.214835345881305,0,0
82,0,1R2acquisition,right_hand,EMGg,20,-5447.946029829631,124.77128140817288,0,0
82,0,2R3online,left_hand,EMGd,20,-12574.913542297354,38.689812806173975,0,0
82,0,2R3online,left_hand,EMGg,20,-8221.235232898356,127.74194702233422,0,0
82,0,2R3online,right_hand,EMGd,20,-12687.106139973976,38.13553418481703,0,0
82,0,2R3online,right_hand,EMGg,20,-8421.469259056534,128.94621012198945,0,0
82,0,3R4online,left_hand,EMGd,20,-13630.67439830638,43.93735387371691,0,0
82,0,3R4online,left_hand,EMGg,20,-8905.22324239773,133.19930934120583,0,0
82,0,3R4online,right_hand,EMGd,20,-13600.379133764694,43.210503606996895,0,0
82,0,3R4online,right_hand,EMGg,20,-8857.257412752766,131.4829966115256,0,0
82,0,4R5online,left_hand,EMGd,20,-14262.555110388008,46.78216013210103,0,0
82,0,4R5online,left_hand,EMGg,20,-9763.948038128892,126.02193390830318,0,0
82,0,4R5online,right_hand,EMGd,20,-14165.418668315917,53.27162465685848,0,0
82,0,4R5online,right_hand,EMGg,20,-9682.607213480756,139.08540774880652,0,0
82,0,5R6online,left_hand,EMGd,20,-14687.734125169178,50.49241998941093,0,0
82,0,5R6online,left_hand,EMGg,20,-10046.639707480655,130.60186950176305,0,0
82,0,5R6online,right_hand,EMGd,20,-14681.93836295059,49.12499488606701,0,0
82,0,5R6online,right_hand,EMGg,20,-10033.724408995087,130.5717326864734,0,0
83,0,0R1acquisition,left_hand,EMGd,20,-1692.1684483102822,86.28011870396726,0,0
83,0,0R1acquisition,left_hand,EMGg,20,-765.1913485546808,119.86382023512354,0,0
83,0,0R1acquisition,right_hand,EMGd,20,-946.1781765921484,74.83964044536847,0,0
83,0,0R1acquisition,right_hand,EMGg,20,-426.4748035806382,118.37404611319948,0,0
83,0,1R2acquisition,left_hand,EMGd,20,2164.485165792289,82.36414054989754,0,0
83,0,1R2acquisition,left_hand,EMGg,20,1776.454539178477,123.51598992652583,0,0
83,0,1R2acquisition,right_hand,EMGd,20,2069.1323944420587,83.85749124190318,0,0
83,0,1R2acquisition,right_hand,EMGg,20,1700.180549386379,124.46238768367296,0,0
83,0,2R3online,left_hand,EMGd,20,3760.650924912903,77.36167210639519,0,0
83,0,2R3online,left_hand,EMGg,20,3172.854031774508,123.1695689895922,0,0
83,0,2R3online,right_hand,EMGd,20,3793.237081360335,80.26058391594051,0,0
83,0,2R3online,right_hand,EMGg,20,3202.2291658497847,124.32486360358476,0,0
83,0,3R4online,left_hand,EMGd,20,4177.5026293004175,71.02687400272126,0,0
83,0,3R4online,left_hand,EMGg,20,3403.068231333987,119.15367193410005,0,0
83,0,3R4online,right_hand,EMGd,20,4210.436469079721,76.18212232311816,0,0
83,0,3R4online,right_hand,EMGg,20,3413.1925113825,119.25900855326284,0,0
83,0,4R5online,left_hand,EMGd,20,4539.278814494223,74.92990531840823,0,0
83,0,4R5online,left_hand,EMGg,20,3525.572986491282,122.45456638274352,0,0
83,0,4R5online,right_hand,EMGd,20,4509.714152017867,74.29178038644575,0,0
83,0,4R5online,right_hand,EMGg,20,3479.8879314831293,121.41996823337338,0,0
83,0,5R6online,left_hand,EMGd,20,4231.740841314281,73.36966031228215,0,0
83,0,5R6online,left_hand,EMGg,20,3055.832655437943,117.804801275287,0,0
83,0,5R6online,right_hand,EMGd,20,4232.574540084811,73.28421009941505,0,0
83,0,5R6online,right_hand,EMGg,20,3067.015081818679,117.791323006431,0,0
84,0,0R1acquisition,left_hand,EMGd,20,-6451.136356086105,36.81893701974678,0,0
84,0,0R1acquisition,left_hand,EMGg,20,-1068.8009738177343,134.19147081691102,0,0
84,0,0R1acquisition,right_hand,EMGd,20,-6441.048458686836,38.353923838489656,0,0
84,0,0R1acquisition,right_hand,EMGg,20,-928.1126545177634,135.63415945844238,0,0
84,0,1R2acquisition,left_hand,EMGd,20,-6459.951027560304,40.76133369210349,0,0
84,0,1R2acquisition,left_hand,EMGg,20,-2140.6856163366315,132.0731644826081,0,0
84,0,1R2acquisition,right_hand,EMGd,20,-6507.300251118906,40.33818528154465,0,0
84,0,1R2acquisition,right_hand,EMGg,20,-2236.949515982917,129.3001501459931,0,0
84,0,2R3online,left_hand,EMGd,20,-7460.245715033992,37.271347401068326,0,0
84,0,2R3online,left_hand,EMGg,20,-4049.9167096893207,134.4012853688095,0,0
84,0,2R3online,right_hand,EMGd,20,-7396.743751688106,37.43118699729131,0,0
84,0,2R3online,right_hand,EMGg,20,-3991.0413806660326,133.46310842128557,0,0
84,0,3R4online,left_hand,EMGd,20,-8039.708558776894,43.28524448708036,0,0
84,0,3R4online,left_hand,EMGg,20,-5324.505796763727,139.67993903978584,0,0
84,0,3R4online,right_hand,EMGd,20,-8024.352084184138,43.915087907804136,0,0
84,0,3R4online,right_hand,EMGg,20,-5323.503869884264,139.5503351498012,0,0
84,0,4R5online,left_hand,EMGd,20,-8702.195837721036,62.97795416802789,0,0
84,0,4R5online,left_hand,EMGg,20,-6371.06336833941,119.06233696606972,0,0
84,0,4R5online,right_hand,EMGd,20,-8724.385702924514,51.674338732322006,0,0
84,0,4R5online,right_hand,EMGg,20,-6403.397875056432,119.44465843448675,0,0
84,0,5R6online,left_hand,EMGd,20,-9420.867691783857,42.9241068904442,0,0
84,0,5R6online,left_hand,EMGg,20,-7532.269943931776,136.52321176284954,0,0
84,0,5R6online,right_hand,EMGd,20,-9395.019970968224,43.26568682776774,0,0
84,0,5R6online,right_hand,EMGg,20,-7517.007203266536,138.94183405708722,0,0
85,0,0R1acquisition,left_hand,EMGd,20,-9825.250400263,61.40710524924853,0,0
85,0,0R1acquisition,left_hand,EMGg,20,-14596.846052889863,167.78204922385504,0,0
85,0,0R1acquisition,right_hand,EMGd,20,-10268.661023729244,63.35897131716398,0,0
85,0,0R1acquisition,right_hand,EMGg,20,-15076.59975609126,172.09534370732823,0,0
85,0,1R2acquisition,left_hand,EMGd,20,-12384.674846436325,67.9809639608316,0,0
85,0,1R2acquisition,left_hand,EMGg,20,-16459.377306186914,173.67840330763758,0,0
85,0,1R2acquisition,right_hand,EMGd,20,-12809.648627263268,72.13460387598101,0,0
85,0,1R2acquisition,right_hand,EMGg,20,-16856.53408827709,176.09365505438765,0,0
85,0,2R3online,left_hand,EMGd,20,-7263.47544691012,57.78627291522442,0,0
85,0,2R3online,left_hand,EMGg,20,-12677.044199843234,183.05061483736893,0,0
85,0,2R3online,right_hand,EMGd,20,-7294.338062779435,57.84000572097648,0,0
85,0,2R3online,right_hand,EMGg,20,-12712.171077844134,181.2821948861785,0,0
85,0,3R4online,left_hand,EMGd,20,-8084.775791167876,66.8460273927669,0,0
85,0,3R4online,left_hand,EMGg,20,-13527.253078602827,191.11875223142215,0,0
85,0,3R4online,right_hand,EMGd,20,-7612.324424354521,64.73126673682648,0,0
85,0,3R4online,right_hand,EMGg,20,-13013.033061026495,190.38409493051228,0,0
85,0,4R5online,left_hand,EMGd,20,-10607.90266351343,90.84861058648626,0,0
85,0,4R5online,left_hand,EMGg,20,-15766.326669724624,196.9136237770371,0,0
85,0,4R5online,right_hand,EMGd,20,-9337.594403202072,83.00890061176881,0,0
85,0,4R5online,right_hand,EMGg,20,-14809.958685994876,197.0812363379185,0,0
85,0,5R6online,left_hand,EMGd,20,-12070.435125516233,63.0196785297292,0,0
85,0,5R6online,left_hand,EMGg,20,-16300.795314782004,164.24531135482553,0,0
85,0,5R6online,right_hand,EMGd,20,-12285.343955443795,55.57505318451828,0,0
85,0,5R6online,right_hand,EMGg,20,-16410.631040232143,163.17444048304515,0,0
86,0,0R1acquisition,left_hand,EMGd,20,-3608.267866744266,42.0580057412394,0,0
86,0,0R1acquisition,left_hand,EMGg,20,-5213.354640765337,92.09488017152566,0,0
86,0,0R1acquisition,right_hand,EMGd,20,-3301.546699653137,47.102117452201966,0,0
86,0,0R1acquisition,right_hand,EMGg,20,-4966.620263305878,98.727379450274,0,0
86,0,1R2acquisition,left_hand,EMGd,20,-6338.523986505681,34.49146132737421,0,0
86,0,1R2acquisition,left_hand,EMGg,20,-7222.658652703106,92.64318378916792,0,0
86,0,1R2acquisition,right_hand,EMGd,20,-6274.946477991392,33.29296747331729,0,0
86,0,1R2acquisition,right_hand,EMGg,20,-7098.060100538193,94.61126231797752,0,0
86,0,2R3online,left_hand,EMGd,20,-8365.492838070368,33.305011256990454,0,0
86,0,2R3online,left_hand,EMGg,20,-9679.681170731015,92.4483780553392,0,0
86,0,2R3online,right_hand,EMGd,20,-8474.738576990183,33.50250101776419,0,0
86,0,2R3online,right_hand,EMGg,20,-9801.900213322831,90.82774736488425,0,0
86,0,3R4online,left_hand,EMGd,20,-9610.4769298288,35.27060017159356,0,0
86,0,3R4online,left_hand,EMGg,20,-10941.483731988774,80.24185222395447,0,0
86,0,3R4online,right_hand,EMGd,20,-9533.4137592227,33.429815210347684,0,0
86,0,3R4online,right_hand,EMGg,20,-10836.405497871145,80.03402388261291,0,0
86,0,4R5online,left_hand,EMGd,20,-10803.998868653873,45.03104930518488,0,0
86,0,4R5online,left_hand,EMGg,20,-12632.168295099576,102.54885390317511,0,0
86,0,4R5online,right_hand,EMGd,20,-10694.268353400375,37.64210541703213,0,0
86,0,4R5online,right_hand,EMGg,20,-12552.26687559127,81.74120280746642,0,0
86,0,5R6online,left_hand,EMGd,20,-12508.330171230607,36.23652929515379,0,0
86,0,5R6online,left_hand,EMGg,20,-13811.146873636875,99.11540812840325,0,0
86,0,5R6online,right_hand,EMGd,20,-12518.50812942062,42.17310798694105,0,0
86,0,5R6online,right_hand,EMGg,20,-13790.390597488638,112.13702772990412,0,0
87,0,0R1acquisition,left_hand,EMGd,20,-12564.187353615229,32.08309710146001,0,0
87,0,0R1acquisition,left_hand,EMGg,20,-14548.945852183988,142.563207201218,0,0
87,0,0R1acquisition,right_hand,EMGd,20,-12449.340767383836,35.54314280486654,0,0
87,0,0R1acquisition,right_hand,EMGg,20,-14232.46153675853,156.49350920255813,0,0
87,0,1R2acquisition,left_hand,EMGd,20,-12126.500721385237,40.33671622214623,0,0
87,0,1R2acquisition,left_hand,EMGg,20,-14272.057505030796,184.14256188860992,0,0
87,0,1R2acquisition,right_hand,EMGd,20,-11424.426412118592,38.039584177303865,0,0
87,0,1R2acquisition,right_hand,EMGg,20,-11999.1002991712,145.44529587512503,0,0
87,0,2R3online,left_hand,EMGd,20,-12033.569554962663,38.05538474467374,0,0
87,0,2R3online,left_hand,EMGg,20,-12759.991308284374,133.45584383411853,0,0
87,0,2R3online,right_hand,EMGd,20,-12077.926147847244,47.38337941905768,0,0
87,0,2R3online,right_hand,EMGg,20,-12810.637657916484,152.72786435767742,0,0
87,0,3R4online,left_hand,EMGd,20,-12734.256972616884,35.441598911423846,0,0
87,0,3R4online,left_hand,EMGg,20,-11350.095045411112,137.24814596790648,0,0
87,0,3R4online,right_hand,EMGd,20,-13214.367135086415,42.401120983368216,0,0
87,0,3R4online,right_hand,EMGg,20,-12084.946484116452,152.9669581072247,0,0
87,0,4R5online,left_hand,EMGd,20,-12336.280972432263,33.72414127103873,0,0
87,0,4R5online,left_hand,EMGg,20,-10105.561694243212,133.94068518231262,0,0
87,0,4R5online,right_hand,EMGd,20,-12294.243510850876,37.31758512831945,0,0
87,0,4R5online,right_hand,EMGg,20,-10296.032956680308,134.5102525798321,0,0
87,0,5R6online,left_hand,EMGd,20,-14163.03588753138,61.63631047768784,0,0
87,0,5R6online,left_hand,EMGg,20,-13141.902705593156,154.50478053978028,0,0
87,0,5R6online,right_hand,EMGd,20,-14271.358244992982,43.24008313639162,0,0
87,0,5R6online,right_hand,EMGg,20,-12168.566720030833,158.11990724307097,0,0
